Fecha,Ciudad,Campaña,Categoría,Producto,Talla,Color,Unidades_Vendidas,Precio_Unitario,Ingresos,Devolución
2025-01-10,Bilbao,Rebajas,Chaquetas,Anorak,44,Gris,3,120,360,Sí
2025-01-26,Donostia,Publicidad,Chaquetas,Anorak,XL,Negro,1,120,120,No
2025-01-23,Donostia,Rebajas,Chaquetas,Plumífero,40,Rojo,1,150,150,No
2025-01-27,Pamplona,Publicidad,Sportwear,Térmica,42,Gris,1,55,55,Sí
2025-01-01,Bilbao,Publicidad,Calzado,Zapatillas,42,Azul,2,75,150,Sí
2025-01-02,Pamplona,Rebajas,Sportwear,Térmica,S,Blanco,3,55,165,Sí
2025-01-10,Donostia,Publicidad,Jerseys,Chaqueta de Lana,40,Rojo,2,130,260,Sí
2025-01-01,Vitoria,Rebajas,Sportwear,Camisetas,44,Gris,3,30,90,Sí
2025-01-27,Vitoria,Rebajas,Chaquetas,Anorak,44,Azul,4,120,480,No
2025-01-23,Donostia,Publicidad,Calzado,Botas,42,Negro,4,110,440,Sí
2025-01-09,Bilbao,Rebajas,Calzado,Sandalias,M,Gris,4,40,160,No
2025-01-02,Pamplona,Publicidad,Jerseys,Forro Polar,M,Rojo,1,80,80,Sí
2025-01-23,Vitoria,Rebajas,Jerseys,Forro Polar,S,Azul,2,80,160,No
2025-01-05,Vitoria,Rebajas,Sportwear,Camisetas,XL,Rojo,1,30,30,Sí
2025-01-15,Bilbao,Rebajas,Chaquetas,Anorak,XL,Blanco,1,120,120,No
2025-01-02,Donostia,Rebajas,Calzado,Botas,XL,Gris,4,110,440,Sí
2025-01-06,Donostia,Publicidad,Calzado,Zapatillas,38,Azul,4,75,300,Sí
2025-01-26,Bilbao,Publicidad,Calzado,Sandalias,XL,Negro,2,40,80,Sí
2025-01-23,Pamplona,Publicidad,Calzado,Botas,M,Rojo,4,110,440,Sí
2025-01-13,Bilbao,Publicidad,Jerseys,Forro Polar,M,Verde,2,80,160,Sí
2025-01-20,Pamplona,Publicidad,Calzado,Sandalias,40,Gris,1,40,40,Sí
2025-01-24,Donostia,Publicidad,Sportwear,Camisetas,40,Negro,3,30,90,Sí
2025-01-11,Pamplona,Publicidad,Calzado,Sandalias,38,Verde,2,40,80,Sí
2025-01-19,Bilbao,Publicidad,Sportwear,Mallas,L,Rojo,1,45,45,No
2025-01-27,Vitoria,Rebajas,Pantalones,Montaña,S,Gris,3,90,270,Sí
2025-01-14,Donostia,Rebajas,Jerseys,Forro Polar,40,Rojo,2,80,160,Sí
2025-01-20,Bilbao,Rebajas,Calzado,Zapatillas,XL,Azul,2,75,150,Sí
2025-01-17,Bilbao,Rebajas,Jerseys,Forro Polar,XL,Verde,4,80,320,No
2025-01-05,Vitoria,Rebajas,Jerseys,Forro Polar,L,Azul,5,80,400,No
2025-01-13,Donostia,Publicidad,Calzado,Sandalias,40,Gris,5,40,200,Sí
2025-01-23,Donostia,Publicidad,Pantalones,Chándal,40,Gris,5,60,300,Sí
2025-01-17,Bilbao,Rebajas,Pantalones,Montaña,L,Azul,3,90,270,No
2025-01-24,Vitoria,Rebajas,Sportwear,Mallas,40,Verde,2,45,90,No
2025-01-07,Bilbao,Rebajas,Calzado,Sandalias,S,Verde,5,40,200,No
2025-01-20,Bilbao,Rebajas,Chaquetas,Plumífero,L,Negro,2,150,300,Sí
2025-01-25,Bilbao,Rebajas,Pantalones,Montaña,40,Rojo,4,90,360,No
2025-01-27,Donostia,Rebajas,Sportwear,Camisetas,S,Blanco,5,30,150,No
2025-01-27,Bilbao,Publicidad,Calzado,Botas,XL,Gris,5,110,550,Sí
2025-01-09,Vitoria,Rebajas,Calzado,Botas,XL,Blanco,2,110,220,No
2025-01-22,Vitoria,Rebajas,Sportwear,Camisetas,42,Gris,2,30,60,No
2025-01-15,Bilbao,Publicidad,Calzado,Botas,42,Gris,4,110,440,No
2025-01-04,Vitoria,Publicidad,Jerseys,Forro Polar,40,Rojo,1,80,80,Sí
2025-01-25,Pamplona,Rebajas,Chaquetas,Anorak,42,Verde,5,120,600,Sí
2025-01-22,Vitoria,Rebajas,Chaquetas,Anorak,42,Rojo,1,120,120,No
2025-01-14,Donostia,Rebajas,Pantalones,Chándal,44,Gris,2,60,120,Sí
2025-01-10,Vitoria,Publicidad,Jerseys,Chaqueta de Lana,44,Blanco,1,130,130,No
2025-01-20,Donostia,Rebajas,Chaquetas,Plumífero,M,Rojo,4,150,600,Sí
2025-01-04,Bilbao,Publicidad,Calzado,Botas,38,Azul,4,110,440,No
2025-01-16,Bilbao,Rebajas,Calzado,Sandalias,38,Blanco,5,40,200,Sí
2025-01-12,Vitoria,Publicidad,Pantalones,Montaña,40,Verde,1,90,90,Sí
2025-01-19,Bilbao,Publicidad,Chaquetas,Anorak,S,Blanco,3,120,360,No
2025-01-10,Pamplona,Publicidad,Jerseys,Chaqueta de Lana,L,Verde,5,130,650,Sí
2025-01-07,Donostia,Rebajas,Pantalones,Montaña,S,Gris,3,90,270,Sí
2025-01-26,Bilbao,Publicidad,Calzado,Botas,L,Gris,3,110,330,No
2025-01-05,Bilbao,Rebajas,Jerseys,Chaqueta de Lana,XL,Negro,2,130,260,Sí
2025-01-15,Donostia,Rebajas,Chaquetas,Anorak,38,Verde,4,120,480,No
2025-01-01,Bilbao,Rebajas,Pantalones,Chándal,42,Verde,2,60,120,Sí
2025-01-28,Pamplona,Publicidad,Sportwear,Térmica,42,Negro,2,55,110,No
2025-01-21,Bilbao,Publicidad,Sportwear,Térmica,42,Azul,1,55,55,No
2025-01-22,Donostia,Publicidad,Jerseys,Chaqueta de Lana,L,Blanco,4,130,520,No
2025-01-04,Pamplona,Rebajas,Sportwear,Camisetas,S,Azul,3,30,90,Sí
2025-01-26,Vitoria,Publicidad,Chaquetas,Anorak,M,Gris,2,120,240,Sí
2025-01-03,Donostia,Publicidad,Sportwear,Térmica,L,Negro,3,55,165,Sí
2025-01-24,Donostia,Rebajas,Chaquetas,Anorak,L,Blanco,4,120,480,No
2025-01-09,Donostia,Publicidad,Calzado,Zapatillas,44,Azul,4,75,300,No
2025-01-08,Pamplona,Rebajas,Jerseys,Chaqueta de Lana,M,Azul,5,130,650,Sí
2025-01-05,Donostia,Rebajas,Sportwear,Térmica,42,Blanco,3,55,165,Sí
2025-01-13,Vitoria,Publicidad,Pantalones,Montaña,L,Blanco,2,90,180,Sí
2025-01-20,Vitoria,Rebajas,Jerseys,Chaqueta de Lana,40,Gris,3,130,390,Sí
2025-01-03,Donostia,Rebajas,Calzado,Zapatillas,S,Blanco,3,75,225,Sí
2025-01-03,Donostia,Rebajas,Chaquetas,Plumífero,S,Blanco,5,150,750,Sí
2025-01-12,Bilbao,Publicidad,Chaquetas,Plumífero,XL,Negro,1,150,150,No
2025-01-12,Donostia,Rebajas,Sportwear,Térmica,S,Verde,1,55,55,Sí
2025-01-27,Donostia,Publicidad,Calzado,Botas,L,Blanco,2,110,220,No
2025-01-12,Vitoria,Publicidad,Calzado,Sandalias,38,Azul,4,40,160,No
2025-01-04,Donostia,Rebajas,Calzado,Botas,38,Gris,5,110,550,Sí
2025-01-26,Vitoria,Publicidad,Sportwear,Camisetas,40,Gris,5,30,150,No
2025-01-17,Pamplona,Rebajas,Pantalones,Chándal,M,Verde,3,60,180,No
2025-01-07,Donostia,Rebajas,Jerseys,Chaqueta de Lana,42,Verde,4,130,520,No
2025-01-05,Donostia,Publicidad,Jerseys,Forro Polar,44,Blanco,3,80,240,Sí
2025-01-15,Vitoria,Rebajas,Pantalones,Montaña,38,Rojo,1,90,90,Sí
2025-01-06,Vitoria,Publicidad,Jerseys,Forro Polar,42,Verde,5,80,400,No
2025-01-25,Bilbao,Rebajas,Chaquetas,Anorak,S,Negro,5,120,600,No
2025-01-05,Donostia,Rebajas,Chaquetas,Plumífero,XL,Negro,5,150,750,Sí
2025-01-16,Bilbao,Rebajas,Calzado,Sandalias,42,Blanco,1,40,40,No
2025-01-03,Vitoria,Publicidad,Pantalones,Montaña,S,Negro,4,90,360,Sí
2025-01-18,Vitoria,Rebajas,Sportwear,Térmica,42,Blanco,5,55,275,Sí
2025-01-11,Bilbao,Rebajas,Chaquetas,Plumífero,38,Negro,3,150,450,No
2025-01-14,Bilbao,Rebajas,Sportwear,Mallas,42,Verde,3,45,135,Sí
2025-01-13,Pamplona,Publicidad,Chaquetas,Anorak,L,Azul,4,120,480,No
2025-01-21,Vitoria,Publicidad,Sportwear,Térmica,XL,Gris,4,55,220,Sí
2025-01-16,Bilbao,Rebajas,Calzado,Botas,M,Verde,4,110,440,No
2025-01-05,Donostia,Rebajas,Calzado,Botas,44,Rojo,4,110,440,No
2025-01-02,Donostia,Rebajas,Chaquetas,Anorak,38,Gris,4,120,480,Sí
2025-01-26,Vitoria,Publicidad,Chaquetas,Plumífero,L,Negro,3,150,450,Sí
2025-01-26,Bilbao,Publicidad,Sportwear,Camisetas,S,Negro,5,30,150,Sí
2025-01-26,Bilbao,Publicidad,Calzado,Botas,44,Verde,5,110,550,No
2025-01-11,Bilbao,Publicidad,Chaquetas,Anorak,42,Blanco,3,120,360,Sí
2025-01-22,Donostia,Publicidad,Calzado,Sandalias,S,Verde,4,40,160,No
2025-01-19,Vitoria,Publicidad,Chaquetas,Anorak,40,Negro,1,120,120,Sí
2025-01-18,Donostia,Publicidad,Jerseys,Chaqueta de Lana,L,Negro,1,130,130,No
2025-01-10,Bilbao,Rebajas,Calzado,Zapatillas,S,Negro,4,75,300,No
2025-01-18,Bilbao,Publicidad,Jerseys,Forro Polar,38,Azul,4,80,320,Sí
2025-01-08,Bilbao,Publicidad,Jerseys,Forro Polar,42,Azul,5,80,400,Sí
2025-01-08,Donostia,Publicidad,Sportwear,Camisetas,XL,Blanco,2,30,60,Sí
2025-01-10,Vitoria,Publicidad,Sportwear,Mallas,S,Verde,1,45,45,Sí
2025-01-21,Pamplona,Publicidad,Pantalones,Montaña,40,Blanco,2,90,180,No
2025-01-06,Donostia,Rebajas,Jerseys,Forro Polar,40,Rojo,3,80,240,No
2025-01-12,Vitoria,Rebajas,Sportwear,Mallas,44,Blanco,1,45,45,No
2025-01-24,Bilbao,Publicidad,Pantalones,Chándal,44,Verde,5,60,300,No
2025-01-27,Vitoria,Publicidad,Chaquetas,Plumífero,40,Gris,2,150,300,Sí
2025-01-16,Donostia,Publicidad,Pantalones,Montaña,38,Rojo,3,90,270,No
2025-01-15,Donostia,Publicidad,Chaquetas,Plumífero,44,Verde,2,150,300,No
2025-01-13,Vitoria,Rebajas,Calzado,Sandalias,44,Verde,2,40,80,No
2025-01-07,Pamplona,Rebajas,Sportwear,Mallas,42,Blanco,2,45,90,No
2025-01-03,Bilbao,Rebajas,Pantalones,Chándal,44,Rojo,3,60,180,No
2025-01-16,Vitoria,Rebajas,Jerseys,Chaqueta de Lana,XL,Azul,3,130,390,Sí
2025-01-08,Pamplona,Publicidad,Sportwear,Camisetas,XL,Azul,3,30,90,Sí
2025-01-09,Bilbao,Publicidad,Jerseys,Chaqueta de Lana,L,Rojo,4,130,520,No
2025-01-04,Vitoria,Rebajas,Sportwear,Térmica,40,Gris,4,55,220,No
2025-01-07,Bilbao,Publicidad,Sportwear,Mallas,40,Rojo,2,45,90,No
2025-01-18,Bilbao,Rebajas,Sportwear,Térmica,42,Blanco,5,55,275,No
2025-01-02,Bilbao,Rebajas,Jerseys,Chaqueta de Lana,M,Verde,4,130,520,No
2025-01-06,Vitoria,Rebajas,Calzado,Botas,S,Negro,4,110,440,No
2025-01-20,Donostia,Publicidad,Calzado,Zapatillas,38,Azul,3,75,225,No
2025-01-11,Vitoria,Publicidad,Chaquetas,Plumífero,M,Verde,5,150,750,No
2025-01-08,Bilbao,Publicidad,Chaquetas,Plumífero,S,Verde,4,150,600,Sí
2025-01-15,Vitoria,Publicidad,Calzado,Sandalias,M,Verde,4,40,160,No
2025-01-14,Pamplona,Rebajas,Sportwear,Térmica,40,Negro,1,55,55,Sí
2025-01-02,Bilbao,Rebajas,Calzado,Sandalias,42,Negro,2,40,80,Sí
2025-01-27,Donostia,Rebajas,Calzado,Zapatillas,M,Azul,2,75,150,No
2025-01-01,Pamplona,Publicidad,Calzado,Sandalias,42,Gris,1,40,40,No
2025-01-25,Donostia,Rebajas,Chaquetas,Plumífero,M,Azul,5,150,750,No
2025-01-20,Donostia,Rebajas,Calzado,Zapatillas,L,Blanco,2,75,150,No
2025-01-27,Pamplona,Rebajas,Pantalones,Chándal,38,Rojo,5,60,300,No
2025-01-11,Bilbao,Publicidad,Sportwear,Camisetas,40,Azul,4,30,120,Sí
2025-01-21,Pamplona,Publicidad,Sportwear,Camisetas,38,Verde,3,30,90,No
2025-01-26,Bilbao,Publicidad,Sportwear,Camisetas,44,Gris,5,30,150,Sí
2025-01-12,Vitoria,Publicidad,Sportwear,Camisetas,M,Gris,2,30,60,Sí
2025-01-11,Bilbao,Publicidad,Pantalones,Chándal,44,Azul,2,60,120,Sí
2025-01-20,Donostia,Publicidad,Sportwear,Térmica,42,Blanco,3,55,165,Sí
2025-01-05,Vitoria,Rebajas,Calzado,Zapatillas,42,Blanco,1,75,75,No
2025-01-12,Bilbao,Publicidad,Pantalones,Chándal,38,Negro,3,60,180,Sí
2025-01-26,Donostia,Publicidad,Chaquetas,Anorak,XL,Gris,4,120,480,Sí
2025-01-01,Vitoria,Rebajas,Chaquetas,Anorak,M,Gris,1,120,120,Sí
2025-01-11,Bilbao,Publicidad,Chaquetas,Plumífero,XL,Verde,3,150,450,No
2025-01-02,Donostia,Publicidad,Sportwear,Mallas,M,Negro,2,45,90,No
2025-01-05,Pamplona,Publicidad,Chaquetas,Anorak,S,Rojo,4,120,480,No
2025-01-26,Bilbao,Publicidad,Jerseys,Forro Polar,44,Blanco,4,80,320,No
2025-01-18,Pamplona,Publicidad,Pantalones,Chándal,L,Gris,5,60,300,No
2025-01-01,Pamplona,Publicidad,Calzado,Sandalias,42,Azul,2,40,80,No
2025-01-19,Pamplona,Rebajas,Chaquetas,Plumífero,L,Verde,1,150,150,No
2025-01-09,Donostia,Rebajas,Calzado,Zapatillas,42,Gris,5,75,375,Sí
2025-01-03,Donostia,Publicidad,Calzado,Sandalias,M,Rojo,3,40,120,No
2025-01-07,Vitoria,Rebajas,Calzado,Zapatillas,40,Negro,4,75,300,Sí
2025-01-04,Pamplona,Rebajas,Sportwear,Mallas,S,Rojo,2,45,90,Sí
2025-01-13,Vitoria,Publicidad,Jerseys,Forro Polar,M,Rojo,4,80,320,No
2025-01-18,Vitoria,Rebajas,Calzado,Zapatillas,XL,Rojo,2,75,150,No
2025-01-03,Vitoria,Publicidad,Chaquetas,Plumífero,38,Gris,5,150,750,Sí
2025-01-17,Vitoria,Publicidad,Chaquetas,Plumífero,42,Verde,1,150,150,Sí
2025-01-15,Bilbao,Publicidad,Pantalones,Chándal,M,Rojo,4,60,240,Sí
2025-01-19,Pamplona,Publicidad,Jerseys,Forro Polar,38,Verde,5,80,400,Sí
2025-01-23,Bilbao,Publicidad,Pantalones,Chándal,38,Blanco,2,60,120,No
2025-01-17,Pamplona,Rebajas,Calzado,Sandalias,38,Verde,3,40,120,No
2025-01-25,Vitoria,Publicidad,Pantalones,Chándal,S,Verde,4,60,240,No
2025-01-24,Donostia,Rebajas,Calzado,Zapatillas,40,Rojo,4,75,300,No
2025-01-25,Donostia,Publicidad,Calzado,Sandalias,S,Rojo,3,40,120,Sí
2025-01-03,Donostia,Publicidad,Sportwear,Mallas,44,Blanco,4,45,180,No
2025-01-10,Pamplona,Rebajas,Sportwear,Mallas,40,Rojo,2,45,90,Sí
2025-01-01,Pamplona,Rebajas,Sportwear,Térmica,M,Blanco,3,55,165,Sí
2025-01-12,Bilbao,Rebajas,Jerseys,Forro Polar,S,Negro,3,80,240,No
2025-01-16,Donostia,Publicidad,Jerseys,Forro Polar,42,Verde,3,80,240,Sí
2025-01-10,Bilbao,Rebajas,Calzado,Sandalias,42,Gris,1,40,40,No
2025-01-24,Vitoria,Rebajas,Pantalones,Montaña,38,Verde,1,90,90,Sí
2025-01-14,Pamplona,Rebajas,Calzado,Sandalias,40,Gris,4,40,160,No
2025-01-05,Bilbao,Rebajas,Chaquetas,Anorak,S,Azul,3,120,360,No
2025-01-07,Bilbao,Rebajas,Jerseys,Forro Polar,40,Blanco,4,80,320,Sí
2025-01-07,Bilbao,Rebajas,Pantalones,Montaña,S,Azul,5,90,450,No
2025-01-04,Pamplona,Rebajas,Jerseys,Chaqueta de Lana,S,Blanco,4,130,520,Sí
2025-01-03,Donostia,Rebajas,Calzado,Sandalias,XL,Blanco,4,40,160,Sí
2025-01-21,Donostia,Rebajas,Calzado,Botas,XL,Blanco,5,110,550,No
2025-01-20,Donostia,Rebajas,Chaquetas,Plumífero,44,Gris,1,150,150,Sí
2025-01-10,Pamplona,Publicidad,Sportwear,Camisetas,L,Negro,4,30,120,Sí
2025-01-02,Bilbao,Rebajas,Chaquetas,Anorak,L,Gris,5,120,600,Sí
2025-01-22,Donostia,Publicidad,Sportwear,Térmica,M,Blanco,2,55,110,No
2025-01-17,Pamplona,Rebajas,Chaquetas,Anorak,S,Azul,2,120,240,Sí
2025-01-24,Pamplona,Publicidad,Calzado,Sandalias,38,Negro,5,40,200,Sí
2025-01-25,Donostia,Rebajas,Calzado,Sandalias,L,Blanco,3,40,120,No
2025-01-28,Vitoria,Rebajas,Calzado,Sandalias,42,Negro,4,40,160,Sí
2025-01-13,Bilbao,Publicidad,Calzado,Sandalias,44,Azul,1,40,40,No
2025-01-22,Bilbao,Publicidad,Chaquetas,Anorak,40,Rojo,1,120,120,Sí
2025-01-13,Donostia,Rebajas,Calzado,Sandalias,XL,Verde,2,40,80,Sí
2025-01-09,Vitoria,Rebajas,Sportwear,Térmica,S,Verde,2,55,110,Sí
2025-01-05,Vitoria,Publicidad,Jerseys,Chaqueta de Lana,40,Verde,4,130,520,Sí
2025-01-23,Donostia,Publicidad,Chaquetas,Plumífero,XL,Azul,5,150,750,Sí
2025-01-18,Pamplona,Rebajas,Calzado,Sandalias,38,Gris,2,40,80,Sí
2025-01-15,Bilbao,Rebajas,Chaquetas,Plumífero,M,Verde,4,150,600,Sí
2025-01-11,Donostia,Publicidad,Sportwear,Térmica,42,Gris,2,55,110,Sí
2025-01-10,Bilbao,Publicidad,Chaquetas,Anorak,42,Negro,1,120,120,No
2025-01-09,Vitoria,Publicidad,Calzado,Botas,XL,Azul,1,110,110,No
2025-01-10,Donostia,Publicidad,Pantalones,Montaña,42,Verde,1,90,90,No
2025-01-06,Donostia,Publicidad,Jerseys,Forro Polar,L,Gris,2,80,160,No
2025-01-19,Pamplona,Publicidad,Chaquetas,Plumífero,XL,Negro,3,150,450,No
2025-01-24,Pamplona,Publicidad,Sportwear,Mallas,XL,Azul,4,45,180,Sí
2025-01-26,Vitoria,Publicidad,Jerseys,Chaqueta de Lana,44,Gris,2,130,260,No
2025-01-11,Vitoria,Rebajas,Calzado,Sandalias,S,Blanco,1,40,40,No
2025-01-22,Donostia,Publicidad,Calzado,Zapatillas,M,Azul,3,75,225,Sí
2025-01-11,Donostia,Rebajas,Sportwear,Mallas,XL,Rojo,2,45,90,No
2025-01-23,Pamplona,Publicidad,Chaquetas,Plumífero,38,Gris,4,150,600,No
2025-01-15,Vitoria,Publicidad,Chaquetas,Plumífero,L,Azul,4,150,600,No
2025-01-03,Pamplona,Publicidad,Pantalones,Montaña,40,Azul,4,90,360,No
2025-01-01,Bilbao,Publicidad,Pantalones,Chándal,M,Verde,4,60,240,No
2025-01-03,Vitoria,Publicidad,Calzado,Zapatillas,L,Verde,2,75,150,Sí
2025-01-05,Vitoria,Publicidad,Jerseys,Chaqueta de Lana,44,Blanco,4,130,520,Sí
2025-01-04,Vitoria,Rebajas,Calzado,Zapatillas,S,Verde,2,75,150,No
2025-01-24,Donostia,Publicidad,Jerseys,Forro Polar,42,Verde,1,80,80,Sí
2025-01-25,Pamplona,Rebajas,Sportwear,Mallas,38,Rojo,3,45,135,No
2025-01-25,Donostia,Rebajas,Calzado,Zapatillas,38,Gris,5,75,375,No
2025-01-01,Bilbao,Rebajas,Pantalones,Montaña,S,Rojo,5,90,450,No
2025-01-15,Bilbao,Rebajas,Sportwear,Camisetas,42,Negro,4,30,120,Sí
2025-01-05,Donostia,Rebajas,Calzado,Botas,38,Rojo,4,110,440,No
2025-01-25,Vitoria,Rebajas,Pantalones,Chándal,44,Blanco,1,60,60,No
2025-01-14,Vitoria,Publicidad,Jerseys,Forro Polar,S,Negro,3,80,240,Sí
2025-01-05,Vitoria,Publicidad,Calzado,Sandalias,38,Verde,4,40,160,No
2025-01-11,Bilbao,Rebajas,Sportwear,Mallas,42,Negro,5,45,225,Sí
2025-01-06,Bilbao,Publicidad,Sportwear,Camisetas,44,Rojo,2,30,60,No
2025-01-22,Bilbao,Publicidad,Calzado,Zapatillas,M,Azul,4,75,300,Sí
2025-01-07,Pamplona,Rebajas,Pantalones,Montaña,M,Blanco,4,90,360,No
2025-01-02,Vitoria,Rebajas,Jerseys,Chaqueta de Lana,XL,Gris,5,130,650,Sí
2025-01-19,Donostia,Rebajas,Chaquetas,Plumífero,38,Rojo,4,150,600,Sí
2025-01-04,Bilbao,Publicidad,Calzado,Zapatillas,S,Negro,2,75,150,Sí
2025-01-20,Bilbao,Rebajas,Pantalones,Chándal,40,Azul,2,60,120,No
2025-01-03,Pamplona,Rebajas,Sportwear,Térmica,S,Verde,4,55,220,Sí
2025-01-16,Pamplona,Rebajas,Pantalones,Chándal,44,Negro,3,60,180,Sí
2025-01-25,Donostia,Publicidad,Chaquetas,Anorak,44,Rojo,2,120,240,No
2025-01-14,Bilbao,Publicidad,Chaquetas,Plumífero,S,Verde,3,150,450,Sí
2025-01-28,Bilbao,Publicidad,Sportwear,Camisetas,44,Rojo,5,30,150,Sí
2025-01-14,Bilbao,Publicidad,Sportwear,Mallas,M,Azul,3,45,135,No
2025-01-04,Vitoria,Rebajas,Calzado,Zapatillas,42,Azul,2,75,150,Sí
2025-01-24,Vitoria,Publicidad,Pantalones,Montaña,M,Verde,3,90,270,Sí
2025-01-01,Vitoria,Publicidad,Sportwear,Camisetas,M,Verde,5,30,150,No
2025-01-21,Donostia,Rebajas,Chaquetas,Anorak,S,Azul,4,120,480,Sí
2025-01-14,Pamplona,Publicidad,Calzado,Botas,40,Gris,1,110,110,No
2025-01-02,Pamplona,Publicidad,Calzado,Zapatillas,40,Verde,4,75,300,No
2025-01-18,Bilbao,Publicidad,Calzado,Botas,M,Verde,1,110,110,Sí
2025-01-11,Pamplona,Rebajas,Jerseys,Forro Polar,S,Rojo,4,80,320,No
2025-01-19,Donostia,Publicidad,Pantalones,Chándal,42,Gris,2,60,120,Sí
2025-01-23,Bilbao,Publicidad,Sportwear,Térmica,L,Rojo,4,55,220,Sí
2025-01-28,Vitoria,Publicidad,Sportwear,Térmica,44,Azul,5,55,275,Sí
2025-01-12,Bilbao,Rebajas,Jerseys,Chaqueta de Lana,42,Verde,2,130,260,No
2025-01-11,Donostia,Rebajas,Calzado,Zapatillas,XL,Negro,2,75,150,No
2025-01-24,Pamplona,Rebajas,Sportwear,Mallas,40,Verde,3,45,135,Sí
2025-01-08,Donostia,Publicidad,Sportwear,Camisetas,38,Azul,3,30,90,Sí
2025-01-17,Vitoria,Publicidad,Calzado,Botas,XL,Rojo,2,110,220,No
2025-01-08,Bilbao,Publicidad,Calzado,Zapatillas,S,Negro,2,75,150,Sí
2025-01-11,Vitoria,Rebajas,Chaquetas,Plumífero,S,Rojo,3,150,450,No
2025-01-06,Donostia,Publicidad,Calzado,Zapatillas,44,Gris,4,75,300,Sí
2025-01-07,Bilbao,Publicidad,Calzado,Sandalias,42,Negro,3,40,120,Sí
2025-01-11,Vitoria,Rebajas,Sportwear,Térmica,S,Rojo,2,55,110,Sí
2025-01-11,Pamplona,Rebajas,Sportwear,Mallas,XL,Gris,3,45,135,No
2025-01-06,Vitoria,Rebajas,Pantalones,Chándal,L,Azul,4,60,240,Sí
2025-01-12,Vitoria,Publicidad,Calzado,Botas,XL,Negro,4,110,440,Sí
2025-01-07,Bilbao,Rebajas,Chaquetas,Plumífero,M,Rojo,1,150,150,No
2025-01-19,Vitoria,Rebajas,Calzado,Botas,XL,Gris,4,110,440,Sí
2025-01-07,Bilbao,Publicidad,Jerseys,Forro Polar,L,Negro,2,80,160,Sí
2025-01-24,Vitoria,Rebajas,Chaquetas,Plumífero,S,Verde,1,150,150,Sí
2025-01-05,Donostia,Publicidad,Chaquetas,Plumífero,S,Gris,1,150,150,No
2025-01-28,Pamplona,Publicidad,Calzado,Botas,XL,Negro,4,110,440,No
2025-01-15,Donostia,Publicidad,Calzado,Zapatillas,L,Negro,2,75,150,No
2025-01-11,Pamplona,Rebajas,Sportwear,Camisetas,42,Negro,5,30,150,Sí
2025-01-22,Pamplona,Rebajas,Pantalones,Montaña,38,Verde,1,90,90,Sí
2025-01-24,Vitoria,Rebajas,Jerseys,Chaqueta de Lana,42,Blanco,3,130,390,Sí
2025-01-21,Bilbao,Rebajas,Chaquetas,Plumífero,M,Rojo,1,150,150,No
2025-01-05,Pamplona,Publicidad,Calzado,Sandalias,S,Rojo,5,40,200,Sí
2025-01-16,Vitoria,Rebajas,Chaquetas,Plumífero,40,Blanco,4,150,600,Sí
2025-01-25,Donostia,Publicidad,Calzado,Zapatillas,40,Verde,2,75,150,Sí
2025-01-21,Donostia,Publicidad,Sportwear,Térmica,XL,Azul,3,55,165,No
2025-01-09,Vitoria,Rebajas,Pantalones,Chándal,S,Negro,5,60,300,No
2025-01-20,Pamplona,Publicidad,Sportwear,Mallas,M,Verde,4,45,180,No
2025-01-09,Bilbao,Rebajas,Chaquetas,Anorak,44,Verde,2,120,240,Sí
2025-01-02,Pamplona,Rebajas,Sportwear,Mallas,40,Rojo,2,45,90,Sí
2025-01-05,Pamplona,Rebajas,Calzado,Botas,XL,Azul,2,110,220,Sí
2025-01-15,Donostia,Publicidad,Sportwear,Térmica,S,Negro,3,55,165,No
2025-01-16,Bilbao,Publicidad,Pantalones,Chándal,40,Azul,4,60,240,Sí
2025-01-24,Donostia,Rebajas,Calzado,Zapatillas,42,Azul,4,75,300,No
2025-01-24,Pamplona,Publicidad,Calzado,Zapatillas,M,Azul,4,75,300,No
2025-01-13,Donostia,Publicidad,Jerseys,Chaqueta de Lana,S,Verde,2,130,260,No
2025-01-18,Bilbao,Rebajas,Sportwear,Camisetas,M,Blanco,5,30,150,Sí
2025-01-14,Vitoria,Rebajas,Pantalones,Chándal,44,Negro,1,60,60,No
2025-01-27,Donostia,Publicidad,Pantalones,Montaña,L,Negro,3,90,270,Sí
2025-01-14,Bilbao,Rebajas,Chaquetas,Plumífero,42,Verde,5,150,750,Sí
2025-01-14,Vitoria,Rebajas,Pantalones,Montaña,38,Negro,5,90,450,No
2025-01-27,Pamplona,Rebajas,Pantalones,Chándal,L,Verde,5,60,300,No
2025-01-08,Donostia,Rebajas,Jerseys,Forro Polar,XL,Negro,3,80,240,No
2025-01-23,Pamplona,Publicidad,Calzado,Zapatillas,XL,Rojo,3,75,225,Sí
2025-01-06,Vitoria,Rebajas,Calzado,Zapatillas,38,Azul,5,75,375,No
2025-01-12,Donostia,Rebajas,Jerseys,Forro Polar,L,Gris,5,80,400,Sí
2025-01-23,Donostia,Publicidad,Pantalones,Montaña,L,Gris,2,90,180,No
2025-01-06,Bilbao,Publicidad,Calzado,Botas,XL,Azul,2,110,220,Sí
2025-01-20,Pamplona,Publicidad,Jerseys,Forro Polar,M,Negro,2,80,160,Sí
2025-01-06,Bilbao,Publicidad,Sportwear,Mallas,44,Verde,1,45,45,No
2025-01-22,Bilbao,Rebajas,Sportwear,Camisetas,M,Negro,2,30,60,Sí
2025-01-24,Pamplona,Rebajas,Calzado,Botas,40,Negro,3,110,330,No
2025-01-11,Donostia,Rebajas,Chaquetas,Plumífero,M,Azul,2,150,300,Sí
2025-01-12,Pamplona,Rebajas,Jerseys,Chaqueta de Lana,42,Negro,1,130,130,No
2025-01-19,Bilbao,Rebajas,Jerseys,Forro Polar,L,Azul,5,80,400,Sí
2025-01-21,Vitoria,Publicidad,Chaquetas,Anorak,38,Verde,4,120,480,Sí
2025-01-28,Bilbao,Rebajas,Jerseys,Forro Polar,M,Gris,5,80,400,No
2025-01-21,Vitoria,Rebajas,Chaquetas,Plumífero,42,Verde,3,150,450,No
2025-01-15,Pamplona,Publicidad,Calzado,Zapatillas,S,Azul,3,75,225,Sí
2025-01-17,Bilbao,Rebajas,Chaquetas,Plumífero,L,Gris,2,150,300,No
2025-01-21,Vitoria,Rebajas,Calzado,Zapatillas,38,Negro,1,75,75,Sí
2025-01-13,Vitoria,Publicidad,Jerseys,Forro Polar,M,Rojo,1,80,80,Sí
2025-01-10,Vitoria,Publicidad,Pantalones,Montaña,XL,Azul,1,90,90,No
2025-01-28,Pamplona,Rebajas,Pantalones,Chándal,S,Negro,4,60,240,Sí
2025-01-11,Vitoria,Rebajas,Jerseys,Forro Polar,44,Azul,5,80,400,Sí
2025-01-17,Donostia,Rebajas,Chaquetas,Plumífero,40,Blanco,2,150,300,Sí
2025-01-01,Bilbao,Rebajas,Jerseys,Forro Polar,40,Blanco,3,80,240,No
2025-01-20,Bilbao,Publicidad,Calzado,Botas,42,Azul,1,110,110,Sí
2025-01-09,Vitoria,Publicidad,Calzado,Botas,L,Blanco,4,110,440,No
2025-01-03,Bilbao,Publicidad,Sportwear,Mallas,42,Rojo,1,45,45,Sí
2025-01-11,Pamplona,Rebajas,Sportwear,Camisetas,40,Blanco,5,30,150,Sí
2025-01-06,Donostia,Publicidad,Jerseys,Forro Polar,L,Rojo,4,80,320,Sí
2025-01-05,Vitoria,Rebajas,Jerseys,Forro Polar,42,Rojo,2,80,160,Sí
2025-01-03,Pamplona,Rebajas,Calzado,Botas,M,Gris,1,110,110,Sí
2025-01-08,Pamplona,Rebajas,Sportwear,Térmica,S,Gris,4,55,220,No
2025-01-27,Bilbao,Rebajas,Chaquetas,Anorak,44,Rojo,5,120,600,No
2025-01-24,Donostia,Publicidad,Sportwear,Mallas,42,Azul,4,45,180,No
2025-01-08,Vitoria,Rebajas,Pantalones,Montaña,L,Rojo,2,90,180,No
2025-01-12,Pamplona,Rebajas,Chaquetas,Plumífero,M,Negro,3,150,450,Sí
2025-01-12,Donostia,Rebajas,Calzado,Botas,38,Gris,2,110,220,No
2025-01-18,Pamplona,Rebajas,Pantalones,Chándal,L,Azul,3,60,180,Sí
2025-01-22,Pamplona,Publicidad,Sportwear,Mallas,L,Gris,1,45,45,No
2025-01-01,Pamplona,Rebajas,Sportwear,Mallas,L,Verde,5,45,225,Sí
2025-01-26,Bilbao,Rebajas,Chaquetas,Anorak,44,Verde,4,120,480,Sí
2025-01-03,Vitoria,Publicidad,Pantalones,Chándal,L,Verde,5,60,300,No
2025-01-14,Donostia,Publicidad,Pantalones,Chándal,42,Blanco,2,60,120,No
2025-01-07,Pamplona,Rebajas,Chaquetas,Plumífero,40,Rojo,5,150,750,No
2025-01-10,Bilbao,Rebajas,Sportwear,Camisetas,40,Gris,3,30,90,Sí
2025-01-08,Vitoria,Rebajas,Sportwear,Mallas,S,Rojo,1,45,45,Sí
2025-01-16,Vitoria,Publicidad,Calzado,Botas,44,Azul,2,110,220,Sí
2025-01-24,Donostia,Rebajas,Calzado,Sandalias,S,Azul,4,40,160,Sí
2025-01-02,Pamplona,Publicidad,Calzado,Botas,M,Blanco,2,110,220,Sí
2025-01-06,Pamplona,Rebajas,Pantalones,Chándal,42,Gris,1,60,60,No
2025-01-19,Pamplona,Publicidad,Calzado,Zapatillas,S,Azul,4,75,300,Sí
2025-01-23,Vitoria,Publicidad,Chaquetas,Anorak,S,Negro,3,120,360,Sí
2025-01-02,Vitoria,Rebajas,Sportwear,Camisetas,XL,Rojo,4,30,120,Sí
2025-01-08,Donostia,Publicidad,Chaquetas,Anorak,M,Azul,3,120,360,Sí
2025-01-08,Bilbao,Rebajas,Jerseys,Forro Polar,S,Negro,5,80,400,No
2025-01-01,Vitoria,Publicidad,Chaquetas,Plumífero,S,Gris,2,150,300,Sí
2025-01-25,Pamplona,Rebajas,Pantalones,Montaña,40,Verde,2,90,180,No
2025-01-27,Bilbao,Publicidad,Jerseys,Chaqueta de Lana,42,Verde,3,130,390,No
2025-01-08,Pamplona,Rebajas,Calzado,Botas,S,Gris,5,110,550,Sí
2025-01-03,Pamplona,Rebajas,Sportwear,Mallas,44,Blanco,1,45,45,Sí
2025-01-11,Vitoria,Rebajas,Sportwear,Camisetas,M,Azul,4,30,120,No
2025-01-17,Donostia,Rebajas,Sportwear,Mallas,S,Blanco,4,45,180,Sí
2025-01-17,Pamplona,Rebajas,Jerseys,Chaqueta de Lana,S,Negro,5,130,650,Sí
2025-01-13,Vitoria,Publicidad,Pantalones,Montaña,38,Blanco,3,90,270,Sí
2025-01-03,Donostia,Publicidad,Sportwear,Térmica,XL,Blanco,2,55,110,No
2025-01-19,Donostia,Rebajas,Sportwear,Mallas,XL,Rojo,2,45,90,No
2025-01-04,Donostia,Rebajas,Jerseys,Forro Polar,XL,Azul,4,80,320,Sí
2025-01-14,Bilbao,Rebajas,Jerseys,Forro Polar,42,Gris,1,80,80,Sí
2025-01-21,Bilbao,Publicidad,Sportwear,Mallas,42,Rojo,3,45,135,Sí
2025-01-26,Pamplona,Publicidad,Jerseys,Chaqueta de Lana,44,Rojo,4,130,520,Sí
2025-01-05,Bilbao,Rebajas,Calzado,Botas,44,Negro,5,110,550,Sí
2025-01-27,Vitoria,Rebajas,Chaquetas,Anorak,XL,Blanco,2,120,240,Sí
2025-01-02,Donostia,Rebajas,Sportwear,Térmica,40,Gris,3,55,165,Sí
2025-01-27,Vitoria,Rebajas,Pantalones,Chándal,44,Gris,5,60,300,No
2025-01-06,Vitoria,Rebajas,Pantalones,Chándal,M,Negro,5,60,300,Sí
2025-01-23,Donostia,Rebajas,Pantalones,Chándal,38,Rojo,5,60,300,Sí
2025-01-02,Bilbao,Publicidad,Sportwear,Térmica,L,Verde,2,55,110,Sí
2025-01-21,Bilbao,Publicidad,Chaquetas,Plumífero,XL,Negro,5,150,750,Sí
2025-01-18,Donostia,Rebajas,Sportwear,Térmica,M,Gris,2,55,110,Sí
2025-01-19,Pamplona,Rebajas,Jerseys,Forro Polar,44,Azul,5,80,400,Sí
2025-01-19,Donostia,Publicidad,Chaquetas,Plumífero,38,Gris,2,150,300,No
2025-01-14,Vitoria,Publicidad,Chaquetas,Plumífero,L,Gris,1,150,150,Sí
2025-01-20,Bilbao,Rebajas,Jerseys,Forro Polar,L,Rojo,4,80,320,No
2025-01-01,Pamplona,Rebajas,Calzado,Botas,38,Rojo,3,110,330,Sí
2025-01-02,Bilbao,Rebajas,Pantalones,Montaña,42,Blanco,3,90,270,Sí
2025-01-26,Donostia,Publicidad,Pantalones,Chándal,38,Negro,3,60,180,No
2025-01-25,Vitoria,Rebajas,Calzado,Zapatillas,38,Rojo,2,75,150,Sí
2025-01-28,Pamplona,Rebajas,Calzado,Zapatillas,38,Negro,3,75,225,No
2025-01-23,Donostia,Publicidad,Sportwear,Mallas,M,Negro,3,45,135,Sí
2025-01-16,Vitoria,Rebajas,Jerseys,Chaqueta de Lana,XL,Azul,5,130,650,No
2025-01-20,Bilbao,Rebajas,Jerseys,Chaqueta de Lana,44,Azul,3,130,390,Sí
2025-01-08,Donostia,Publicidad,Calzado,Zapatillas,S,Rojo,1,75,75,No
2025-01-01,Vitoria,Rebajas,Sportwear,Camisetas,44,Gris,4,30,120,No
2025-01-23,Pamplona,Rebajas,Chaquetas,Anorak,44,Blanco,1,120,120,No
2025-01-27,Vitoria,Rebajas,Sportwear,Térmica,XL,Negro,5,55,275,Sí
2025-01-09,Bilbao,Publicidad,Pantalones,Montaña,38,Verde,5,90,450,No
2025-01-25,Pamplona,Rebajas,Sportwear,Mallas,44,Negro,2,45,90,No
2025-01-01,Donostia,Publicidad,Pantalones,Montaña,L,Verde,3,90,270,Sí
2025-01-12,Donostia,Publicidad,Chaquetas,Anorak,XL,Rojo,3,120,360,No
2025-01-10,Donostia,Publicidad,Jerseys,Forro Polar,L,Blanco,5,80,400,No
2025-01-18,Pamplona,Rebajas,Calzado,Botas,38,Blanco,4,110,440,Sí
2025-01-01,Vitoria,Rebajas,Sportwear,Camisetas,38,Azul,3,30,90,Sí
2025-01-21,Vitoria,Rebajas,Jerseys,Forro Polar,S,Negro,3,80,240,Sí
2025-01-25,Vitoria,Publicidad,Calzado,Sandalias,L,Blanco,3,40,120,No
2025-01-01,Vitoria,Rebajas,Pantalones,Chándal,40,Azul,4,60,240,Sí
2025-01-13,Pamplona,Publicidad,Jerseys,Chaqueta de Lana,M,Gris,4,130,520,Sí
2025-01-19,Bilbao,Publicidad,Pantalones,Chándal,M,Gris,2,60,120,Sí
2025-01-04,Pamplona,Rebajas,Sportwear,Térmica,L,Gris,1,55,55,Sí
2025-01-15,Pamplona,Rebajas,Jerseys,Chaqueta de Lana,40,Negro,2,130,260,No
2025-01-03,Pamplona,Rebajas,Pantalones,Chándal,XL,Negro,2,60,120,No
2025-01-28,Bilbao,Publicidad,Calzado,Zapatillas,S,Rojo,5,75,375,No
2025-01-27,Donostia,Rebajas,Pantalones,Chándal,M,Blanco,2,60,120,No
2025-01-06,Bilbao,Publicidad,Pantalones,Montaña,XL,Negro,4,90,360,No
2025-01-17,Donostia,Rebajas,Chaquetas,Anorak,M,Rojo,4,120,480,No
2025-01-01,Bilbao,Publicidad,Sportwear,Mallas,M,Verde,5,45,225,Sí
2025-01-03,Donostia,Publicidad,Chaquetas,Plumífero,42,Blanco,2,150,300,No
2025-01-05,Bilbao,Rebajas,Pantalones,Montaña,XL,Azul,2,90,180,No
2025-01-28,Donostia,Rebajas,Chaquetas,Plumífero,S,Verde,4,150,600,No
2025-01-16,Pamplona,Rebajas,Sportwear,Térmica,L,Azul,5,55,275,No
2025-01-07,Bilbao,Rebajas,Calzado,Zapatillas,XL,Blanco,1,75,75,No
2025-01-27,Bilbao,Rebajas,Jerseys,Chaqueta de Lana,38,Verde,3,130,390,No
2025-01-11,Vitoria,Publicidad,Pantalones,Chándal,42,Verde,1,60,60,No
2025-01-18,Vitoria,Rebajas,Chaquetas,Plumífero,40,Gris,2,150,300,No
2025-01-05,Donostia,Publicidad,Jerseys,Chaqueta de Lana,XL,Rojo,5,130,650,No
2025-01-05,Donostia,Rebajas,Calzado,Botas,44,Negro,1,110,110,No
2025-01-23,Pamplona,Rebajas,Jerseys,Chaqueta de Lana,38,Verde,4,130,520,No
2025-01-11,Vitoria,Rebajas,Sportwear,Mallas,M,Rojo,5,45,225,Sí
2025-01-08,Donostia,Rebajas,Chaquetas,Anorak,XL,Verde,3,120,360,Sí
2025-01-26,Pamplona,Publicidad,Chaquetas,Anorak,L,Verde,5,120,600,Sí
2025-01-15,Vitoria,Publicidad,Chaquetas,Anorak,44,Negro,3,120,360,No
2025-01-28,Donostia,Publicidad,Calzado,Botas,38,Azul,1,110,110,Sí
2025-01-07,Donostia,Publicidad,Chaquetas,Plumífero,L,Rojo,1,150,150,No
2025-01-13,Pamplona,Rebajas,Pantalones,Montaña,S,Gris,3,90,270,Sí
2025-01-14,Donostia,Publicidad,Calzado,Sandalias,42,Gris,1,40,40,Sí
2025-01-27,Bilbao,Publicidad,Sportwear,Térmica,XL,Rojo,5,55,275,No
2025-01-01,Donostia,Rebajas,Chaquetas,Anorak,XL,Gris,3,120,360,Sí
2025-01-17,Donostia,Rebajas,Pantalones,Montaña,M,Azul,2,90,180,No
2025-01-01,Pamplona,Publicidad,Jerseys,Chaqueta de Lana,S,Azul,2,130,260,No
2025-01-20,Donostia,Publicidad,Sportwear,Mallas,L,Azul,1,45,45,No
2025-01-11,Vitoria,Publicidad,Calzado,Botas,42,Azul,2,110,220,Sí
2025-01-21,Pamplona,Rebajas,Calzado,Botas,40,Blanco,1,110,110,Sí
2025-01-20,Bilbao,Publicidad,Calzado,Botas,38,Negro,3,110,330,Sí
2025-01-13,Bilbao,Publicidad,Jerseys,Chaqueta de Lana,M,Negro,2,130,260,Sí
2025-01-10,Vitoria,Rebajas,Calzado,Sandalias,44,Negro,5,40,200,No
2025-01-13,Donostia,Publicidad,Sportwear,Térmica,40,Rojo,3,55,165,Sí
2025-01-18,Vitoria,Rebajas,Calzado,Sandalias,40,Blanco,1,40,40,Sí
2025-01-12,Pamplona,Publicidad,Jerseys,Chaqueta de Lana,S,Verde,3,130,390,No
2025-01-25,Bilbao,Rebajas,Calzado,Zapatillas,40,Azul,1,75,75,No
2025-01-07,Pamplona,Publicidad,Jerseys,Chaqueta de Lana,38,Negro,5,130,650,Sí
2025-01-15,Pamplona,Rebajas,Chaquetas,Anorak,44,Azul,2,120,240,No
2025-01-04,Donostia,Publicidad,Jerseys,Forro Polar,S,Negro,4,80,320,Sí
2025-01-10,Pamplona,Publicidad,Sportwear,Camisetas,M,Verde,5,30,150,No
2025-01-01,Donostia,Rebajas,Chaquetas,Anorak,S,Rojo,1,120,120,Sí
2025-01-09,Donostia,Rebajas,Chaquetas,Plumífero,L,Azul,5,150,750,Sí
2025-01-26,Donostia,Rebajas,Sportwear,Mallas,40,Verde,3,45,135,Sí
2025-01-16,Vitoria,Publicidad,Calzado,Botas,L,Negro,1,110,110,No
2025-01-19,Bilbao,Publicidad,Sportwear,Mallas,38,Negro,4,45,180,Sí
2025-01-15,Bilbao,Publicidad,Calzado,Botas,42,Azul,1,110,110,Sí
2025-01-03,Pamplona,Publicidad,Sportwear,Térmica,42,Verde,5,55,275,No
2025-01-01,Vitoria,Publicidad,Sportwear,Camisetas,42,Negro,2,30,60,Sí
2025-01-27,Bilbao,Rebajas,Jerseys,Forro Polar,40,Gris,3,80,240,Sí
2025-01-02,Vitoria,Publicidad,Pantalones,Montaña,42,Rojo,3,90,270,Sí
2025-01-10,Donostia,Publicidad,Sportwear,Térmica,40,Azul,2,55,110,Sí
2025-01-14,Bilbao,Rebajas,Sportwear,Mallas,40,Gris,5,45,225,Sí
2025-01-04,Donostia,Rebajas,Chaquetas,Anorak,40,Negro,2,120,240,No
2025-01-25,Vitoria,Rebajas,Sportwear,Mallas,L,Negro,2,45,90,No
2025-01-07,Bilbao,Rebajas,Jerseys,Forro Polar,XL,Rojo,4,80,320,Sí
2025-01-19,Bilbao,Rebajas,Calzado,Botas,42,Azul,5,110,550,Sí
2025-01-05,Vitoria,Publicidad,Calzado,Botas,XL,Negro,5,110,550,No
2025-01-23,Bilbao,Rebajas,Sportwear,Camisetas,38,Gris,2,30,60,No
2025-01-11,Bilbao,Rebajas,Calzado,Botas,42,Azul,1,110,110,No
2025-01-04,Donostia,Publicidad,Calzado,Botas,XL,Azul,4,110,440,No
2025-01-27,Pamplona,Publicidad,Calzado,Botas,38,Azul,4,110,440,Sí
2025-01-25,Pamplona,Rebajas,Jerseys,Forro Polar,L,Gris,4,80,320,Sí
2025-01-11,Bilbao,Publicidad,Calzado,Sandalias,38,Azul,2,40,80,Sí
2025-01-14,Vitoria,Publicidad,Sportwear,Mallas,XL,Gris,2,45,90,No
2025-01-20,Pamplona,Rebajas,Pantalones,Montaña,S,Rojo,3,90,270,No
2025-01-06,Vitoria,Rebajas,Jerseys,Chaqueta de Lana,XL,Negro,4,130,520,No
2025-01-19,Vitoria,Rebajas,Sportwear,Térmica,S,Rojo,1,55,55,Sí
2025-01-09,Pamplona,Publicidad,Jerseys,Forro Polar,L,Verde,1,80,80,No
2025-01-28,Bilbao,Publicidad,Calzado,Zapatillas,44,Blanco,5,75,375,Sí
2025-01-18,Donostia,Rebajas,Pantalones,Montaña,38,Gris,5,90,450,No
2025-01-25,Vitoria,Rebajas,Calzado,Sandalias,42,Azul,5,40,200,Sí
2025-01-24,Donostia,Rebajas,Sportwear,Camisetas,S,Azul,1,30,30,Sí
2025-01-23,Vitoria,Publicidad,Pantalones,Chándal,38,Blanco,3,60,180,Sí
2025-01-16,Vitoria,Rebajas,Calzado,Botas,38,Gris,4,110,440,No
2025-01-02,Bilbao,Publicidad,Sportwear,Térmica,L,Negro,3,55,165,No
2025-01-20,Donostia,Rebajas,Calzado,Sandalias,40,Negro,5,40,200,No
2025-01-28,Bilbao,Rebajas,Chaquetas,Anorak,42,Negro,1,120,120,No
2025-01-26,Vitoria,Publicidad,Sportwear,Mallas,42,Gris,3,45,135,Sí
2025-01-08,Pamplona,Rebajas,Jerseys,Forro Polar,S,Azul,3,80,240,Sí
2025-01-12,Bilbao,Rebajas,Chaquetas,Anorak,M,Blanco,4,120,480,Sí
2025-01-06,Vitoria,Rebajas,Jerseys,Chaqueta de Lana,38,Rojo,1,130,130,Sí
2025-01-16,Pamplona,Rebajas,Calzado,Botas,M,Negro,4,110,440,Sí
2025-01-08,Vitoria,Publicidad,Sportwear,Mallas,S,Rojo,5,45,225,No
2025-01-21,Pamplona,Publicidad,Pantalones,Chándal,L,Rojo,5,60,300,No
2025-01-18,Pamplona,Publicidad,Jerseys,Forro Polar,42,Azul,3,80,240,Sí
2025-01-16,Pamplona,Rebajas,Sportwear,Camisetas,M,Azul,5,30,150,No
2025-01-09,Bilbao,Publicidad,Sportwear,Térmica,M,Rojo,1,55,55,No
2025-01-01,Bilbao,Rebajas,Calzado,Botas,XL,Azul,2,110,220,Sí
2025-01-19,Pamplona,Publicidad,Sportwear,Mallas,38,Blanco,1,45,45,No
2025-01-10,Donostia,Rebajas,Sportwear,Camisetas,L,Blanco,2,30,60,Sí
2025-01-11,Donostia,Publicidad,Sportwear,Térmica,L,Blanco,1,55,55,No
2025-01-23,Bilbao,Rebajas,Sportwear,Térmica,S,Gris,2,55,110,Sí
2025-01-28,Vitoria,Rebajas,Sportwear,Mallas,40,Rojo,1,45,45,Sí
2025-01-05,Pamplona,Rebajas,Jerseys,Chaqueta de Lana,S,Blanco,1,130,130,No
2025-01-28,Donostia,Publicidad,Sportwear,Camisetas,40,Blanco,1,30,30,No
2025-01-05,Pamplona,Publicidad,Chaquetas,Plumífero,44,Negro,2,150,300,Sí
2025-01-25,Pamplona,Rebajas,Calzado,Zapatillas,40,Verde,2,75,150,No
2025-01-13,Vitoria,Rebajas,Calzado,Zapatillas,38,Gris,4,75,300,Sí
2025-01-26,Pamplona,Publicidad,Calzado,Zapatillas,L,Azul,5,75,375,Sí
2025-01-16,Vitoria,Publicidad,Jerseys,Forro Polar,40,Gris,1,80,80,No
2025-01-16,Donostia,Publicidad,Sportwear,Térmica,M,Negro,3,55,165,No
2025-01-18,Vitoria,Publicidad,Jerseys,Forro Polar,38,Negro,3,80,240,No
2025-01-20,Vitoria,Publicidad,Sportwear,Mallas,42,Rojo,1,45,45,Sí
2025-01-20,Donostia,Publicidad,Calzado,Sandalias,M,Blanco,5,40,200,No
2025-01-16,Donostia,Rebajas,Calzado,Botas,S,Negro,4,110,440,Sí
2025-01-15,Vitoria,Publicidad,Pantalones,Montaña,44,Verde,4,90,360,Sí
2025-01-01,Pamplona,Rebajas,Chaquetas,Plumífero,38,Blanco,1,150,150,Sí
2025-01-11,Bilbao,Rebajas,Calzado,Zapatillas,XL,Gris,2,75,150,No
2025-01-14,Pamplona,Rebajas,Pantalones,Chándal,42,Azul,4,60,240,No
2025-01-28,Vitoria,Rebajas,Chaquetas,Plumífero,M,Blanco,4,150,600,Sí
2025-01-18,Bilbao,Publicidad,Sportwear,Mallas,S,Rojo,1,45,45,Sí
2025-01-24,Vitoria,Rebajas,Chaquetas,Plumífero,42,Gris,4,150,600,Sí
2025-01-16,Vitoria,Publicidad,Calzado,Zapatillas,38,Verde,3,75,225,No
2025-01-03,Vitoria,Publicidad,Jerseys,Chaqueta de Lana,42,Rojo,1,130,130,Sí
2025-01-09,Bilbao,Rebajas,Calzado,Sandalias,L,Negro,4,40,160,Sí
2025-01-10,Donostia,Publicidad,Jerseys,Chaqueta de Lana,L,Gris,3,130,390,Sí
2025-01-04,Vitoria,Publicidad,Chaquetas,Anorak,XL,Gris,5,120,600,No
2025-01-14,Bilbao,Publicidad,Chaquetas,Anorak,38,Rojo,4,120,480,No
2025-01-28,Vitoria,Publicidad,Pantalones,Montaña,40,Gris,2,90,180,Sí
2025-01-18,Vitoria,Publicidad,Calzado,Zapatillas,44,Negro,4,75,300,Sí
2025-01-18,Bilbao,Rebajas,Sportwear,Térmica,38,Azul,2,55,110,No
2025-01-09,Bilbao,Rebajas,Sportwear,Térmica,XL,Negro,4,55,220,Sí
2025-01-06,Donostia,Publicidad,Jerseys,Chaqueta de Lana,M,Blanco,2,130,260,No
2025-01-03,Vitoria,Rebajas,Pantalones,Montaña,40,Verde,2,90,180,Sí
2025-01-02,Vitoria,Rebajas,Calzado,Zapatillas,40,Blanco,1,75,75,No
2025-01-17,Bilbao,Publicidad,Pantalones,Montaña,42,Blanco,1,90,90,No
2025-01-13,Pamplona,Rebajas,Chaquetas,Anorak,M,Negro,5,120,600,Sí
2025-01-01,Bilbao,Rebajas,Chaquetas,Plumífero,38,Azul,4,150,600,Sí
2025-01-02,Bilbao,Publicidad,Jerseys,Chaqueta de Lana,M,Gris,4,130,520,No
2025-01-21,Pamplona,Rebajas,Sportwear,Térmica,42,Verde,3,55,165,No
2025-01-15,Bilbao,Rebajas,Pantalones,Chándal,M,Rojo,5,60,300,No
2025-01-11,Bilbao,Rebajas,Pantalones,Chándal,44,Blanco,5,60,300,Sí
2025-01-01,Pamplona,Publicidad,Chaquetas,Plumífero,S,Azul,4,150,600,No
2025-01-15,Bilbao,Publicidad,Calzado,Sandalias,S,Negro,3,40,120,No
2025-01-28,Donostia,Publicidad,Calzado,Zapatillas,XL,Negro,2,75,150,No
2025-01-28,Donostia,Publicidad,Jerseys,Forro Polar,S,Gris,3,80,240,No
2025-01-21,Pamplona,Rebajas,Calzado,Zapatillas,40,Blanco,5,75,375,No
2025-01-11,Bilbao,Rebajas,Calzado,Sandalias,38,Blanco,3,40,120,No
2025-01-27,Donostia,Rebajas,Calzado,Botas,L,Azul,3,110,330,Sí
2025-01-18,Donostia,Rebajas,Calzado,Sandalias,38,Gris,4,40,160,No
2025-01-12,Vitoria,Publicidad,Jerseys,Chaqueta de Lana,42,Rojo,2,130,260,No
2025-01-10,Donostia,Rebajas,Calzado,Botas,XL,Gris,4,110,440,No
2025-01-08,Pamplona,Rebajas,Sportwear,Camisetas,XL,Azul,1,30,30,No
2025-01-04,Vitoria,Rebajas,Calzado,Botas,44,Verde,5,110,550,Sí
2025-01-02,Donostia,Rebajas,Chaquetas,Plumífero,S,Azul,4,150,600,No
2025-01-11,Donostia,Rebajas,Calzado,Sandalias,40,Rojo,2,40,80,No
2025-01-10,Pamplona,Rebajas,Calzado,Sandalias,L,Negro,3,40,120,Sí
2025-01-13,Bilbao,Publicidad,Calzado,Zapatillas,44,Gris,2,75,150,Sí
2025-01-16,Donostia,Publicidad,Calzado,Sandalias,XL,Negro,4,40,160,No
2025-01-28,Bilbao,Rebajas,Sportwear,Camisetas,S,Gris,1,30,30,No
2025-01-03,Bilbao,Rebajas,Pantalones,Montaña,42,Rojo,5,90,450,Sí
2025-01-04,Pamplona,Publicidad,Jerseys,Chaqueta de Lana,M,Negro,5,130,650,Sí
2025-01-02,Donostia,Publicidad,Sportwear,Mallas,42,Rojo,4,45,180,Sí
2025-01-28,Donostia,Publicidad,Calzado,Sandalias,L,Blanco,1,40,40,Sí
2025-01-10,Pamplona,Publicidad,Sportwear,Térmica,S,Negro,5,55,275,Sí
2025-01-11,Pamplona,Publicidad,Chaquetas,Anorak,S,Azul,2,120,240,No
2025-01-05,Bilbao,Rebajas,Chaquetas,Anorak,42,Gris,4,120,480,Sí
2025-01-08,Vitoria,Rebajas,Chaquetas,Anorak,44,Blanco,3,120,360,Sí
2025-01-02,Donostia,Rebajas,Jerseys,Chaqueta de Lana,XL,Gris,5,130,650,No
2025-01-01,Bilbao,Publicidad,Sportwear,Camisetas,XL,Gris,3,30,90,Sí
2025-01-24,Pamplona,Rebajas,Sportwear,Mallas,42,Gris,1,45,45,Sí
2025-01-23,Bilbao,Publicidad,Jerseys,Chaqueta de Lana,XL,Negro,4,130,520,No
2025-01-13,Pamplona,Rebajas,Chaquetas,Anorak,M,Verde,4,120,480,No
2025-01-07,Bilbao,Publicidad,Chaquetas,Anorak,L,Rojo,5,120,600,No
2025-01-17,Bilbao,Rebajas,Pantalones,Montaña,40,Negro,4,90,360,Sí
2025-01-11,Pamplona,Rebajas,Sportwear,Mallas,S,Gris,3,45,135,No
2025-01-28,Pamplona,Rebajas,Jerseys,Forro Polar,M,Gris,1,80,80,Sí
2025-01-02,Pamplona,Rebajas,Calzado,Sandalias,M,Rojo,1,40,40,Sí
2025-01-19,Pamplona,Publicidad,Jerseys,Chaqueta de Lana,S,Negro,4,130,520,No
2025-01-21,Vitoria,Rebajas,Calzado,Zapatillas,M,Azul,5,75,375,No
2025-01-20,Donostia,Rebajas,Pantalones,Montaña,38,Verde,3,90,270,Sí
2025-01-03,Donostia,Publicidad,Calzado,Sandalias,M,Blanco,5,40,200,No
2025-01-28,Bilbao,Publicidad,Pantalones,Montaña,M,Rojo,4,90,360,Sí
2025-01-14,Pamplona,Publicidad,Jerseys,Forro Polar,44,Gris,2,80,160,No
2025-01-13,Vitoria,Publicidad,Sportwear,Térmica,XL,Rojo,5,55,275,No
2025-01-21,Vitoria,Rebajas,Calzado,Sandalias,XL,Gris,3,40,120,Sí
2025-01-24,Pamplona,Rebajas,Sportwear,Camisetas,40,Azul,2,30,60,No
2025-01-14,Pamplona,Publicidad,Pantalones,Chándal,M,Blanco,4,60,240,Sí
2025-01-04,Pamplona,Rebajas,Chaquetas,Plumífero,42,Negro,2,150,300,No
2025-01-24,Donostia,Rebajas,Calzado,Botas,L,Gris,5,110,550,Sí
2025-01-12,Vitoria,Publicidad,Jerseys,Chaqueta de Lana,XL,Verde,4,130,520,No
2025-01-05,Vitoria,Publicidad,Jerseys,Forro Polar,42,Rojo,2,80,160,Sí
2025-01-28,Bilbao,Rebajas,Calzado,Zapatillas,L,Blanco,5,75,375,Sí
2025-01-10,Bilbao,Rebajas,Pantalones,Chándal,44,Rojo,5,60,300,Sí
2025-01-22,Bilbao,Publicidad,Calzado,Zapatillas,M,Verde,2,75,150,Sí
2025-01-13,Pamplona,Rebajas,Pantalones,Montaña,L,Blanco,2,90,180,Sí
2025-01-15,Pamplona,Rebajas,Chaquetas,Plumífero,40,Gris,2,150,300,No
2025-01-16,Bilbao,Publicidad,Pantalones,Chándal,L,Negro,1,60,60,No
2025-01-03,Bilbao,Publicidad,Sportwear,Térmica,M,Blanco,5,55,275,No
2025-01-27,Bilbao,Rebajas,Chaquetas,Anorak,M,Blanco,1,120,120,No
2025-01-05,Vitoria,Publicidad,Jerseys,Forro Polar,42,Rojo,1,80,80,No
2025-01-28,Donostia,Publicidad,Chaquetas,Anorak,44,Blanco,2,120,240,No
2025-01-23,Vitoria,Rebajas,Chaquetas,Anorak,L,Verde,3,120,360,No
2025-01-02,Donostia,Rebajas,Sportwear,Camisetas,40,Gris,1,30,30,Sí
2025-01-10,Bilbao,Rebajas,Calzado,Botas,XL,Rojo,3,110,330,Sí
2025-01-04,Pamplona,Publicidad,Jerseys,Chaqueta de Lana,M,Negro,2,130,260,No
2025-01-13,Bilbao,Publicidad,Calzado,Sandalias,L,Blanco,1,40,40,No
2025-01-17,Donostia,Rebajas,Jerseys,Forro Polar,42,Negro,3,80,240,Sí
2025-01-12,Pamplona,Publicidad,Calzado,Sandalias,XL,Rojo,2,40,80,No
2025-01-02,Donostia,Rebajas,Jerseys,Chaqueta de Lana,M,Azul,2,130,260,No
2025-01-18,Vitoria,Rebajas,Calzado,Botas,42,Rojo,3,110,330,No
2025-01-06,Bilbao,Publicidad,Jerseys,Forro Polar,44,Azul,5,80,400,No
2025-01-14,Pamplona,Rebajas,Sportwear,Camisetas,M,Gris,2,30,60,No
2025-01-03,Donostia,Rebajas,Sportwear,Térmica,M,Azul,4,55,220,Sí
2025-01-28,Pamplona,Publicidad,Jerseys,Chaqueta de Lana,M,Rojo,1,130,130,No
2025-01-21,Pamplona,Publicidad,Sportwear,Camisetas,XL,Rojo,2,30,60,No
2025-01-14,Donostia,Rebajas,Calzado,Botas,L,Azul,3,110,330,Sí
2025-01-26,Donostia,Rebajas,Pantalones,Montaña,38,Gris,1,90,90,No
2025-01-02,Pamplona,Publicidad,Calzado,Sandalias,40,Negro,1,40,40,Sí
2025-01-16,Vitoria,Rebajas,Jerseys,Chaqueta de Lana,38,Blanco,3,130,390,Sí
2025-01-07,Vitoria,Rebajas,Pantalones,Chándal,44,Rojo,1,60,60,No
2025-01-11,Bilbao,Publicidad,Pantalones,Montaña,XL,Verde,4,90,360,Sí
2025-01-04,Bilbao,Publicidad,Chaquetas,Anorak,44,Rojo,3,120,360,No
2025-01-25,Donostia,Publicidad,Jerseys,Chaqueta de Lana,XL,Rojo,3,130,390,Sí
2025-01-13,Pamplona,Rebajas,Sportwear,Camisetas,40,Negro,5,30,150,No
2025-01-18,Donostia,Rebajas,Calzado,Sandalias,S,Gris,3,40,120,Sí
2025-01-15,Donostia,Publicidad,Calzado,Zapatillas,L,Negro,3,75,225,Sí
2025-01-05,Pamplona,Publicidad,Sportwear,Mallas,38,Negro,3,45,135,Sí
2025-01-23,Donostia,Publicidad,Calzado,Sandalias,M,Gris,1,40,40,No
2025-01-21,Pamplona,Rebajas,Chaquetas,Plumífero,L,Gris,1,150,150,No
2025-01-23,Pamplona,Rebajas,Jerseys,Forro Polar,XL,Rojo,4,80,320,No
2025-01-01,Vitoria,Publicidad,Sportwear,Mallas,M,Verde,4,45,180,Sí
2025-01-27,Donostia,Publicidad,Sportwear,Camisetas,L,Verde,2,30,60,No
2025-01-25,Vitoria,Publicidad,Chaquetas,Plumífero,L,Negro,3,150,450,No
2025-01-12,Pamplona,Publicidad,Jerseys,Chaqueta de Lana,42,Azul,4,130,520,No
2025-01-13,Pamplona,Publicidad,Pantalones,Chándal,42,Gris,1,60,60,Sí
2025-01-15,Donostia,Rebajas,Chaquetas,Anorak,42,Gris,2,120,240,Sí
2025-01-09,Vitoria,Publicidad,Sportwear,Camisetas,44,Verde,2,30,60,Sí
2025-01-05,Vitoria,Publicidad,Sportwear,Térmica,44,Verde,5,55,275,Sí
2025-01-21,Pamplona,Publicidad,Calzado,Zapatillas,42,Gris,5,75,375,Sí
2025-01-01,Donostia,Rebajas,Sportwear,Camisetas,42,Negro,2,30,60,Sí
2025-01-02,Bilbao,Publicidad,Jerseys,Chaqueta de Lana,40,Negro,3,130,390,No
2025-01-18,Bilbao,Publicidad,Pantalones,Chándal,42,Gris,1,60,60,No
2025-01-03,Bilbao,Rebajas,Sportwear,Térmica,XL,Blanco,2,55,110,Sí
2025-01-28,Bilbao,Rebajas,Pantalones,Montaña,42,Rojo,5,90,450,Sí
2025-01-13,Vitoria,Rebajas,Jerseys,Chaqueta de Lana,42,Verde,3,130,390,No
2025-01-27,Donostia,Rebajas,Sportwear,Térmica,S,Rojo,2,55,110,Sí
2025-01-06,Pamplona,Rebajas,Calzado,Zapatillas,M,Blanco,5,75,375,Sí
2025-01-19,Bilbao,Publicidad,Jerseys,Chaqueta de Lana,40,Blanco,1,130,130,Sí
2025-01-19,Bilbao,Rebajas,Sportwear,Camisetas,L,Negro,3,30,90,No
2025-01-07,Donostia,Publicidad,Sportwear,Camisetas,38,Rojo,2,30,60,Sí
2025-01-04,Pamplona,Rebajas,Pantalones,Montaña,44,Verde,1,90,90,Sí
2025-01-09,Bilbao,Rebajas,Pantalones,Chándal,42,Rojo,4,60,240,Sí
2025-01-20,Donostia,Rebajas,Jerseys,Forro Polar,42,Rojo,1,80,80,Sí
2025-01-16,Pamplona,Rebajas,Calzado,Zapatillas,XL,Verde,4,75,300,Sí
2025-01-06,Vitoria,Publicidad,Chaquetas,Anorak,42,Verde,5,120,600,No
2025-01-08,Vitoria,Rebajas,Chaquetas,Plumífero,XL,Gris,3,150,450,No
2025-01-28,Bilbao,Publicidad,Sportwear,Mallas,XL,Verde,3,45,135,No
2025-01-13,Pamplona,Publicidad,Chaquetas,Anorak,M,Negro,4,120,480,Sí
2025-01-17,Vitoria,Rebajas,Pantalones,Montaña,42,Blanco,4,90,360,No
2025-01-13,Vitoria,Rebajas,Sportwear,Mallas,40,Negro,2,45,90,Sí
2025-01-23,Pamplona,Publicidad,Sportwear,Térmica,44,Verde,4,55,220,Sí
2025-01-12,Vitoria,Publicidad,Sportwear,Mallas,42,Blanco,5,45,225,Sí
2025-01-01,Pamplona,Rebajas,Jerseys,Chaqueta de Lana,L,Negro,5,130,650,No
2025-01-09,Bilbao,Rebajas,Pantalones,Chándal,40,Verde,3,60,180,Sí
2025-01-21,Bilbao,Rebajas,Calzado,Zapatillas,L,Azul,5,75,375,Sí
2025-01-23,Vitoria,Rebajas,Chaquetas,Plumífero,XL,Azul,4,150,600,No
2025-01-02,Donostia,Rebajas,Jerseys,Chaqueta de Lana,L,Blanco,2,130,260,No
2025-01-17,Pamplona,Publicidad,Chaquetas,Plumífero,38,Verde,2,150,300,Sí
2025-01-13,Pamplona,Rebajas,Chaquetas,Plumífero,38,Azul,3,150,450,No
2025-01-15,Pamplona,Publicidad,Sportwear,Mallas,38,Rojo,2,45,90,No
2025-01-21,Vitoria,Rebajas,Calzado,Sandalias,40,Blanco,1,40,40,Sí
2025-01-11,Bilbao,Rebajas,Jerseys,Chaqueta de Lana,XL,Gris,5,130,650,Sí
2025-01-09,Donostia,Rebajas,Pantalones,Montaña,M,Gris,3,90,270,Sí
2025-01-22,Vitoria,Rebajas,Sportwear,Térmica,M,Azul,3,55,165,No
2025-01-07,Vitoria,Rebajas,Calzado,Botas,40,Azul,3,110,330,Sí
2025-01-14,Bilbao,Rebajas,Calzado,Zapatillas,44,Gris,1,75,75,No
2025-01-11,Pamplona,Rebajas,Sportwear,Mallas,L,Negro,4,45,180,Sí
2025-01-21,Pamplona,Publicidad,Sportwear,Térmica,L,Verde,1,55,55,Sí
2025-01-05,Bilbao,Rebajas,Chaquetas,Anorak,38,Gris,4,120,480,No
2025-01-10,Bilbao,Publicidad,Calzado,Botas,44,Gris,4,110,440,Sí
2025-01-26,Bilbao,Rebajas,Calzado,Sandalias,L,Azul,4,40,160,Sí
2025-01-05,Pamplona,Rebajas,Calzado,Sandalias,40,Rojo,5,40,200,No
2025-01-28,Vitoria,Rebajas,Jerseys,Forro Polar,M,Rojo,5,80,400,No
2025-01-07,Pamplona,Publicidad,Chaquetas,Plumífero,44,Blanco,2,150,300,Sí
2025-01-05,Vitoria,Publicidad,Calzado,Botas,XL,Verde,1,110,110,Sí
2025-01-26,Donostia,Publicidad,Chaquetas,Plumífero,M,Verde,3,150,450,No
2025-01-01,Pamplona,Rebajas,Sportwear,Mallas,40,Verde,5,45,225,No
2025-01-14,Bilbao,Rebajas,Jerseys,Chaqueta de Lana,L,Rojo,4,130,520,Sí
2025-01-21,Vitoria,Rebajas,Sportwear,Mallas,44,Blanco,2,45,90,Sí
2025-01-24,Pamplona,Rebajas,Sportwear,Camisetas,44,Negro,1,30,30,No
2025-01-13,Vitoria,Rebajas,Calzado,Botas,L,Rojo,2,110,220,No
2025-01-07,Bilbao,Publicidad,Sportwear,Térmica,42,Negro,2,55,110,No
2025-01-06,Donostia,Rebajas,Sportwear,Camisetas,42,Gris,3,30,90,Sí
2025-01-04,Vitoria,Publicidad,Jerseys,Forro Polar,L,Negro,2,80,160,Sí
2025-01-07,Donostia,Publicidad,Pantalones,Montaña,L,Rojo,2,90,180,Sí
2025-01-01,Vitoria,Publicidad,Sportwear,Mallas,38,Gris,2,45,90,Sí
2025-01-09,Donostia,Rebajas,Jerseys,Chaqueta de Lana,42,Azul,4,130,520,Sí
2025-01-21,Bilbao,Publicidad,Sportwear,Mallas,44,Rojo,5,45,225,No
2025-01-08,Vitoria,Publicidad,Calzado,Zapatillas,44,Verde,2,75,150,No
2025-01-06,Pamplona,Publicidad,Calzado,Zapatillas,L,Azul,5,75,375,No
2025-01-24,Pamplona,Rebajas,Sportwear,Mallas,42,Rojo,1,45,45,Sí
2025-01-09,Donostia,Publicidad,Calzado,Botas,S,Azul,3,110,330,Sí
2025-01-03,Pamplona,Rebajas,Calzado,Sandalias,L,Verde,5,40,200,Sí
2025-01-17,Pamplona,Publicidad,Sportwear,Camisetas,42,Verde,4,30,120,Sí
2025-01-27,Donostia,Rebajas,Calzado,Zapatillas,XL,Gris,4,75,300,Sí
2025-01-19,Bilbao,Rebajas,Chaquetas,Plumífero,40,Verde,1,150,150,Sí
2025-01-05,Pamplona,Publicidad,Chaquetas,Plumífero,42,Negro,3,150,450,Sí
2025-01-20,Bilbao,Rebajas,Sportwear,Térmica,XL,Blanco,1,55,55,Sí
2025-01-22,Donostia,Rebajas,Calzado,Botas,XL,Gris,5,110,550,No
2025-01-16,Vitoria,Publicidad,Calzado,Zapatillas,40,Verde,2,75,150,Sí
2025-01-08,Pamplona,Rebajas,Calzado,Zapatillas,40,Blanco,4,75,300,No
2025-01-24,Bilbao,Rebajas,Calzado,Botas,38,Verde,4,110,440,No
2025-01-27,Pamplona,Publicidad,Calzado,Sandalias,44,Gris,3,40,120,Sí
2025-01-23,Vitoria,Publicidad,Calzado,Sandalias,S,Azul,5,40,200,No
2025-01-26,Vitoria,Rebajas,Pantalones,Montaña,M,Azul,2,90,180,Sí
2025-01-15,Donostia,Publicidad,Chaquetas,Anorak,XL,Negro,1,120,120,No
2025-01-21,Vitoria,Publicidad,Pantalones,Chándal,40,Azul,5,60,300,Sí
2025-01-15,Pamplona,Rebajas,Calzado,Sandalias,44,Rojo,4,40,160,Sí
2025-01-04,Donostia,Rebajas,Sportwear,Camisetas,M,Rojo,1,30,30,No
2025-01-02,Donostia,Rebajas,Calzado,Sandalias,XL,Blanco,5,40,200,Sí
2025-01-12,Donostia,Rebajas,Sportwear,Térmica,S,Azul,2,55,110,No
2025-01-28,Bilbao,Publicidad,Chaquetas,Anorak,S,Negro,3,120,360,Sí
2025-01-07,Bilbao,Rebajas,Pantalones,Montaña,S,Rojo,4,90,360,Sí
2025-01-03,Bilbao,Rebajas,Pantalones,Chándal,L,Gris,2,60,120,Sí
2025-01-03,Vitoria,Publicidad,Sportwear,Mallas,40,Negro,1,45,45,No
2025-01-05,Vitoria,Publicidad,Sportwear,Camisetas,38,Gris,5,30,150,No
2025-01-21,Donostia,Publicidad,Calzado,Botas,XL,Negro,2,110,220,Sí
2025-01-12,Donostia,Rebajas,Pantalones,Montaña,38,Rojo,1,90,90,Sí
2025-01-10,Pamplona,Rebajas,Calzado,Botas,XL,Gris,5,110,550,Sí
2025-01-13,Bilbao,Publicidad,Jerseys,Forro Polar,38,Negro,1,80,80,Sí
2025-01-15,Pamplona,Rebajas,Pantalones,Montaña,44,Rojo,3,90,270,Sí
2025-01-01,Pamplona,Rebajas,Calzado,Zapatillas,S,Negro,5,75,375,Sí
2025-01-18,Pamplona,Rebajas,Sportwear,Mallas,S,Azul,1,45,45,Sí
2025-01-03,Vitoria,Rebajas,Sportwear,Camisetas,XL,Gris,5,30,150,No
2025-01-16,Vitoria,Publicidad,Calzado,Zapatillas,M,Blanco,2,75,150,Sí
2025-01-19,Bilbao,Publicidad,Chaquetas,Anorak,38,Gris,4,120,480,No
2025-01-20,Vitoria,Rebajas,Pantalones,Montaña,XL,Azul,4,90,360,No
2025-01-02,Bilbao,Rebajas,Pantalones,Chándal,M,Blanco,4,60,240,Sí
2025-01-18,Vitoria,Rebajas,Pantalones,Chándal,44,Azul,2,60,120,Sí
2025-01-15,Bilbao,Rebajas,Sportwear,Mallas,44,Gris,5,45,225,Sí
2025-01-06,Bilbao,Rebajas,Pantalones,Montaña,44,Verde,3,90,270,No
2025-01-28,Donostia,Rebajas,Calzado,Botas,M,Negro,3,110,330,No
2025-01-08,Vitoria,Publicidad,Calzado,Zapatillas,M,Gris,2,75,150,No
2025-01-11,Vitoria,Publicidad,Chaquetas,Anorak,XL,Gris,5,120,600,No
2025-01-11,Pamplona,Publicidad,Sportwear,Térmica,XL,Rojo,1,55,55,No
2025-01-01,Pamplona,Rebajas,Sportwear,Térmica,M,Blanco,1,55,55,Sí
2025-01-06,Pamplona,Publicidad,Chaquetas,Plumífero,XL,Negro,1,150,150,Sí
2025-01-27,Vitoria,Rebajas,Jerseys,Forro Polar,42,Blanco,3,80,240,Sí
2025-01-17,Donostia,Publicidad,Calzado,Zapatillas,S,Verde,3,75,225,Sí
2025-01-13,Bilbao,Rebajas,Sportwear,Camisetas,42,Verde,1,30,30,Sí
2025-01-10,Donostia,Rebajas,Jerseys,Forro Polar,42,Azul,2,80,160,Sí
2025-01-11,Pamplona,Rebajas,Calzado,Sandalias,S,Blanco,4,40,160,Sí
2025-01-17,Vitoria,Rebajas,Sportwear,Mallas,S,Rojo,4,45,180,Sí
2025-01-03,Donostia,Rebajas,Calzado,Sandalias,S,Gris,2,40,80,Sí
2025-01-04,Vitoria,Publicidad,Chaquetas,Plumífero,42,Azul,2,150,300,No
2025-01-18,Pamplona,Publicidad,Calzado,Zapatillas,44,Negro,3,75,225,No
2025-01-04,Vitoria,Rebajas,Sportwear,Térmica,S,Azul,5,55,275,Sí
2025-01-06,Bilbao,Publicidad,Sportwear,Mallas,38,Negro,5,45,225,No
2025-01-04,Vitoria,Rebajas,Chaquetas,Plumífero,40,Blanco,4,150,600,Sí
2025-01-03,Bilbao,Rebajas,Chaquetas,Plumífero,40,Rojo,2,150,300,No
2025-01-25,Bilbao,Rebajas,Calzado,Sandalias,40,Azul,1,40,40,Sí
2025-01-10,Bilbao,Publicidad,Calzado,Botas,38,Verde,2,110,220,No
2025-01-20,Vitoria,Publicidad,Calzado,Sandalias,38,Azul,4,40,160,No
2025-01-26,Pamplona,Publicidad,Pantalones,Montaña,S,Rojo,2,90,180,No
2025-01-18,Donostia,Publicidad,Calzado,Botas,44,Azul,5,110,550,No
2025-01-06,Bilbao,Publicidad,Jerseys,Chaqueta de Lana,L,Azul,2,130,260,No
2025-01-15,Donostia,Publicidad,Chaquetas,Anorak,L,Rojo,5,120,600,Sí
2025-01-16,Donostia,Rebajas,Sportwear,Mallas,42,Gris,3,45,135,No
2025-01-14,Bilbao,Publicidad,Pantalones,Montaña,40,Blanco,1,90,90,No
2025-01-15,Pamplona,Publicidad,Calzado,Zapatillas,XL,Rojo,5,75,375,Sí
2025-01-15,Vitoria,Publicidad,Calzado,Sandalias,44,Azul,5,40,200,Sí
2025-01-19,Donostia,Publicidad,Jerseys,Chaqueta de Lana,L,Rojo,1,130,130,No
2025-01-18,Donostia,Publicidad,Jerseys,Forro Polar,S,Azul,1,80,80,No
2025-01-20,Pamplona,Publicidad,Calzado,Zapatillas,M,Blanco,2,75,150,No
2025-01-04,Pamplona,Publicidad,Jerseys,Chaqueta de Lana,M,Negro,4,130,520,Sí
2025-01-24,Bilbao,Rebajas,Pantalones,Montaña,38,Negro,1,90,90,No
2025-01-27,Vitoria,Rebajas,Calzado,Zapatillas,S,Rojo,1,75,75,Sí
2025-01-15,Bilbao,Rebajas,Pantalones,Chándal,XL,Verde,4,60,240,No
2025-01-28,Pamplona,Publicidad,Calzado,Zapatillas,42,Negro,5,75,375,No
2025-01-02,Donostia,Rebajas,Pantalones,Chándal,XL,Azul,5,60,300,Sí
2025-01-18,Donostia,Publicidad,Calzado,Sandalias,XL,Negro,5,40,200,Sí
2025-01-08,Bilbao,Publicidad,Sportwear,Mallas,S,Rojo,2,45,90,No
2025-01-28,Pamplona,Rebajas,Calzado,Sandalias,L,Gris,1,40,40,No
2025-01-01,Pamplona,Rebajas,Sportwear,Mallas,38,Negro,1,45,45,Sí
2025-01-19,Vitoria,Rebajas,Calzado,Sandalias,40,Rojo,5,40,200,Sí
2025-01-22,Vitoria,Rebajas,Sportwear,Térmica,L,Verde,1,55,55,No
2025-01-07,Vitoria,Rebajas,Calzado,Sandalias,42,Rojo,5,40,200,Sí
2025-01-18,Pamplona,Publicidad,Chaquetas,Anorak,L,Blanco,1,120,120,No
2025-01-04,Vitoria,Rebajas,Pantalones,Chándal,40,Blanco,5,60,300,Sí
2025-01-08,Donostia,Rebajas,Sportwear,Camisetas,44,Rojo,3,30,90,Sí
2025-01-09,Donostia,Rebajas,Jerseys,Chaqueta de Lana,XL,Rojo,4,130,520,No
2025-01-03,Bilbao,Publicidad,Sportwear,Térmica,XL,Azul,5,55,275,Sí
2025-01-12,Vitoria,Rebajas,Chaquetas,Plumífero,M,Negro,4,150,600,No
2025-01-21,Bilbao,Rebajas,Chaquetas,Anorak,44,Verde,4,120,480,Sí
2025-01-13,Donostia,Publicidad,Sportwear,Camisetas,42,Negro,4,30,120,Sí
2025-01-04,Vitoria,Rebajas,Chaquetas,Anorak,M,Verde,3,120,360,No
2025-01-05,Donostia,Publicidad,Calzado,Sandalias,42,Rojo,2,40,80,No
2025-01-09,Pamplona,Rebajas,Sportwear,Mallas,XL,Rojo,5,45,225,No
2025-01-19,Vitoria,Publicidad,Sportwear,Mallas,40,Azul,4,45,180,Sí
2025-01-09,Pamplona,Publicidad,Chaquetas,Plumífero,S,Azul,2,150,300,No
2025-01-22,Donostia,Publicidad,Jerseys,Forro Polar,S,Azul,3,80,240,Sí
2025-01-11,Donostia,Rebajas,Calzado,Zapatillas,42,Gris,2,75,150,Sí
2025-01-08,Pamplona,Rebajas,Calzado,Zapatillas,XL,Verde,5,75,375,No
2025-01-09,Vitoria,Rebajas,Chaquetas,Anorak,M,Azul,2,120,240,Sí
2025-01-13,Bilbao,Publicidad,Calzado,Sandalias,M,Blanco,1,40,40,No
2025-01-23,Bilbao,Rebajas,Jerseys,Chaqueta de Lana,40,Gris,5,130,650,Sí
2025-01-25,Vitoria,Rebajas,Pantalones,Chándal,38,Rojo,4,60,240,Sí
2025-01-11,Vitoria,Publicidad,Sportwear,Camisetas,44,Azul,2,30,60,No
2025-01-25,Vitoria,Rebajas,Pantalones,Montaña,44,Blanco,4,90,360,Sí
2025-01-07,Donostia,Rebajas,Jerseys,Chaqueta de Lana,42,Gris,3,130,390,Sí
2025-01-02,Bilbao,Rebajas,Pantalones,Montaña,42,Negro,2,90,180,No
2025-01-16,Vitoria,Rebajas,Sportwear,Mallas,40,Azul,1,45,45,No
2025-01-15,Pamplona,Publicidad,Pantalones,Chándal,40,Azul,5,60,300,No
2025-01-06,Donostia,Publicidad,Pantalones,Montaña,S,Azul,2,90,180,Sí
2025-01-06,Bilbao,Publicidad,Sportwear,Camisetas,44,Verde,3,30,90,Sí
2025-01-03,Bilbao,Publicidad,Jerseys,Chaqueta de Lana,M,Negro,4,130,520,Sí
2025-01-08,Donostia,Rebajas,Pantalones,Chándal,XL,Blanco,3,60,180,Sí
2025-01-26,Donostia,Publicidad,Jerseys,Chaqueta de Lana,XL,Verde,3,130,390,Sí
2025-01-12,Vitoria,Publicidad,Sportwear,Térmica,44,Blanco,3,55,165,No
2025-01-22,Vitoria,Publicidad,Jerseys,Forro Polar,40,Blanco,4,80,320,No
2025-01-26,Bilbao,Publicidad,Chaquetas,Anorak,S,Rojo,4,120,480,No
2025-01-25,Vitoria,Rebajas,Sportwear,Térmica,M,Gris,1,55,55,No
2025-01-02,Vitoria,Rebajas,Jerseys,Chaqueta de Lana,42,Verde,2,130,260,Sí
2025-01-09,Vitoria,Publicidad,Chaquetas,Anorak,42,Verde,5,120,600,No
2025-01-23,Vitoria,Publicidad,Calzado,Sandalias,40,Rojo,1,40,40,Sí
2025-01-22,Pamplona,Rebajas,Chaquetas,Plumífero,38,Azul,3,150,450,Sí
2025-01-12,Donostia,Rebajas,Sportwear,Camisetas,XL,Negro,4,30,120,Sí
2025-01-12,Pamplona,Publicidad,Sportwear,Mallas,S,Rojo,1,45,45,No
2025-01-09,Donostia,Publicidad,Sportwear,Camisetas,42,Azul,5,30,150,Sí
2025-01-09,Bilbao,Rebajas,Sportwear,Camisetas,L,Negro,2,30,60,Sí
2025-01-19,Vitoria,Rebajas,Pantalones,Montaña,L,Azul,2,90,180,Sí
2025-01-07,Bilbao,Publicidad,Pantalones,Montaña,M,Blanco,4,90,360,No
2025-01-25,Vitoria,Rebajas,Chaquetas,Anorak,L,Gris,3,120,360,No
2025-01-23,Bilbao,Publicidad,Calzado,Botas,38,Blanco,4,110,440,Sí
2025-01-09,Donostia,Rebajas,Calzado,Sandalias,S,Azul,3,40,120,Sí
2025-01-11,Bilbao,Rebajas,Chaquetas,Anorak,L,Blanco,3,120,360,No
2025-01-26,Vitoria,Publicidad,Chaquetas,Anorak,40,Verde,3,120,360,No
2025-01-06,Vitoria,Rebajas,Calzado,Sandalias,44,Gris,4,40,160,No
2025-01-10,Bilbao,Rebajas,Sportwear,Mallas,L,Rojo,5,45,225,No
2025-01-24,Vitoria,Publicidad,Pantalones,Chándal,XL,Verde,5,60,300,No
2025-01-04,Bilbao,Rebajas,Jerseys,Forro Polar,M,Azul,2,80,160,Sí
2025-01-05,Donostia,Rebajas,Pantalones,Chándal,40,Rojo,3,60,180,Sí
2025-01-26,Pamplona,Rebajas,Chaquetas,Plumífero,38,Blanco,3,150,450,Sí
2025-01-23,Vitoria,Rebajas,Calzado,Botas,XL,Verde,4,110,440,No
2025-01-28,Vitoria,Rebajas,Sportwear,Mallas,42,Gris,1,45,45,No
2025-01-20,Vitoria,Publicidad,Pantalones,Montaña,42,Negro,3,90,270,Sí
2025-01-24,Vitoria,Publicidad,Jerseys,Forro Polar,38,Azul,5,80,400,Sí
2025-01-16,Pamplona,Publicidad,Sportwear,Mallas,L,Azul,1,45,45,Sí
2025-01-07,Donostia,Publicidad,Chaquetas,Anorak,38,Rojo,4,120,480,Sí
2025-01-24,Bilbao,Rebajas,Sportwear,Mallas,40,Gris,4,45,180,Sí
2025-01-23,Bilbao,Publicidad,Jerseys,Forro Polar,42,Negro,1,80,80,No
2025-01-02,Donostia,Publicidad,Chaquetas,Anorak,S,Gris,5,120,600,No
2025-01-22,Bilbao,Publicidad,Calzado,Sandalias,42,Azul,3,40,120,Sí
2025-01-25,Donostia,Publicidad,Sportwear,Mallas,44,Azul,4,45,180,No
2025-01-23,Vitoria,Rebajas,Calzado,Sandalias,40,Gris,3,40,120,No
2025-01-20,Bilbao,Rebajas,Sportwear,Térmica,42,Negro,4,55,220,Sí
2025-01-17,Vitoria,Rebajas,Jerseys,Forro Polar,S,Verde,3,80,240,No
2025-01-22,Donostia,Rebajas,Jerseys,Chaqueta de Lana,M,Negro,2,130,260,No
2025-01-27,Pamplona,Publicidad,Calzado,Botas,L,Rojo,5,110,550,Sí
2025-01-17,Vitoria,Publicidad,Sportwear,Camisetas,42,Rojo,3,30,90,Sí
2025-01-12,Donostia,Publicidad,Chaquetas,Plumífero,42,Azul,1,150,150,Sí
2025-01-26,Vitoria,Rebajas,Sportwear,Térmica,M,Azul,3,55,165,No
2025-01-21,Pamplona,Publicidad,Sportwear,Térmica,L,Azul,3,55,165,Sí
2025-01-06,Bilbao,Publicidad,Sportwear,Térmica,40,Verde,3,55,165,Sí
2025-01-12,Pamplona,Rebajas,Calzado,Botas,42,Azul,3,110,330,Sí
2025-01-24,Vitoria,Publicidad,Calzado,Botas,XL,Gris,5,110,550,Sí
2025-01-17,Pamplona,Publicidad,Chaquetas,Anorak,38,Blanco,5,120,600,No
2025-01-13,Pamplona,Rebajas,Calzado,Zapatillas,42,Blanco,5,75,375,Sí
2025-01-16,Donostia,Rebajas,Chaquetas,Plumífero,38,Rojo,4,150,600,Sí
2025-01-20,Vitoria,Publicidad,Calzado,Botas,38,Azul,2,110,220,No
2025-01-04,Bilbao,Rebajas,Sportwear,Mallas,44,Azul,1,45,45,No
2025-01-20,Bilbao,Publicidad,Chaquetas,Anorak,44,Blanco,1,120,120,Sí
2025-01-04,Vitoria,Publicidad,Chaquetas,Plumífero,38,Negro,5,150,750,Sí
2025-01-08,Pamplona,Rebajas,Jerseys,Forro Polar,44,Blanco,5,80,400,Sí
2025-01-07,Vitoria,Rebajas,Sportwear,Camisetas,S,Negro,2,30,60,No
2025-01-21,Vitoria,Rebajas,Chaquetas,Anorak,38,Rojo,2,120,240,Sí
2025-01-19,Bilbao,Rebajas,Sportwear,Térmica,38,Blanco,4,55,220,No
2025-01-17,Vitoria,Publicidad,Pantalones,Chándal,40,Gris,5,60,300,Sí
2025-01-25,Vitoria,Publicidad,Jerseys,Chaqueta de Lana,XL,Verde,5,130,650,Sí
2025-01-10,Pamplona,Publicidad,Calzado,Zapatillas,38,Negro,5,75,375,No
2025-01-03,Donostia,Publicidad,Sportwear,Camisetas,38,Azul,4,30,120,Sí
2025-01-24,Donostia,Rebajas,Sportwear,Térmica,M,Negro,4,55,220,No
2025-01-05,Donostia,Publicidad,Sportwear,Mallas,42,Azul,2,45,90,Sí
2025-01-20,Vitoria,Rebajas,Pantalones,Montaña,38,Azul,4,90,360,Sí
2025-01-16,Pamplona,Publicidad,Pantalones,Montaña,M,Verde,4,90,360,Sí
2025-01-11,Donostia,Publicidad,Chaquetas,Anorak,XL,Verde,4,120,480,No
2025-01-11,Pamplona,Rebajas,Chaquetas,Plumífero,44,Rojo,4,150,600,Sí
2025-01-26,Vitoria,Publicidad,Jerseys,Chaqueta de Lana,42,Gris,2,130,260,No
2025-01-09,Pamplona,Publicidad,Chaquetas,Anorak,M,Blanco,1,120,120,Sí
2025-01-02,Vitoria,Publicidad,Chaquetas,Anorak,M,Azul,3,120,360,No
2025-01-11,Bilbao,Rebajas,Pantalones,Chándal,M,Blanco,2,60,120,No
2025-01-06,Donostia,Rebajas,Calzado,Sandalias,44,Verde,5,40,200,Sí
2025-01-02,Bilbao,Rebajas,Calzado,Zapatillas,XL,Verde,4,75,300,Sí
2025-01-21,Bilbao,Publicidad,Calzado,Zapatillas,40,Rojo,5,75,375,No
2025-01-19,Bilbao,Rebajas,Calzado,Zapatillas,42,Verde,1,75,75,Sí
2025-01-09,Bilbao,Rebajas,Sportwear,Camisetas,S,Blanco,4,30,120,Sí
2025-01-28,Donostia,Rebajas,Pantalones,Chándal,S,Negro,2,60,120,No
2025-01-21,Vitoria,Rebajas,Pantalones,Chándal,S,Verde,2,60,120,Sí
2025-01-25,Bilbao,Rebajas,Sportwear,Térmica,38,Rojo,5,55,275,Sí
2025-01-11,Pamplona,Rebajas,Jerseys,Chaqueta de Lana,42,Azul,2,130,260,Sí
2025-01-16,Pamplona,Publicidad,Sportwear,Térmica,L,Gris,5,55,275,Sí
2025-01-25,Donostia,Publicidad,Calzado,Sandalias,42,Verde,4,40,160,No
2025-01-07,Donostia,Rebajas,Pantalones,Montaña,38,Verde,5,90,450,Sí
2025-01-06,Donostia,Rebajas,Sportwear,Térmica,44,Verde,4,55,220,Sí
2025-01-27,Donostia,Rebajas,Sportwear,Mallas,40,Verde,5,45,225,Sí
2025-01-04,Vitoria,Publicidad,Jerseys,Chaqueta de Lana,S,Rojo,1,130,130,Sí
2025-01-13,Bilbao,Rebajas,Calzado,Botas,S,Verde,4,110,440,Sí
2025-01-14,Donostia,Rebajas,Chaquetas,Anorak,38,Blanco,5,120,600,No
2025-01-10,Vitoria,Publicidad,Calzado,Botas,42,Azul,1,110,110,No
2025-01-22,Pamplona,Rebajas,Pantalones,Chándal,44,Rojo,4,60,240,Sí
2025-01-23,Bilbao,Publicidad,Pantalones,Chándal,44,Azul,5,60,300,Sí
2025-01-04,Vitoria,Rebajas,Sportwear,Térmica,L,Blanco,5,55,275,Sí
2025-01-03,Donostia,Publicidad,Sportwear,Térmica,42,Blanco,3,55,165,No
2025-01-10,Vitoria,Publicidad,Chaquetas,Anorak,44,Verde,2,120,240,Sí
2025-01-06,Vitoria,Rebajas,Jerseys,Chaqueta de Lana,38,Verde,4,130,520,No
2025-01-11,Vitoria,Publicidad,Chaquetas,Anorak,42,Gris,4,120,480,Sí
2025-01-08,Donostia,Rebajas,Jerseys,Forro Polar,38,Gris,2,80,160,Sí
2025-01-23,Pamplona,Rebajas,Chaquetas,Plumífero,42,Gris,2,150,300,No
2025-01-10,Bilbao,Rebajas,Sportwear,Térmica,XL,Verde,4,55,220,Sí
2025-01-17,Vitoria,Publicidad,Calzado,Botas,40,Verde,5,110,550,No
2025-01-28,Bilbao,Publicidad,Pantalones,Montaña,S,Blanco,4,90,360,Sí
2025-01-05,Pamplona,Rebajas,Jerseys,Chaqueta de Lana,S,Blanco,5,130,650,No
2025-01-15,Pamplona,Publicidad,Pantalones,Montaña,M,Verde,5,90,450,No
2025-01-07,Vitoria,Publicidad,Jerseys,Forro Polar,XL,Rojo,1,80,80,No
2025-01-18,Bilbao,Publicidad,Chaquetas,Anorak,44,Gris,5,120,600,Sí
2025-01-26,Pamplona,Rebajas,Sportwear,Mallas,40,Negro,5,45,225,No
2025-01-08,Vitoria,Publicidad,Chaquetas,Anorak,XL,Verde,1,120,120,Sí
2025-01-22,Donostia,Rebajas,Jerseys,Chaqueta de Lana,XL,Gris,2,130,260,Sí
2025-01-16,Vitoria,Publicidad,Chaquetas,Anorak,42,Gris,3,120,360,No
2025-01-25,Donostia,Rebajas,Jerseys,Forro Polar,44,Rojo,2,80,160,No
2025-01-04,Pamplona,Publicidad,Pantalones,Montaña,M,Negro,2,90,180,No
2025-01-23,Donostia,Publicidad,Jerseys,Chaqueta de Lana,38,Rojo,2,130,260,No
2025-01-03,Donostia,Rebajas,Calzado,Sandalias,L,Rojo,3,40,120,No
2025-01-25,Donostia,Rebajas,Chaquetas,Anorak,42,Blanco,2,120,240,No
2025-01-02,Bilbao,Publicidad,Chaquetas,Plumífero,38,Azul,4,150,600,Sí
2025-01-18,Bilbao,Publicidad,Sportwear,Camisetas,L,Rojo,3,30,90,Sí
2025-01-02,Vitoria,Publicidad,Sportwear,Mallas,44,Gris,2,45,90,Sí
2025-01-03,Vitoria,Publicidad,Pantalones,Chándal,L,Azul,2,60,120,Sí
2025-01-08,Pamplona,Rebajas,Sportwear,Térmica,42,Rojo,3,55,165,No
2025-01-18,Vitoria,Publicidad,Pantalones,Montaña,44,Rojo,2,90,180,Sí
2025-01-03,Donostia,Rebajas,Calzado,Sandalias,L,Negro,1,40,40,No
2025-01-21,Donostia,Publicidad,Sportwear,Mallas,M,Blanco,4,45,180,Sí
2025-01-17,Donostia,Rebajas,Calzado,Botas,S,Negro,1,110,110,No
2025-01-24,Donostia,Rebajas,Calzado,Botas,L,Rojo,5,110,550,Sí
2025-01-27,Donostia,Rebajas,Calzado,Botas,40,Rojo,5,110,550,Sí
2025-01-22,Bilbao,Rebajas,Calzado,Zapatillas,40,Blanco,1,75,75,Sí
2025-01-24,Bilbao,Publicidad,Calzado,Botas,42,Gris,1,110,110,No
2025-01-24,Donostia,Rebajas,Pantalones,Montaña,42,Blanco,4,90,360,No
2025-01-04,Vitoria,Publicidad,Calzado,Sandalias,L,Rojo,3,40,120,Sí
2025-01-17,Bilbao,Rebajas,Chaquetas,Anorak,M,Negro,5,120,600,No
2025-01-09,Bilbao,Rebajas,Sportwear,Camisetas,XL,Negro,1,30,30,Sí
2025-01-16,Bilbao,Rebajas,Calzado,Sandalias,44,Gris,4,40,160,No
2025-01-01,Donostia,Publicidad,Pantalones,Montaña,XL,Verde,3,90,270,Sí
2025-01-02,Donostia,Publicidad,Jerseys,Chaqueta de Lana,M,Negro,5,130,650,Sí
2025-01-17,Bilbao,Publicidad,Pantalones,Montaña,38,Negro,3,90,270,Sí
2025-01-24,Vitoria,Rebajas,Chaquetas,Anorak,44,Verde,1,120,120,Sí
2025-01-25,Vitoria,Publicidad,Jerseys,Chaqueta de Lana,M,Blanco,5,130,650,No
2025-01-04,Vitoria,Publicidad,Pantalones,Montaña,M,Gris,3,90,270,Sí
2025-01-04,Pamplona,Publicidad,Calzado,Botas,44,Rojo,4,110,440,Sí
2025-01-19,Bilbao,Publicidad,Sportwear,Camisetas,M,Negro,5,30,150,No
2025-01-23,Donostia,Publicidad,Sportwear,Camisetas,38,Azul,3,30,90,Sí
2025-01-21,Vitoria,Publicidad,Chaquetas,Anorak,44,Blanco,2,120,240,Sí
2025-01-12,Vitoria,Rebajas,Calzado,Sandalias,42,Gris,4,40,160,No
2025-01-19,Bilbao,Publicidad,Sportwear,Térmica,S,Blanco,3,55,165,Sí
2025-01-14,Vitoria,Rebajas,Sportwear,Camisetas,40,Rojo,3,30,90,Sí
2025-01-03,Vitoria,Publicidad,Calzado,Sandalias,L,Blanco,1,40,40,Sí
2025-01-27,Vitoria,Publicidad,Jerseys,Forro Polar,42,Rojo,5,80,400,No
2025-01-07,Donostia,Publicidad,Calzado,Sandalias,38,Azul,5,40,200,Sí
2025-01-21,Bilbao,Publicidad,Sportwear,Térmica,L,Azul,3,55,165,No
2025-01-09,Donostia,Rebajas,Chaquetas,Plumífero,XL,Blanco,1,150,150,Sí
2025-01-04,Bilbao,Rebajas,Calzado,Botas,XL,Azul,3,110,330,Sí
2025-01-17,Bilbao,Publicidad,Chaquetas,Plumífero,S,Azul,3,150,450,Sí
2025-01-13,Pamplona,Publicidad,Calzado,Botas,40,Verde,3,110,330,Sí
2025-01-05,Bilbao,Rebajas,Pantalones,Chándal,40,Negro,3,60,180,No
2025-01-26,Donostia,Publicidad,Jerseys,Chaqueta de Lana,S,Negro,1,130,130,No
2025-01-04,Donostia,Publicidad,Jerseys,Chaqueta de Lana,L,Blanco,3,130,390,No
2025-01-12,Bilbao,Rebajas,Chaquetas,Plumífero,38,Azul,2,150,300,Sí
2025-01-11,Pamplona,Publicidad,Sportwear,Térmica,S,Rojo,2,55,110,Sí
2025-01-23,Bilbao,Rebajas,Chaquetas,Anorak,42,Blanco,3,120,360,Sí
2025-01-04,Vitoria,Publicidad,Chaquetas,Plumífero,M,Verde,3,150,450,Sí
2025-01-20,Donostia,Publicidad,Jerseys,Chaqueta de Lana,38,Blanco,3,130,390,No
2025-01-19,Donostia,Rebajas,Calzado,Botas,S,Gris,2,110,220,Sí
2025-01-04,Bilbao,Rebajas,Chaquetas,Anorak,40,Rojo,5,120,600,Sí
2025-01-07,Pamplona,Publicidad,Calzado,Sandalias,44,Negro,4,40,160,Sí
2025-01-27,Vitoria,Publicidad,Calzado,Botas,40,Rojo,3,110,330,Sí
2025-01-26,Vitoria,Publicidad,Calzado,Sandalias,L,Rojo,3,40,120,Sí
2025-01-04,Bilbao,Rebajas,Calzado,Sandalias,40,Azul,5,40,200,No
2025-01-14,Vitoria,Rebajas,Calzado,Zapatillas,S,Negro,2,75,150,No
2025-01-28,Donostia,Rebajas,Sportwear,Mallas,L,Rojo,4,45,180,No
2025-01-24,Donostia,Publicidad,Sportwear,Camisetas,38,Azul,5,30,150,Sí
2025-01-15,Donostia,Rebajas,Sportwear,Térmica,40,Verde,4,55,220,No
2025-01-07,Donostia,Rebajas,Sportwear,Mallas,M,Negro,4,45,180,Sí
2025-01-20,Donostia,Rebajas,Chaquetas,Anorak,42,Negro,2,120,240,Sí
2025-01-05,Pamplona,Rebajas,Calzado,Sandalias,44,Negro,1,40,40,No
2025-01-26,Vitoria,Rebajas,Sportwear,Camisetas,38,Blanco,3,30,90,No
2025-01-14,Vitoria,Rebajas,Sportwear,Mallas,42,Negro,4,45,180,No
2025-01-12,Bilbao,Publicidad,Pantalones,Chándal,XL,Gris,3,60,180,No
2025-01-03,Vitoria,Rebajas,Chaquetas,Anorak,40,Blanco,2,120,240,Sí
2025-01-20,Donostia,Rebajas,Pantalones,Montaña,S,Rojo,3,90,270,No
2025-01-24,Bilbao,Rebajas,Pantalones,Montaña,M,Azul,1,90,90,No
2025-01-10,Pamplona,Rebajas,Calzado,Zapatillas,M,Verde,4,75,300,Sí
2025-01-18,Vitoria,Rebajas,Sportwear,Térmica,42,Blanco,1,55,55,Sí
2025-01-23,Pamplona,Rebajas,Pantalones,Montaña,44,Azul,1,90,90,No
2025-01-01,Vitoria,Rebajas,Sportwear,Térmica,XL,Negro,5,55,275,Sí
2025-01-24,Pamplona,Rebajas,Pantalones,Chándal,44,Rojo,4,60,240,Sí
2025-01-27,Pamplona,Rebajas,Calzado,Zapatillas,S,Rojo,5,75,375,No
2025-01-13,Pamplona,Rebajas,Calzado,Sandalias,40,Gris,1,40,40,Sí
2025-01-11,Pamplona,Rebajas,Sportwear,Térmica,44,Verde,4,55,220,No
2025-01-19,Bilbao,Rebajas,Chaquetas,Anorak,44,Negro,4,120,480,No
2025-01-01,Vitoria,Rebajas,Sportwear,Camisetas,42,Gris,1,30,30,Sí
2025-01-14,Vitoria,Publicidad,Calzado,Botas,XL,Azul,4,110,440,No
2025-01-03,Donostia,Rebajas,Jerseys,Forro Polar,XL,Verde,5,80,400,No
2025-01-09,Donostia,Rebajas,Jerseys,Chaqueta de Lana,42,Gris,4,130,520,Sí
2025-01-16,Bilbao,Publicidad,Chaquetas,Anorak,XL,Blanco,5,120,600,Sí
2025-01-14,Pamplona,Rebajas,Calzado,Zapatillas,38,Gris,1,75,75,No
2025-01-14,Vitoria,Publicidad,Calzado,Sandalias,44,Azul,1,40,40,No
2025-01-09,Vitoria,Publicidad,Sportwear,Camisetas,L,Rojo,1,30,30,No
2025-01-25,Vitoria,Publicidad,Jerseys,Chaqueta de Lana,38,Gris,5,130,650,Sí
2025-01-17,Vitoria,Publicidad,Pantalones,Chándal,M,Gris,5,60,300,Sí
2025-01-11,Vitoria,Publicidad,Sportwear,Camisetas,XL,Gris,1,30,30,No
2025-01-07,Vitoria,Rebajas,Jerseys,Forro Polar,XL,Verde,4,80,320,Sí
2025-01-28,Bilbao,Publicidad,Jerseys,Forro Polar,XL,Negro,2,80,160,Sí
2025-01-26,Donostia,Publicidad,Chaquetas,Anorak,42,Rojo,2,120,240,Sí
2025-01-09,Bilbao,Rebajas,Jerseys,Chaqueta de Lana,M,Gris,2,130,260,Sí
2025-01-14,Donostia,Publicidad,Sportwear,Camisetas,44,Verde,5,30,150,No
2025-01-21,Vitoria,Rebajas,Chaquetas,Anorak,38,Negro,1,120,120,No
2025-01-10,Bilbao,Rebajas,Jerseys,Forro Polar,S,Gris,1,80,80,No
2025-01-28,Vitoria,Rebajas,Sportwear,Térmica,38,Azul,2,55,110,No
2025-01-11,Donostia,Rebajas,Calzado,Zapatillas,XL,Blanco,1,75,75,Sí
2025-01-13,Vitoria,Rebajas,Calzado,Sandalias,38,Blanco,2,40,80,No
2025-01-02,Pamplona,Publicidad,Pantalones,Montaña,42,Gris,1,90,90,Sí
2025-01-01,Donostia,Publicidad,Calzado,Sandalias,M,Azul,3,40,120,No
2025-01-04,Donostia,Rebajas,Chaquetas,Anorak,L,Blanco,3,120,360,No
2025-01-09,Bilbao,Rebajas,Calzado,Botas,L,Azul,4,110,440,No
2025-01-12,Pamplona,Publicidad,Jerseys,Chaqueta de Lana,M,Blanco,1,130,130,Sí
2025-01-26,Vitoria,Rebajas,Calzado,Sandalias,40,Verde,3,40,120,No
2025-01-03,Vitoria,Rebajas,Sportwear,Térmica,38,Negro,2,55,110,No
2025-01-21,Vitoria,Publicidad,Pantalones,Montaña,44,Negro,1,90,90,No
2025-01-13,Donostia,Publicidad,Calzado,Zapatillas,40,Azul,4,75,300,No
2025-01-13,Donostia,Publicidad,Sportwear,Camisetas,M,Negro,4,30,120,No
2025-01-04,Vitoria,Rebajas,Calzado,Zapatillas,42,Rojo,2,75,150,Sí
2025-01-28,Bilbao,Publicidad,Chaquetas,Plumífero,42,Blanco,3,150,450,No
2025-01-22,Vitoria,Rebajas,Chaquetas,Plumífero,42,Negro,5,150,750,No
2025-01-15,Vitoria,Publicidad,Pantalones,Montaña,42,Negro,1,90,90,Sí
2025-01-09,Pamplona,Rebajas,Chaquetas,Anorak,44,Azul,1,120,120,No
2025-01-19,Vitoria,Rebajas,Pantalones,Chándal,40,Gris,2,60,120,No
2025-01-05,Donostia,Publicidad,Pantalones,Montaña,38,Azul,3,90,270,No
2025-01-18,Donostia,Rebajas,Pantalones,Montaña,42,Verde,1,90,90,Sí
2025-01-11,Vitoria,Rebajas,Sportwear,Térmica,40,Negro,1,55,55,No
2025-01-06,Vitoria,Publicidad,Pantalones,Chándal,42,Verde,5,60,300,Sí
2025-01-20,Vitoria,Rebajas,Sportwear,Mallas,XL,Blanco,1,45,45,No
2025-01-02,Vitoria,Rebajas,Calzado,Botas,S,Azul,3,110,330,Sí
2025-01-14,Donostia,Publicidad,Sportwear,Camisetas,40,Negro,1,30,30,No
2025-01-20,Pamplona,Publicidad,Calzado,Sandalias,L,Verde,2,40,80,Sí
2025-01-01,Vitoria,Rebajas,Calzado,Sandalias,40,Azul,2,40,80,Sí
2025-01-16,Donostia,Rebajas,Calzado,Zapatillas,XL,Rojo,4,75,300,No
2025-01-28,Pamplona,Publicidad,Chaquetas,Anorak,L,Blanco,4,120,480,No
2025-01-28,Pamplona,Publicidad,Calzado,Zapatillas,M,Negro,2,75,150,No
2025-01-08,Bilbao,Publicidad,Chaquetas,Plumífero,L,Gris,3,150,450,Sí
2025-01-19,Bilbao,Rebajas,Pantalones,Chándal,40,Gris,4,60,240,No
2025-01-19,Bilbao,Publicidad,Sportwear,Camisetas,XL,Gris,4,30,120,No
2025-01-15,Bilbao,Publicidad,Jerseys,Chaqueta de Lana,38,Azul,5,130,650,No
2025-01-07,Pamplona,Publicidad,Jerseys,Forro Polar,XL,Blanco,5,80,400,No
2025-01-14,Donostia,Publicidad,Chaquetas,Anorak,M,Rojo,2,120,240,No
2025-01-04,Pamplona,Publicidad,Sportwear,Mallas,S,Verde,1,45,45,No
2025-01-25,Pamplona,Publicidad,Calzado,Botas,XL,Negro,2,110,220,Sí
2025-01-10,Bilbao,Publicidad,Pantalones,Montaña,S,Verde,3,90,270,Sí
2025-01-14,Pamplona,Rebajas,Sportwear,Mallas,L,Gris,5,45,225,Sí
2025-01-23,Vitoria,Publicidad,Pantalones,Chándal,44,Gris,3,60,180,Sí
2025-01-15,Pamplona,Rebajas,Sportwear,Mallas,42,Negro,5,45,225,No
2025-01-13,Bilbao,Publicidad,Chaquetas,Plumífero,40,Verde,2,150,300,No
2025-01-23,Pamplona,Rebajas,Calzado,Zapatillas,44,Rojo,5,75,375,Sí
2025-01-13,Pamplona,Rebajas,Sportwear,Camisetas,L,Verde,4,30,120,Sí
2025-01-12,Pamplona,Publicidad,Pantalones,Montaña,M,Azul,3,90,270,Sí
2025-01-15,Vitoria,Rebajas,Jerseys,Chaqueta de Lana,S,Negro,2,130,260,No
2025-01-22,Vitoria,Rebajas,Sportwear,Mallas,44,Negro,3,45,135,No
2025-01-26,Donostia,Publicidad,Pantalones,Montaña,S,Gris,2,90,180,No
2025-01-08,Pamplona,Publicidad,Pantalones,Chándal,40,Verde,1,60,60,No
2025-01-18,Bilbao,Publicidad,Jerseys,Chaqueta de Lana,S,Rojo,3,130,390,No
2025-01-14,Donostia,Rebajas,Jerseys,Chaqueta de Lana,40,Negro,4,130,520,No
2025-01-15,Pamplona,Rebajas,Sportwear,Mallas,M,Verde,5,45,225,Sí
2025-01-04,Vitoria,Rebajas,Pantalones,Chándal,XL,Negro,3,60,180,Sí
2025-01-28,Vitoria,Rebajas,Chaquetas,Anorak,L,Rojo,4,120,480,No
2025-01-26,Donostia,Publicidad,Chaquetas,Plumífero,XL,Azul,5,150,750,No
2025-01-21,Bilbao,Publicidad,Pantalones,Montaña,40,Blanco,4,90,360,Sí
2025-01-28,Donostia,Publicidad,Chaquetas,Plumífero,XL,Negro,4,150,600,No
2025-01-02,Vitoria,Publicidad,Sportwear,Mallas,XL,Gris,1,45,45,Sí
2025-01-08,Bilbao,Rebajas,Calzado,Zapatillas,44,Rojo,4,75,300,No
2025-01-19,Pamplona,Publicidad,Sportwear,Térmica,M,Gris,2,55,110,Sí
2025-01-21,Vitoria,Publicidad,Chaquetas,Plumífero,L,Azul,2,150,300,Sí
2025-01-07,Bilbao,Rebajas,Sportwear,Mallas,44,Gris,4,45,180,No
2025-01-27,Donostia,Rebajas,Calzado,Sandalias,42,Verde,3,40,120,Sí
2025-01-11,Donostia,Rebajas,Calzado,Sandalias,L,Blanco,1,40,40,No
2025-01-18,Vitoria,Rebajas,Sportwear,Camisetas,42,Blanco,2,30,60,Sí
2025-01-22,Pamplona,Rebajas,Calzado,Botas,L,Rojo,5,110,550,No
2025-01-03,Pamplona,Rebajas,Calzado,Zapatillas,S,Blanco,1,75,75,Sí
2025-01-26,Donostia,Publicidad,Sportwear,Mallas,L,Verde,2,45,90,No
2025-01-02,Vitoria,Publicidad,Sportwear,Camisetas,44,Verde,2,30,60,No
2025-01-13,Vitoria,Rebajas,Jerseys,Chaqueta de Lana,42,Azul,5,130,650,Sí
2025-01-11,Donostia,Rebajas,Pantalones,Chándal,XL,Verde,4,60,240,Sí
2025-01-10,Bilbao,Rebajas,Jerseys,Chaqueta de Lana,S,Rojo,4,130,520,Sí
2025-01-26,Donostia,Publicidad,Pantalones,Chándal,40,Verde,4,60,240,Sí
2025-01-18,Donostia,Rebajas,Calzado,Sandalias,44,Gris,2,40,80,No
2025-01-09,Bilbao,Rebajas,Sportwear,Mallas,44,Verde,2,45,90,No
2025-01-05,Vitoria,Rebajas,Jerseys,Chaqueta de Lana,XL,Gris,4,130,520,Sí
2025-01-15,Vitoria,Rebajas,Sportwear,Camisetas,M,Verde,3,30,90,Sí
2025-01-25,Donostia,Rebajas,Sportwear,Mallas,L,Blanco,3,45,135,No
2025-01-07,Bilbao,Publicidad,Sportwear,Mallas,XL,Gris,3,45,135,Sí
2025-01-06,Vitoria,Publicidad,Sportwear,Camisetas,L,Verde,2,30,60,No
2025-01-17,Pamplona,Publicidad,Chaquetas,Plumífero,38,Blanco,1,150,150,Sí
2025-01-24,Donostia,Rebajas,Chaquetas,Plumífero,XL,Rojo,5,150,750,Sí
2025-01-27,Pamplona,Rebajas,Sportwear,Térmica,44,Gris,2,55,110,No
2025-01-22,Donostia,Rebajas,Sportwear,Camisetas,38,Negro,4,30,120,No
2025-01-27,Pamplona,Publicidad,Sportwear,Mallas,44,Gris,5,45,225,Sí
2025-01-03,Pamplona,Rebajas,Calzado,Zapatillas,38,Blanco,2,75,150,No
2025-01-11,Donostia,Rebajas,Jerseys,Forro Polar,44,Verde,4,80,320,No
2025-01-28,Vitoria,Rebajas,Jerseys,Forro Polar,L,Rojo,5,80,400,Sí
2025-01-01,Donostia,Publicidad,Jerseys,Chaqueta de Lana,40,Gris,5,130,650,Sí
2025-01-18,Vitoria,Publicidad,Calzado,Botas,S,Azul,2,110,220,Sí
2025-01-17,Pamplona,Rebajas,Chaquetas,Anorak,38,Azul,2,120,240,Sí
2025-01-22,Bilbao,Publicidad,Chaquetas,Anorak,42,Negro,2,120,240,Sí
2025-01-10,Donostia,Rebajas,Sportwear,Mallas,44,Negro,1,45,45,No
2025-01-09,Donostia,Publicidad,Sportwear,Camisetas,M,Verde,2,30,60,Sí
2025-01-22,Bilbao,Publicidad,Jerseys,Forro Polar,44,Gris,3,80,240,Sí
2025-01-09,Pamplona,Publicidad,Calzado,Botas,XL,Gris,3,110,330,Sí
2025-01-03,Donostia,Rebajas,Calzado,Zapatillas,L,Negro,5,75,375,Sí
2025-01-13,Donostia,Rebajas,Jerseys,Forro Polar,42,Verde,4,80,320,Sí
2025-01-10,Donostia,Rebajas,Sportwear,Térmica,L,Verde,4,55,220,Sí
2025-01-02,Vitoria,Publicidad,Jerseys,Forro Polar,42,Azul,2,80,160,No
2025-01-17,Donostia,Rebajas,Sportwear,Camisetas,42,Negro,5,30,150,Sí
2025-01-10,Bilbao,Rebajas,Sportwear,Camisetas,44,Rojo,1,30,30,No
2025-01-21,Pamplona,Publicidad,Sportwear,Térmica,M,Negro,4,55,220,Sí
2025-01-04,Bilbao,Publicidad,Chaquetas,Plumífero,42,Azul,5,150,750,Sí
2025-01-06,Vitoria,Rebajas,Jerseys,Forro Polar,XL,Verde,3,80,240,No
2025-01-06,Vitoria,Rebajas,Jerseys,Forro Polar,42,Negro,2,80,160,Sí
2025-01-13,Vitoria,Publicidad,Sportwear,Mallas,42,Rojo,2,45,90,No
2025-01-20,Vitoria,Rebajas,Calzado,Zapatillas,S,Verde,2,75,150,No
2025-01-19,Pamplona,Publicidad,Sportwear,Mallas,40,Gris,4,45,180,No
2025-01-11,Vitoria,Publicidad,Calzado,Zapatillas,M,Rojo,4,75,300,No
2025-01-14,Donostia,Publicidad,Calzado,Botas,42,Verde,1,110,110,No
2025-01-01,Pamplona,Rebajas,Jerseys,Forro Polar,42,Gris,5,80,400,No
2025-01-03,Vitoria,Rebajas,Chaquetas,Anorak,S,Azul,2,120,240,Sí
2025-01-26,Pamplona,Rebajas,Sportwear,Térmica,38,Rojo,4,55,220,Sí
2025-01-04,Vitoria,Rebajas,Chaquetas,Anorak,40,Gris,3,120,360,No
2025-01-20,Pamplona,Publicidad,Pantalones,Chándal,42,Gris,2,60,120,No
2025-01-24,Vitoria,Rebajas,Sportwear,Camisetas,44,Negro,5,30,150,Sí
2025-01-21,Vitoria,Publicidad,Calzado,Botas,M,Verde,1,110,110,No
2025-01-27,Donostia,Publicidad,Chaquetas,Anorak,S,Blanco,4,120,480,Sí
2025-01-04,Pamplona,Rebajas,Calzado,Zapatillas,38,Negro,1,75,75,Sí
2025-01-07,Vitoria,Publicidad,Chaquetas,Anorak,38,Blanco,3,120,360,Sí
2025-01-08,Bilbao,Publicidad,Jerseys,Chaqueta de Lana,XL,Verde,3,130,390,Sí
2025-01-22,Bilbao,Publicidad,Calzado,Botas,42,Rojo,3,110,330,Sí
2025-01-26,Vitoria,Publicidad,Jerseys,Chaqueta de Lana,XL,Negro,2,130,260,No
2025-01-25,Bilbao,Rebajas,Calzado,Zapatillas,42,Azul,3,75,225,No
2025-01-07,Pamplona,Publicidad,Chaquetas,Plumífero,M,Verde,4,150,600,Sí
2025-01-03,Vitoria,Rebajas,Calzado,Sandalias,42,Rojo,1,40,40,Sí
2025-01-02,Vitoria,Rebajas,Chaquetas,Anorak,40,Rojo,2,120,240,Sí
2025-01-02,Vitoria,Rebajas,Pantalones,Chándal,40,Verde,1,60,60,No
2025-01-10,Vitoria,Rebajas,Chaquetas,Plumífero,S,Gris,1,150,150,No
2025-01-27,Donostia,Publicidad,Calzado,Botas,40,Azul,3,110,330,No
2025-01-01,Bilbao,Rebajas,Pantalones,Chándal,38,Blanco,1,60,60,No
2025-01-17,Vitoria,Publicidad,Pantalones,Chándal,XL,Blanco,4,60,240,Sí
2025-01-03,Vitoria,Rebajas,Chaquetas,Plumífero,40,Blanco,2,150,300,Sí
2025-01-12,Donostia,Rebajas,Chaquetas,Anorak,40,Negro,4,120,480,Sí
2025-01-23,Pamplona,Publicidad,Calzado,Botas,S,Azul,4,110,440,No
2025-01-23,Vitoria,Publicidad,Sportwear,Térmica,L,Negro,1,55,55,No
2025-01-04,Vitoria,Publicidad,Chaquetas,Anorak,38,Blanco,2,120,240,Sí
2025-01-07,Vitoria,Rebajas,Pantalones,Montaña,44,Rojo,3,90,270,Sí
2025-01-03,Vitoria,Rebajas,Jerseys,Chaqueta de Lana,44,Rojo,4,130,520,Sí
2025-01-26,Bilbao,Publicidad,Pantalones,Montaña,38,Gris,3,90,270,No
2025-01-05,Donostia,Rebajas,Jerseys,Chaqueta de Lana,XL,Rojo,2,130,260,Sí
2025-01-12,Bilbao,Publicidad,Pantalones,Chándal,44,Gris,3,60,180,No
2025-01-20,Donostia,Rebajas,Sportwear,Camisetas,42,Azul,5,30,150,No
2025-01-16,Pamplona,Publicidad,Calzado,Sandalias,S,Gris,2,40,80,No
2025-01-08,Pamplona,Rebajas,Calzado,Zapatillas,42,Gris,4,75,300,No
2025-01-12,Donostia,Rebajas,Sportwear,Térmica,S,Negro,2,55,110,Sí
2025-01-22,Vitoria,Rebajas,Jerseys,Forro Polar,S,Verde,2,80,160,Sí
2025-01-20,Bilbao,Rebajas,Jerseys,Forro Polar,M,Negro,4,80,320,Sí
2025-01-04,Pamplona,Rebajas,Sportwear,Térmica,38,Blanco,4,55,220,No
2025-01-08,Vitoria,Rebajas,Pantalones,Chándal,44,Blanco,2,60,120,Sí
2025-01-10,Pamplona,Rebajas,Calzado,Sandalias,38,Blanco,5,40,200,No
2025-01-12,Donostia,Rebajas,Pantalones,Montaña,S,Negro,2,90,180,Sí
2025-01-12,Bilbao,Rebajas,Jerseys,Chaqueta de Lana,38,Azul,1,130,130,No
2025-01-28,Bilbao,Publicidad,Pantalones,Chándal,S,Azul,4,60,240,No
2025-01-26,Vitoria,Publicidad,Sportwear,Camisetas,40,Rojo,2,30,60,No
2025-01-19,Donostia,Publicidad,Pantalones,Montaña,XL,Gris,4,90,360,Sí
2025-01-21,Vitoria,Rebajas,Sportwear,Mallas,40,Azul,2,45,90,Sí
2025-01-22,Donostia,Publicidad,Chaquetas,Plumífero,M,Rojo,4,150,600,Sí
2025-01-16,Vitoria,Rebajas,Calzado,Zapatillas,40,Rojo,2,75,150,No
2025-01-23,Donostia,Publicidad,Chaquetas,Anorak,40,Verde,3,120,360,No
2025-01-24,Donostia,Publicidad,Calzado,Botas,XL,Gris,5,110,550,Sí
2025-01-08,Pamplona,Rebajas,Pantalones,Chándal,L,Verde,4,60,240,Sí
2025-01-28,Vitoria,Rebajas,Sportwear,Térmica,38,Gris,5,55,275,Sí
2025-01-23,Bilbao,Rebajas,Jerseys,Forro Polar,40,Verde,4,80,320,No
2025-01-12,Vitoria,Rebajas,Pantalones,Montaña,44,Verde,5,90,450,Sí
2025-01-07,Pamplona,Publicidad,Chaquetas,Plumífero,S,Rojo,2,150,300,No
2025-01-11,Bilbao,Publicidad,Pantalones,Montaña,M,Verde,2,90,180,No
2025-01-12,Donostia,Rebajas,Calzado,Sandalias,L,Azul,2,40,80,No
2025-01-22,Pamplona,Publicidad,Sportwear,Mallas,42,Verde,2,45,90,No
2025-01-28,Vitoria,Publicidad,Sportwear,Térmica,S,Gris,2,55,110,No
2025-01-25,Vitoria,Publicidad,Calzado,Zapatillas,38,Azul,5,75,375,Sí
2025-01-03,Pamplona,Rebajas,Pantalones,Montaña,38,Azul,3,90,270,Sí
2025-01-07,Pamplona,Rebajas,Calzado,Zapatillas,42,Blanco,4,75,300,Sí
2025-01-10,Donostia,Rebajas,Chaquetas,Anorak,L,Blanco,1,120,120,No
2025-01-07,Bilbao,Publicidad,Calzado,Zapatillas,42,Rojo,5,75,375,Sí
2025-01-28,Bilbao,Publicidad,Jerseys,Chaqueta de Lana,38,Verde,1,130,130,No
2025-01-26,Donostia,Publicidad,Jerseys,Chaqueta de Lana,XL,Rojo,5,130,650,No
2025-01-15,Pamplona,Rebajas,Chaquetas,Anorak,M,Gris,2,120,240,Sí
2025-01-25,Donostia,Publicidad,Sportwear,Mallas,XL,Gris,3,45,135,No
2025-01-10,Donostia,Publicidad,Chaquetas,Plumífero,40,Negro,2,150,300,No
2025-01-05,Bilbao,Rebajas,Chaquetas,Plumífero,M,Verde,3,150,450,Sí
2025-01-11,Pamplona,Publicidad,Jerseys,Forro Polar,38,Gris,1,80,80,Sí
2025-01-25,Donostia,Rebajas,Sportwear,Térmica,40,Azul,5,55,275,Sí
2025-01-17,Bilbao,Rebajas,Jerseys,Forro Polar,XL,Negro,1,80,80,No
2025-01-10,Donostia,Publicidad,Sportwear,Térmica,M,Azul,1,55,55,Sí
2025-01-18,Bilbao,Publicidad,Calzado,Zapatillas,44,Azul,4,75,300,Sí
2025-01-13,Vitoria,Publicidad,Sportwear,Térmica,M,Blanco,1,55,55,No
2025-01-22,Vitoria,Publicidad,Calzado,Sandalias,40,Rojo,4,40,160,Sí
2025-01-13,Pamplona,Publicidad,Calzado,Botas,42,Gris,2,110,220,Sí
2025-01-16,Bilbao,Publicidad,Calzado,Botas,40,Negro,5,110,550,Sí
2025-01-24,Pamplona,Rebajas,Sportwear,Camisetas,42,Blanco,5,30,150,No
2025-01-07,Donostia,Publicidad,Chaquetas,Anorak,S,Gris,1,120,120,Sí
2025-01-18,Vitoria,Rebajas,Calzado,Botas,42,Gris,5,110,550,No
2025-01-09,Vitoria,Publicidad,Pantalones,Chándal,S,Azul,3,60,180,No
2025-01-16,Bilbao,Rebajas,Calzado,Zapatillas,L,Verde,2,75,150,No
2025-01-04,Donostia,Publicidad,Pantalones,Chándal,42,Azul,3,60,180,No
2025-01-01,Vitoria,Publicidad,Chaquetas,Anorak,XL,Negro,5,120,600,Sí
2025-01-21,Bilbao,Publicidad,Chaquetas,Plumífero,L,Rojo,4,150,600,No
2025-01-17,Donostia,Publicidad,Calzado,Zapatillas,42,Rojo,2,75,150,No
2025-01-01,Donostia,Publicidad,Pantalones,Chándal,40,Azul,1,60,60,Sí
2025-01-01,Pamplona,Rebajas,Calzado,Sandalias,L,Negro,5,40,200,Sí
2025-01-09,Vitoria,Publicidad,Pantalones,Montaña,44,Gris,5,90,450,No
2025-01-26,Vitoria,Rebajas,Chaquetas,Plumífero,44,Blanco,5,150,750,No
2025-01-15,Bilbao,Rebajas,Chaquetas,Anorak,42,Blanco,1,120,120,No
2025-01-13,Vitoria,Rebajas,Sportwear,Mallas,S,Blanco,3,45,135,No
2025-01-14,Bilbao,Rebajas,Jerseys,Forro Polar,S,Azul,3,80,240,No
2025-01-03,Vitoria,Rebajas,Sportwear,Térmica,42,Rojo,5,55,275,No
2025-01-19,Donostia,Publicidad,Chaquetas,Plumífero,38,Azul,5,150,750,No
2025-01-24,Bilbao,Rebajas,Chaquetas,Plumífero,S,Gris,2,150,300,No
2025-01-02,Bilbao,Rebajas,Sportwear,Camisetas,M,Rojo,5,30,150,No
2025-01-19,Vitoria,Publicidad,Sportwear,Camisetas,42,Blanco,2,30,60,No
2025-01-19,Pamplona,Rebajas,Sportwear,Mallas,M,Blanco,5,45,225,No
2025-01-19,Vitoria,Rebajas,Calzado,Sandalias,XL,Azul,1,40,40,No
2025-01-06,Bilbao,Publicidad,Calzado,Zapatillas,38,Negro,5,75,375,Sí
2025-01-24,Bilbao,Rebajas,Jerseys,Forro Polar,S,Negro,4,80,320,No
2025-01-28,Pamplona,Publicidad,Chaquetas,Anorak,42,Gris,5,120,600,Sí
2025-01-13,Pamplona,Rebajas,Calzado,Botas,42,Rojo,2,110,220,Sí
2025-01-03,Vitoria,Publicidad,Chaquetas,Plumífero,40,Negro,3,150,450,Sí
2025-01-23,Pamplona,Publicidad,Calzado,Zapatillas,42,Azul,2,75,150,Sí
2025-01-09,Donostia,Publicidad,Calzado,Sandalias,L,Rojo,1,40,40,Sí
2025-01-18,Pamplona,Publicidad,Jerseys,Chaqueta de Lana,42,Azul,5,130,650,Sí
2025-01-07,Donostia,Rebajas,Chaquetas,Anorak,M,Blanco,3,120,360,Sí
2025-01-17,Donostia,Publicidad,Pantalones,Montaña,42,Blanco,1,90,90,No
2025-01-13,Bilbao,Rebajas,Sportwear,Camisetas,40,Verde,4,30,120,No
2025-01-21,Donostia,Publicidad,Calzado,Botas,42,Verde,4,110,440,Sí
2025-01-22,Bilbao,Rebajas,Jerseys,Chaqueta de Lana,42,Verde,4,130,520,No
2025-01-18,Donostia,Rebajas,Chaquetas,Anorak,L,Azul,3,120,360,Sí
2025-01-06,Bilbao,Rebajas,Chaquetas,Anorak,42,Negro,4,120,480,No
2025-01-12,Donostia,Rebajas,Chaquetas,Plumífero,S,Verde,1,150,150,Sí
2025-01-21,Bilbao,Publicidad,Sportwear,Térmica,M,Rojo,4,55,220,No
2025-01-13,Vitoria,Rebajas,Jerseys,Forro Polar,M,Verde,4,80,320,Sí
2025-01-17,Bilbao,Rebajas,Sportwear,Camisetas,38,Azul,5,30,150,Sí
2025-01-24,Donostia,Rebajas,Chaquetas,Plumífero,40,Gris,1,150,150,Sí
2025-01-27,Bilbao,Rebajas,Chaquetas,Anorak,M,Blanco,4,120,480,No
2025-01-13,Pamplona,Rebajas,Pantalones,Chándal,44,Negro,5,60,300,Sí
2025-01-24,Bilbao,Rebajas,Calzado,Sandalias,42,Blanco,5,40,200,Sí
2025-01-24,Vitoria,Rebajas,Sportwear,Mallas,38,Verde,1,45,45,Sí
2025-01-26,Vitoria,Rebajas,Chaquetas,Anorak,42,Rojo,1,120,120,Sí
2025-01-05,Vitoria,Publicidad,Calzado,Sandalias,S,Negro,4,40,160,No
2025-01-02,Bilbao,Publicidad,Sportwear,Térmica,XL,Azul,5,55,275,No
2025-01-05,Pamplona,Rebajas,Chaquetas,Plumífero,L,Blanco,3,150,450,No
2025-01-13,Donostia,Rebajas,Pantalones,Montaña,40,Gris,5,90,450,Sí
2025-01-07,Donostia,Publicidad,Sportwear,Térmica,S,Rojo,1,55,55,No
2025-01-11,Donostia,Publicidad,Chaquetas,Plumífero,XL,Rojo,1,150,150,No
2025-01-18,Pamplona,Rebajas,Pantalones,Montaña,XL,Azul,3,90,270,No
2025-01-14,Pamplona,Rebajas,Jerseys,Forro Polar,44,Negro,5,80,400,Sí
2025-01-14,Vitoria,Publicidad,Jerseys,Forro Polar,42,Gris,4,80,320,No
2025-01-21,Vitoria,Publicidad,Jerseys,Forro Polar,S,Blanco,1,80,80,Sí
2025-01-04,Pamplona,Publicidad,Pantalones,Montaña,40,Negro,3,90,270,Sí
2025-01-03,Vitoria,Publicidad,Sportwear,Camisetas,M,Rojo,3,30,90,No
2025-01-11,Vitoria,Publicidad,Calzado,Sandalias,L,Rojo,1,40,40,No
2025-01-12,Bilbao,Publicidad,Pantalones,Montaña,S,Azul,3,90,270,No
2025-01-28,Bilbao,Rebajas,Sportwear,Mallas,42,Negro,5,45,225,Sí
2025-01-02,Donostia,Rebajas,Pantalones,Chándal,40,Negro,1,60,60,No
2025-01-20,Pamplona,Rebajas,Sportwear,Térmica,XL,Azul,5,55,275,No
2025-01-05,Pamplona,Rebajas,Jerseys,Chaqueta de Lana,40,Verde,1,130,130,Sí
2025-01-11,Pamplona,Rebajas,Jerseys,Chaqueta de Lana,44,Gris,4,130,520,Sí
2025-01-11,Pamplona,Publicidad,Calzado,Zapatillas,42,Azul,1,75,75,No
2025-01-04,Pamplona,Rebajas,Sportwear,Mallas,L,Verde,5,45,225,Sí
2025-01-08,Bilbao,Rebajas,Calzado,Sandalias,40,Rojo,3,40,120,No
2025-01-25,Pamplona,Rebajas,Sportwear,Camisetas,XL,Gris,2,30,60,Sí
2025-01-13,Bilbao,Rebajas,Chaquetas,Plumífero,XL,Gris,4,150,600,No
2025-01-04,Pamplona,Rebajas,Jerseys,Chaqueta de Lana,L,Gris,3,130,390,Sí
2025-01-19,Bilbao,Rebajas,Jerseys,Forro Polar,38,Blanco,4,80,320,Sí
2025-01-20,Donostia,Rebajas,Calzado,Sandalias,44,Negro,3,40,120,Sí
2025-01-18,Bilbao,Rebajas,Calzado,Botas,S,Gris,3,110,330,Sí
2025-01-13,Bilbao,Rebajas,Chaquetas,Anorak,38,Gris,3,120,360,No
2025-01-01,Donostia,Rebajas,Sportwear,Mallas,38,Negro,2,45,90,No
2025-01-28,Vitoria,Publicidad,Jerseys,Chaqueta de Lana,40,Blanco,3,130,390,No
2025-01-17,Donostia,Rebajas,Calzado,Sandalias,XL,Verde,4,40,160,Sí
2025-01-21,Vitoria,Rebajas,Sportwear,Mallas,40,Verde,5,45,225,Sí
2025-01-02,Bilbao,Publicidad,Chaquetas,Plumífero,38,Blanco,3,150,450,No
2025-01-24,Bilbao,Rebajas,Pantalones,Montaña,38,Rojo,1,90,90,No
2025-01-08,Bilbao,Rebajas,Jerseys,Forro Polar,40,Azul,2,80,160,No
2025-01-15,Donostia,Publicidad,Calzado,Botas,L,Rojo,2,110,220,No
2025-01-20,Vitoria,Rebajas,Chaquetas,Anorak,42,Rojo,5,120,600,No
2025-01-10,Donostia,Rebajas,Pantalones,Chándal,XL,Negro,5,60,300,Sí
2025-01-05,Donostia,Rebajas,Chaquetas,Anorak,XL,Rojo,4,120,480,No
2025-01-14,Vitoria,Publicidad,Chaquetas,Anorak,L,Gris,4,120,480,Sí
2025-01-22,Bilbao,Publicidad,Chaquetas,Plumífero,40,Azul,5,150,750,Sí
2025-01-12,Donostia,Rebajas,Calzado,Sandalias,44,Azul,2,40,80,No
2025-01-14,Donostia,Rebajas,Sportwear,Camisetas,L,Azul,5,30,150,No
2025-01-28,Pamplona,Rebajas,Calzado,Sandalias,42,Negro,5,40,200,No
2025-01-17,Vitoria,Rebajas,Calzado,Sandalias,38,Azul,1,40,40,Sí
2025-01-26,Vitoria,Publicidad,Calzado,Sandalias,S,Verde,1,40,40,Sí
2025-01-19,Bilbao,Rebajas,Pantalones,Montaña,42,Verde,4,90,360,Sí
2025-01-11,Bilbao,Rebajas,Pantalones,Montaña,42,Negro,1,90,90,Sí
2025-01-07,Vitoria,Publicidad,Sportwear,Mallas,S,Negro,1,45,45,No
2025-01-06,Pamplona,Publicidad,Pantalones,Montaña,42,Verde,5,90,450,No
2025-01-23,Bilbao,Publicidad,Chaquetas,Anorak,38,Blanco,3,120,360,No
2025-01-09,Vitoria,Publicidad,Pantalones,Chándal,M,Rojo,4,60,240,No
2025-01-19,Bilbao,Publicidad,Sportwear,Mallas,38,Negro,5,45,225,No
2025-01-20,Donostia,Publicidad,Sportwear,Térmica,XL,Rojo,3,55,165,No
2025-01-20,Donostia,Publicidad,Sportwear,Térmica,38,Blanco,1,55,55,No
2025-01-24,Bilbao,Rebajas,Jerseys,Forro Polar,40,Verde,3,80,240,Sí
2025-01-06,Vitoria,Rebajas,Chaquetas,Anorak,L,Negro,5,120,600,Sí
2025-01-13,Vitoria,Publicidad,Jerseys,Chaqueta de Lana,40,Blanco,5,130,650,Sí
2025-01-26,Bilbao,Publicidad,Calzado,Botas,M,Azul,1,110,110,No
2025-01-23,Donostia,Rebajas,Pantalones,Montaña,M,Blanco,5,90,450,Sí
2025-01-15,Vitoria,Rebajas,Jerseys,Chaqueta de Lana,40,Rojo,4,130,520,No
2025-01-10,Donostia,Publicidad,Sportwear,Mallas,M,Azul,1,45,45,No
2025-01-02,Pamplona,Publicidad,Jerseys,Forro Polar,S,Azul,3,80,240,Sí
2025-01-07,Pamplona,Publicidad,Chaquetas,Plumífero,XL,Rojo,1,150,150,Sí
2025-01-07,Pamplona,Rebajas,Calzado,Zapatillas,38,Azul,3,75,225,Sí
2025-01-07,Vitoria,Rebajas,Jerseys,Chaqueta de Lana,42,Gris,2,130,260,No
2025-01-18,Donostia,Publicidad,Sportwear,Térmica,40,Gris,1,55,55,No
2025-01-20,Vitoria,Rebajas,Sportwear,Térmica,40,Azul,2,55,110,No
2025-01-05,Bilbao,Rebajas,Calzado,Sandalias,44,Verde,3,40,120,Sí
2025-01-16,Vitoria,Rebajas,Calzado,Botas,M,Gris,5,110,550,Sí
2025-01-19,Bilbao,Publicidad,Sportwear,Mallas,XL,Gris,2,45,90,Sí
2025-01-06,Donostia,Publicidad,Pantalones,Montaña,M,Gris,4,90,360,No
2025-01-12,Donostia,Publicidad,Sportwear,Camisetas,L,Gris,4,30,120,No
2025-01-25,Donostia,Rebajas,Chaquetas,Anorak,42,Gris,5,120,600,No
2025-01-26,Pamplona,Rebajas,Pantalones,Montaña,M,Negro,5,90,450,No
2025-01-10,Bilbao,Publicidad,Chaquetas,Anorak,44,Azul,5,120,600,Sí
2025-01-24,Bilbao,Rebajas,Chaquetas,Anorak,44,Negro,1,120,120,Sí
2025-01-07,Bilbao,Publicidad,Sportwear,Térmica,42,Azul,2,55,110,Sí
2025-01-01,Pamplona,Rebajas,Sportwear,Camisetas,38,Negro,2,30,60,No
2025-01-06,Donostia,Rebajas,Calzado,Sandalias,40,Verde,5,40,200,No
2025-01-13,Donostia,Rebajas,Sportwear,Camisetas,L,Gris,4,30,120,No
2025-01-28,Pamplona,Publicidad,Sportwear,Camisetas,44,Blanco,1,30,30,No
2025-01-06,Vitoria,Rebajas,Sportwear,Camisetas,XL,Rojo,5,30,150,No
2025-01-15,Vitoria,Rebajas,Jerseys,Chaqueta de Lana,38,Negro,3,130,390,Sí
2025-01-13,Donostia,Rebajas,Calzado,Sandalias,S,Blanco,3,40,120,Sí
2025-01-21,Bilbao,Publicidad,Sportwear,Mallas,L,Azul,4,45,180,Sí
2025-01-23,Pamplona,Publicidad,Calzado,Botas,38,Negro,4,110,440,No
2025-01-24,Pamplona,Rebajas,Sportwear,Mallas,L,Negro,3,45,135,Sí
2025-01-21,Pamplona,Rebajas,Pantalones,Montaña,42,Azul,1,90,90,No
2025-01-16,Donostia,Publicidad,Pantalones,Chándal,M,Blanco,2,60,120,Sí
2025-01-07,Vitoria,Rebajas,Jerseys,Forro Polar,40,Verde,5,80,400,No
2025-01-22,Donostia,Publicidad,Pantalones,Montaña,XL,Rojo,2,90,180,No
2025-01-09,Bilbao,Rebajas,Chaquetas,Plumífero,40,Rojo,2,150,300,Sí
2025-01-01,Donostia,Rebajas,Calzado,Sandalias,XL,Azul,5,40,200,No
2025-01-14,Bilbao,Publicidad,Jerseys,Chaqueta de Lana,L,Blanco,1,130,130,Sí
2025-01-08,Pamplona,Rebajas,Chaquetas,Plumífero,S,Verde,5,150,750,Sí
2025-01-19,Bilbao,Publicidad,Calzado,Zapatillas,44,Blanco,1,75,75,No
2025-01-27,Vitoria,Publicidad,Calzado,Sandalias,42,Verde,4,40,160,No
2025-01-07,Pamplona,Publicidad,Pantalones,Montaña,40,Blanco,2,90,180,Sí
2025-01-21,Vitoria,Publicidad,Jerseys,Forro Polar,M,Verde,2,80,160,Sí
2025-01-26,Donostia,Rebajas,Calzado,Zapatillas,38,Azul,4,75,300,Sí
2025-01-08,Vitoria,Rebajas,Chaquetas,Plumífero,38,Azul,2,150,300,No
2025-01-28,Bilbao,Rebajas,Calzado,Botas,S,Azul,5,110,550,Sí
2025-01-10,Bilbao,Rebajas,Sportwear,Mallas,44,Rojo,1,45,45,Sí
2025-01-21,Bilbao,Publicidad,Chaquetas,Anorak,38,Rojo,3,120,360,No
2025-01-15,Vitoria,Rebajas,Calzado,Botas,42,Azul,3,110,330,Sí
2025-01-20,Donostia,Rebajas,Calzado,Sandalias,L,Verde,1,40,40,No
2025-01-01,Pamplona,Publicidad,Sportwear,Camisetas,XL,Azul,3,30,90,No
2025-01-26,Vitoria,Publicidad,Calzado,Zapatillas,40,Azul,4,75,300,No
2025-01-18,Bilbao,Rebajas,Jerseys,Forro Polar,S,Gris,4,80,320,No
2025-01-17,Bilbao,Rebajas,Calzado,Sandalias,40,Azul,1,40,40,Sí
2025-01-22,Donostia,Rebajas,Sportwear,Mallas,38,Gris,4,45,180,Sí
2025-01-05,Vitoria,Publicidad,Sportwear,Térmica,44,Blanco,2,55,110,Sí
2025-01-25,Bilbao,Rebajas,Calzado,Botas,XL,Verde,3,110,330,No
2025-01-22,Vitoria,Rebajas,Calzado,Zapatillas,L,Verde,3,75,225,No
2025-01-01,Donostia,Rebajas,Chaquetas,Plumífero,44,Azul,5,150,750,No
2025-01-22,Bilbao,Rebajas,Calzado,Botas,M,Gris,3,110,330,Sí
2025-01-24,Bilbao,Rebajas,Calzado,Botas,XL,Azul,4,110,440,No
2025-01-05,Pamplona,Rebajas,Pantalones,Montaña,S,Rojo,5,90,450,No
2025-01-11,Vitoria,Publicidad,Calzado,Botas,S,Negro,3,110,330,No
2025-01-19,Pamplona,Publicidad,Chaquetas,Plumífero,38,Azul,1,150,150,No
2025-01-19,Vitoria,Rebajas,Sportwear,Mallas,M,Rojo,3,45,135,No
2025-01-04,Donostia,Publicidad,Calzado,Zapatillas,M,Negro,3,75,225,No
2025-01-18,Donostia,Rebajas,Chaquetas,Plumífero,38,Rojo,4,150,600,Sí
2025-01-25,Vitoria,Rebajas,Calzado,Sandalias,40,Blanco,4,40,160,No
2025-01-23,Vitoria,Rebajas,Calzado,Sandalias,XL,Blanco,3,40,120,Sí
2025-01-23,Vitoria,Publicidad,Jerseys,Chaqueta de Lana,L,Gris,5,130,650,Sí
2025-01-12,Pamplona,Rebajas,Jerseys,Forro Polar,44,Rojo,1,80,80,No
2025-01-20,Donostia,Rebajas,Jerseys,Chaqueta de Lana,M,Azul,5,130,650,No
2025-01-12,Bilbao,Rebajas,Calzado,Botas,XL,Gris,1,110,110,Sí
2025-01-25,Pamplona,Rebajas,Calzado,Zapatillas,L,Gris,4,75,300,Sí
2025-01-14,Vitoria,Rebajas,Sportwear,Térmica,M,Blanco,1,55,55,Sí
2025-01-16,Donostia,Publicidad,Calzado,Botas,42,Blanco,4,110,440,Sí
2025-01-18,Donostia,Rebajas,Sportwear,Térmica,S,Blanco,5,55,275,Sí
2025-01-28,Vitoria,Publicidad,Jerseys,Forro Polar,42,Azul,5,80,400,Sí
2025-01-18,Donostia,Publicidad,Pantalones,Chándal,44,Gris,2,60,120,Sí
2025-01-21,Bilbao,Publicidad,Pantalones,Chándal,XL,Gris,4,60,240,Sí
2025-01-26,Vitoria,Publicidad,Sportwear,Mallas,M,Gris,3,45,135,No
2025-01-01,Bilbao,Publicidad,Calzado,Sandalias,38,Verde,5,40,200,No
2025-01-03,Donostia,Rebajas,Calzado,Botas,38,Blanco,3,110,330,Sí
2025-01-17,Bilbao,Publicidad,Calzado,Botas,XL,Blanco,2,110,220,No
2025-01-20,Bilbao,Rebajas,Calzado,Botas,44,Negro,3,110,330,No
2025-01-02,Pamplona,Publicidad,Jerseys,Forro Polar,S,Gris,5,80,400,Sí
2025-01-02,Donostia,Publicidad,Jerseys,Forro Polar,38,Rojo,1,80,80,No
2025-01-12,Vitoria,Rebajas,Pantalones,Montaña,40,Azul,3,90,270,Sí
2025-01-28,Pamplona,Publicidad,Jerseys,Forro Polar,XL,Rojo,3,80,240,No
2025-01-19,Bilbao,Publicidad,Chaquetas,Anorak,42,Rojo,2,120,240,No
2025-01-08,Bilbao,Publicidad,Jerseys,Chaqueta de Lana,44,Verde,2,130,260,No
2025-01-05,Bilbao,Publicidad,Pantalones,Chándal,S,Rojo,5,60,300,No
2025-01-20,Bilbao,Publicidad,Sportwear,Camisetas,L,Negro,2,30,60,No
2025-01-24,Vitoria,Publicidad,Chaquetas,Plumífero,XL,Gris,2,150,300,Sí
2025-01-10,Bilbao,Publicidad,Chaquetas,Anorak,38,Azul,5,120,600,No
2025-01-22,Donostia,Rebajas,Jerseys,Chaqueta de Lana,L,Gris,3,130,390,No
2025-01-06,Donostia,Rebajas,Sportwear,Mallas,L,Blanco,4,45,180,No
2025-01-03,Donostia,Rebajas,Calzado,Botas,44,Azul,4,110,440,No
2025-01-21,Vitoria,Publicidad,Calzado,Sandalias,S,Negro,5,40,200,No
2025-01-17,Vitoria,Rebajas,Sportwear,Camisetas,40,Verde,1,30,30,Sí
2025-01-13,Donostia,Publicidad,Calzado,Zapatillas,42,Azul,5,75,375,Sí
2025-01-17,Pamplona,Rebajas,Chaquetas,Plumífero,44,Gris,5,150,750,No
2025-01-28,Bilbao,Rebajas,Jerseys,Chaqueta de Lana,M,Rojo,5,130,650,No
2025-01-09,Pamplona,Rebajas,Sportwear,Mallas,40,Rojo,3,45,135,No
2025-01-13,Bilbao,Publicidad,Sportwear,Camisetas,XL,Rojo,5,30,150,No
2025-01-20,Vitoria,Rebajas,Jerseys,Chaqueta de Lana,44,Rojo,5,130,650,Sí
2025-01-10,Vitoria,Publicidad,Calzado,Zapatillas,L,Negro,5,75,375,Sí
2025-01-16,Vitoria,Publicidad,Jerseys,Chaqueta de Lana,38,Azul,1,130,130,Sí
2025-01-12,Vitoria,Publicidad,Sportwear,Camisetas,40,Verde,4,30,120,Sí
2025-01-07,Bilbao,Rebajas,Pantalones,Chándal,XL,Blanco,3,60,180,Sí
2025-01-25,Pamplona,Publicidad,Chaquetas,Plumífero,L,Negro,4,150,600,Sí
2025-01-14,Donostia,Publicidad,Sportwear,Mallas,44,Azul,3,45,135,Sí
2025-01-13,Pamplona,Publicidad,Calzado,Botas,S,Verde,2,110,220,No
2025-01-15,Pamplona,Publicidad,Chaquetas,Plumífero,40,Verde,4,150,600,No
2025-01-02,Vitoria,Publicidad,Chaquetas,Anorak,42,Blanco,2,120,240,No
2025-01-18,Donostia,Rebajas,Pantalones,Chándal,44,Azul,3,60,180,No
2025-01-01,Pamplona,Publicidad,Chaquetas,Plumífero,XL,Blanco,2,150,300,Sí
2025-01-27,Vitoria,Publicidad,Calzado,Botas,42,Verde,1,110,110,No
2025-01-27,Bilbao,Rebajas,Pantalones,Montaña,44,Azul,3,90,270,No
2025-01-01,Bilbao,Publicidad,Jerseys,Chaqueta de Lana,40,Gris,5,130,650,Sí
2025-01-10,Bilbao,Rebajas,Calzado,Zapatillas,38,Verde,4,75,300,No
2025-01-22,Bilbao,Rebajas,Sportwear,Camisetas,40,Blanco,1,30,30,Sí
2025-01-09,Bilbao,Publicidad,Pantalones,Chándal,M,Verde,2,60,120,No
2025-01-21,Pamplona,Rebajas,Chaquetas,Anorak,S,Blanco,5,120,600,No
2025-01-26,Bilbao,Rebajas,Calzado,Sandalias,44,Gris,3,40,120,No
2025-01-10,Bilbao,Publicidad,Calzado,Zapatillas,42,Gris,2,75,150,Sí
2025-01-17,Bilbao,Rebajas,Sportwear,Térmica,M,Gris,5,55,275,Sí
2025-01-12,Pamplona,Rebajas,Calzado,Sandalias,44,Rojo,5,40,200,No
2025-01-17,Pamplona,Publicidad,Calzado,Zapatillas,40,Rojo,2,75,150,Sí
2025-01-24,Pamplona,Publicidad,Calzado,Sandalias,XL,Verde,1,40,40,Sí
2025-01-22,Bilbao,Rebajas,Chaquetas,Anorak,42,Rojo,2,120,240,No
2025-01-04,Pamplona,Rebajas,Calzado,Sandalias,40,Gris,1,40,40,Sí
2025-01-02,Bilbao,Rebajas,Jerseys,Chaqueta de Lana,M,Rojo,5,130,650,No
2025-01-20,Vitoria,Rebajas,Pantalones,Montaña,38,Rojo,3,90,270,No
2025-01-27,Pamplona,Publicidad,Chaquetas,Anorak,M,Negro,4,120,480,Sí
2025-01-20,Pamplona,Rebajas,Calzado,Sandalias,S,Azul,2,40,80,No
2025-01-15,Bilbao,Rebajas,Pantalones,Montaña,XL,Blanco,4,90,360,No
2025-01-16,Vitoria,Publicidad,Pantalones,Montaña,M,Rojo,5,90,450,No
2025-01-28,Pamplona,Publicidad,Calzado,Sandalias,42,Negro,4,40,160,Sí
2025-01-09,Vitoria,Publicidad,Pantalones,Chándal,S,Gris,4,60,240,No
2025-01-16,Bilbao,Rebajas,Chaquetas,Plumífero,S,Gris,2,150,300,No
2025-01-21,Donostia,Rebajas,Sportwear,Mallas,XL,Gris,4,45,180,Sí
2025-01-14,Vitoria,Publicidad,Sportwear,Mallas,38,Gris,1,45,45,Sí
2025-01-14,Vitoria,Publicidad,Calzado,Botas,44,Azul,2,110,220,No
2025-01-10,Bilbao,Publicidad,Chaquetas,Plumífero,44,Blanco,4,150,600,Sí
2025-01-16,Vitoria,Rebajas,Sportwear,Mallas,XL,Rojo,2,45,90,No
2025-01-14,Bilbao,Rebajas,Jerseys,Forro Polar,40,Blanco,5,80,400,No
2025-01-09,Pamplona,Publicidad,Pantalones,Chándal,38,Rojo,5,60,300,Sí
2025-01-26,Vitoria,Rebajas,Sportwear,Mallas,L,Gris,2,45,90,No
2025-01-07,Bilbao,Rebajas,Calzado,Zapatillas,40,Negro,3,75,225,Sí
2025-01-18,Donostia,Rebajas,Calzado,Botas,L,Negro,3,110,330,No
2025-01-27,Pamplona,Rebajas,Pantalones,Chándal,42,Azul,4,60,240,No
2025-01-24,Bilbao,Publicidad,Pantalones,Montaña,L,Blanco,1,90,90,No
2025-01-08,Donostia,Rebajas,Calzado,Botas,L,Gris,1,110,110,No
2025-01-18,Donostia,Rebajas,Chaquetas,Anorak,40,Negro,3,120,360,Sí
2025-01-02,Bilbao,Publicidad,Pantalones,Montaña,38,Azul,3,90,270,No
2025-01-24,Pamplona,Rebajas,Calzado,Botas,L,Gris,4,110,440,No
2025-01-01,Bilbao,Rebajas,Pantalones,Chándal,L,Gris,1,60,60,Sí
2025-01-10,Bilbao,Publicidad,Jerseys,Chaqueta de Lana,42,Blanco,2,130,260,No
2025-01-24,Pamplona,Rebajas,Jerseys,Forro Polar,S,Gris,4,80,320,No
2025-01-11,Vitoria,Rebajas,Chaquetas,Anorak,42,Verde,3,120,360,No
2025-01-03,Pamplona,Publicidad,Sportwear,Térmica,L,Rojo,4,55,220,No
2025-01-28,Donostia,Rebajas,Calzado,Zapatillas,XL,Blanco,5,75,375,No
2025-01-22,Bilbao,Rebajas,Sportwear,Mallas,38,Negro,4,45,180,No
2025-01-11,Vitoria,Rebajas,Chaquetas,Plumífero,42,Rojo,4,150,600,Sí
2025-01-22,Bilbao,Rebajas,Chaquetas,Plumífero,L,Azul,3,150,450,Sí
2025-01-25,Vitoria,Rebajas,Chaquetas,Anorak,42,Verde,1,120,120,Sí
2025-01-09,Vitoria,Rebajas,Calzado,Sandalias,M,Azul,2,40,80,Sí
2025-01-28,Vitoria,Rebajas,Jerseys,Chaqueta de Lana,L,Blanco,1,130,130,No
2025-01-06,Donostia,Publicidad,Pantalones,Chándal,XL,Azul,1,60,60,No
2025-01-11,Pamplona,Publicidad,Jerseys,Forro Polar,M,Gris,3,80,240,No
2025-01-28,Pamplona,Publicidad,Sportwear,Mallas,44,Negro,2,45,90,Sí
2025-01-21,Bilbao,Rebajas,Calzado,Botas,S,Negro,3,110,330,No
2025-01-22,Bilbao,Publicidad,Pantalones,Chándal,44,Blanco,5,60,300,Sí
2025-01-07,Vitoria,Rebajas,Chaquetas,Anorak,38,Rojo,5,120,600,No
2025-01-08,Pamplona,Publicidad,Calzado,Sandalias,40,Negro,3,40,120,No
2025-01-25,Donostia,Publicidad,Calzado,Sandalias,38,Negro,2,40,80,No
2025-01-24,Bilbao,Rebajas,Calzado,Zapatillas,S,Rojo,2,75,150,No
2025-01-18,Vitoria,Publicidad,Calzado,Zapatillas,M,Verde,1,75,75,Sí
2025-01-18,Pamplona,Rebajas,Pantalones,Montaña,S,Negro,2,90,180,Sí
2025-01-10,Pamplona,Publicidad,Calzado,Zapatillas,40,Azul,3,75,225,Sí
2025-01-07,Donostia,Publicidad,Calzado,Botas,40,Azul,2,110,220,Sí
2025-01-13,Bilbao,Rebajas,Chaquetas,Plumífero,S,Rojo,4,150,600,Sí
2025-01-17,Vitoria,Publicidad,Calzado,Botas,42,Blanco,2,110,220,Sí
2025-01-16,Vitoria,Publicidad,Calzado,Zapatillas,S,Azul,3,75,225,Sí
2025-01-15,Bilbao,Publicidad,Calzado,Botas,L,Azul,5,110,550,No
2025-01-25,Vitoria,Publicidad,Jerseys,Forro Polar,L,Rojo,3,80,240,Sí
2025-01-18,Donostia,Publicidad,Chaquetas,Anorak,40,Gris,2,120,240,Sí
2025-01-18,Pamplona,Rebajas,Chaquetas,Anorak,42,Gris,2,120,240,Sí
2025-01-18,Donostia,Publicidad,Calzado,Sandalias,XL,Gris,3,40,120,No
2025-01-11,Bilbao,Publicidad,Sportwear,Mallas,38,Verde,1,45,45,Sí
2025-01-26,Pamplona,Publicidad,Chaquetas,Anorak,M,Rojo,4,120,480,No
2025-01-12,Donostia,Rebajas,Chaquetas,Anorak,M,Negro,3,120,360,Sí
2025-01-14,Donostia,Publicidad,Calzado,Sandalias,M,Gris,1,40,40,Sí
2025-01-08,Bilbao,Publicidad,Sportwear,Camisetas,42,Rojo,2,30,60,Sí
2025-01-16,Vitoria,Rebajas,Jerseys,Chaqueta de Lana,L,Blanco,1,130,130,Sí
2025-01-24,Bilbao,Publicidad,Calzado,Botas,S,Rojo,1,110,110,Sí
2025-01-02,Vitoria,Publicidad,Calzado,Botas,XL,Azul,5,110,550,No
2025-01-26,Donostia,Rebajas,Pantalones,Montaña,38,Negro,4,90,360,Sí
2025-01-26,Vitoria,Publicidad,Jerseys,Chaqueta de Lana,44,Rojo,3,130,390,Sí
2025-01-09,Vitoria,Publicidad,Calzado,Sandalias,S,Gris,1,40,40,Sí
2025-01-18,Vitoria,Rebajas,Chaquetas,Anorak,S,Negro,5,120,600,No
2025-01-11,Vitoria,Publicidad,Chaquetas,Anorak,XL,Gris,4,120,480,No
2025-01-16,Vitoria,Rebajas,Pantalones,Chándal,XL,Azul,5,60,300,Sí
2025-01-05,Pamplona,Publicidad,Sportwear,Térmica,40,Rojo,1,55,55,No
2025-01-14,Vitoria,Publicidad,Jerseys,Forro Polar,S,Azul,1,80,80,Sí
2025-01-12,Donostia,Publicidad,Sportwear,Mallas,40,Azul,2,45,90,Sí
2025-01-22,Pamplona,Rebajas,Jerseys,Forro Polar,44,Blanco,1,80,80,Sí
2025-01-09,Vitoria,Rebajas,Chaquetas,Anorak,44,Blanco,4,120,480,Sí
2025-01-19,Pamplona,Rebajas,Calzado,Botas,44,Blanco,4,110,440,Sí
2025-01-23,Donostia,Publicidad,Pantalones,Chándal,44,Negro,2,60,120,No
2025-01-11,Bilbao,Rebajas,Chaquetas,Plumífero,42,Gris,3,150,450,Sí
2025-01-26,Vitoria,Publicidad,Pantalones,Montaña,44,Negro,3,90,270,No
2025-01-27,Donostia,Rebajas,Chaquetas,Anorak,38,Rojo,2,120,240,No
2025-01-23,Pamplona,Publicidad,Chaquetas,Plumífero,XL,Blanco,3,150,450,Sí
2025-01-19,Vitoria,Publicidad,Calzado,Zapatillas,44,Rojo,2,75,150,Sí
2025-01-28,Vitoria,Publicidad,Calzado,Sandalias,40,Gris,1,40,40,No
2025-01-22,Pamplona,Rebajas,Chaquetas,Anorak,42,Rojo,1,120,120,No
2025-01-18,Pamplona,Publicidad,Sportwear,Térmica,XL,Negro,1,55,55,Sí
2025-01-16,Bilbao,Publicidad,Jerseys,Chaqueta de Lana,M,Azul,1,130,130,Sí
2025-01-11,Donostia,Rebajas,Sportwear,Mallas,M,Verde,5,45,225,No
2025-01-18,Vitoria,Publicidad,Jerseys,Forro Polar,40,Verde,2,80,160,No
2025-01-05,Donostia,Publicidad,Jerseys,Forro Polar,44,Negro,1,80,80,No
2025-01-02,Vitoria,Rebajas,Sportwear,Térmica,38,Blanco,4,55,220,No
2025-01-19,Vitoria,Publicidad,Calzado,Botas,L,Gris,2,110,220,Sí
2025-01-15,Donostia,Publicidad,Sportwear,Mallas,44,Blanco,4,45,180,No
2025-01-11,Vitoria,Publicidad,Sportwear,Térmica,42,Verde,1,55,55,No
2025-01-05,Donostia,Publicidad,Calzado,Botas,L,Verde,2,110,220,No
2025-01-13,Donostia,Rebajas,Chaquetas,Anorak,44,Negro,3,120,360,No
2025-01-22,Pamplona,Publicidad,Sportwear,Térmica,44,Rojo,5,55,275,No
2025-01-17,Pamplona,Rebajas,Calzado,Botas,M,Azul,2,110,220,No
2025-01-15,Donostia,Publicidad,Jerseys,Chaqueta de Lana,XL,Gris,2,130,260,Sí
2025-01-24,Bilbao,Rebajas,Sportwear,Mallas,44,Rojo,5,45,225,Sí
2025-01-25,Bilbao,Rebajas,Pantalones,Chándal,44,Verde,3,60,180,No
2025-01-20,Bilbao,Rebajas,Calzado,Sandalias,L,Gris,4,40,160,Sí
2025-01-25,Bilbao,Publicidad,Chaquetas,Anorak,38,Negro,1,120,120,No
2025-01-06,Pamplona,Rebajas,Sportwear,Camisetas,44,Negro,3,30,90,Sí
2025-01-23,Vitoria,Rebajas,Jerseys,Forro Polar,40,Verde,1,80,80,No
2025-01-01,Bilbao,Rebajas,Jerseys,Forro Polar,M,Gris,4,80,320,Sí
2025-01-08,Donostia,Rebajas,Sportwear,Mallas,40,Azul,5,45,225,No
2025-01-21,Donostia,Publicidad,Pantalones,Montaña,S,Azul,2,90,180,No
2025-01-14,Bilbao,Publicidad,Sportwear,Camisetas,M,Negro,2,30,60,No
2025-01-07,Pamplona,Rebajas,Chaquetas,Plumífero,L,Negro,4,150,600,No
2025-01-01,Vitoria,Rebajas,Chaquetas,Plumífero,S,Rojo,5,150,750,No
2025-01-22,Pamplona,Rebajas,Chaquetas,Plumífero,XL,Blanco,4,150,600,Sí
2025-01-25,Vitoria,Rebajas,Sportwear,Térmica,44,Negro,3,55,165,Sí
2025-01-06,Pamplona,Rebajas,Calzado,Botas,42,Gris,3,110,330,Sí
2025-01-03,Bilbao,Publicidad,Pantalones,Chándal,L,Gris,3,60,180,No
2025-01-17,Vitoria,Rebajas,Pantalones,Montaña,S,Azul,4,90,360,Sí
2025-01-03,Bilbao,Publicidad,Chaquetas,Plumífero,M,Blanco,2,150,300,Sí
2025-01-22,Pamplona,Publicidad,Calzado,Zapatillas,L,Azul,1,75,75,Sí
2025-01-13,Pamplona,Rebajas,Sportwear,Térmica,S,Negro,1,55,55,Sí
2025-01-28,Donostia,Publicidad,Pantalones,Chándal,M,Rojo,1,60,60,No
2025-01-13,Vitoria,Rebajas,Jerseys,Chaqueta de Lana,38,Blanco,2,130,260,Sí
2025-01-02,Donostia,Publicidad,Chaquetas,Plumífero,M,Negro,4,150,600,Sí
2025-01-26,Vitoria,Publicidad,Calzado,Sandalias,42,Verde,3,40,120,Sí
2025-01-12,Vitoria,Publicidad,Calzado,Botas,XL,Blanco,3,110,330,Sí
2025-01-25,Pamplona,Rebajas,Pantalones,Montaña,M,Negro,3,90,270,No
2025-01-01,Pamplona,Rebajas,Pantalones,Chándal,44,Azul,2,60,120,No
2025-01-12,Vitoria,Rebajas,Sportwear,Camisetas,44,Blanco,3,30,90,Sí
2025-01-10,Vitoria,Rebajas,Sportwear,Mallas,42,Gris,5,45,225,Sí
2025-01-10,Vitoria,Rebajas,Sportwear,Térmica,44,Verde,5,55,275,No
2025-01-11,Vitoria,Publicidad,Sportwear,Camisetas,38,Rojo,3,30,90,No
2025-01-13,Vitoria,Publicidad,Calzado,Botas,40,Rojo,4,110,440,Sí
2025-01-17,Pamplona,Rebajas,Jerseys,Forro Polar,44,Verde,3,80,240,Sí
2025-01-18,Bilbao,Rebajas,Calzado,Botas,44,Negro,1,110,110,Sí
2025-01-11,Donostia,Publicidad,Sportwear,Mallas,XL,Negro,3,45,135,No
2025-01-16,Bilbao,Rebajas,Jerseys,Chaqueta de Lana,XL,Rojo,5,130,650,No
2025-01-19,Vitoria,Rebajas,Jerseys,Forro Polar,42,Gris,3,80,240,Sí
2025-01-01,Donostia,Rebajas,Chaquetas,Plumífero,44,Gris,4,150,600,Sí
2025-01-17,Vitoria,Publicidad,Chaquetas,Anorak,40,Negro,2,120,240,Sí
2025-01-28,Vitoria,Publicidad,Jerseys,Forro Polar,S,Azul,3,80,240,No
2025-01-04,Vitoria,Rebajas,Pantalones,Chándal,S,Azul,3,60,180,Sí
2025-01-12,Vitoria,Publicidad,Calzado,Botas,40,Verde,2,110,220,No
2025-01-28,Bilbao,Rebajas,Calzado,Sandalias,M,Azul,3,40,120,Sí
2025-01-12,Pamplona,Rebajas,Jerseys,Chaqueta de Lana,XL,Blanco,2,130,260,No
2025-01-06,Donostia,Rebajas,Sportwear,Térmica,M,Azul,1,55,55,No
2025-01-23,Donostia,Rebajas,Calzado,Botas,S,Gris,2,110,220,Sí
2025-01-28,Bilbao,Rebajas,Pantalones,Montaña,M,Azul,1,90,90,Sí
2025-01-15,Bilbao,Rebajas,Pantalones,Chándal,M,Blanco,2,60,120,Sí
2025-01-26,Bilbao,Publicidad,Calzado,Botas,M,Negro,5,110,550,No
2025-01-09,Pamplona,Publicidad,Jerseys,Forro Polar,M,Negro,5,80,400,No
2025-01-20,Pamplona,Publicidad,Sportwear,Mallas,38,Gris,5,45,225,No
2025-01-12,Pamplona,Rebajas,Chaquetas,Anorak,40,Blanco,2,120,240,Sí
2025-01-28,Pamplona,Rebajas,Sportwear,Camisetas,L,Rojo,4,30,120,Sí
2025-01-05,Vitoria,Rebajas,Sportwear,Térmica,XL,Gris,5,55,275,Sí
2025-01-22,Donostia,Publicidad,Calzado,Sandalias,S,Azul,2,40,80,No
2025-01-23,Bilbao,Rebajas,Sportwear,Mallas,XL,Gris,3,45,135,No
2025-01-27,Donostia,Rebajas,Chaquetas,Anorak,40,Gris,5,120,600,Sí
2025-01-08,Donostia,Publicidad,Chaquetas,Plumífero,42,Rojo,3,150,450,Sí
2025-01-02,Bilbao,Publicidad,Sportwear,Mallas,S,Azul,2,45,90,Sí
2025-01-02,Vitoria,Publicidad,Calzado,Zapatillas,40,Verde,2,75,150,No
2025-01-28,Pamplona,Publicidad,Sportwear,Térmica,XL,Verde,4,55,220,Sí
2025-01-28,Donostia,Publicidad,Sportwear,Camisetas,M,Rojo,5,30,150,Sí
2025-01-21,Pamplona,Rebajas,Sportwear,Mallas,38,Blanco,4,45,180,Sí
2025-01-21,Bilbao,Rebajas,Chaquetas,Plumífero,M,Blanco,2,150,300,No
2025-01-06,Bilbao,Rebajas,Calzado,Sandalias,M,Blanco,3,40,120,Sí
2025-01-18,Vitoria,Rebajas,Calzado,Sandalias,L,Azul,4,40,160,Sí
2025-01-04,Donostia,Rebajas,Jerseys,Chaqueta de Lana,S,Verde,4,130,520,No
2025-01-17,Bilbao,Publicidad,Pantalones,Chándal,XL,Azul,2,60,120,Sí
2025-01-06,Donostia,Publicidad,Sportwear,Térmica,XL,Azul,1,55,55,No
2025-01-24,Donostia,Rebajas,Chaquetas,Anorak,40,Negro,3,120,360,No
2025-01-09,Bilbao,Rebajas,Sportwear,Mallas,42,Blanco,2,45,90,No
2025-01-04,Pamplona,Publicidad,Sportwear,Mallas,40,Azul,5,45,225,Sí
2025-01-11,Vitoria,Rebajas,Jerseys,Chaqueta de Lana,42,Rojo,5,130,650,No
2025-01-03,Pamplona,Rebajas,Sportwear,Mallas,40,Verde,4,45,180,Sí
2025-01-03,Pamplona,Rebajas,Chaquetas,Anorak,38,Azul,4,120,480,No
2025-01-03,Bilbao,Publicidad,Sportwear,Térmica,M,Gris,3,55,165,Sí
2025-01-22,Vitoria,Rebajas,Calzado,Zapatillas,40,Blanco,5,75,375,Sí
2025-01-09,Pamplona,Publicidad,Chaquetas,Plumífero,42,Gris,3,150,450,Sí
2025-01-17,Bilbao,Publicidad,Calzado,Sandalias,40,Rojo,5,40,200,Sí
2025-01-23,Donostia,Publicidad,Calzado,Botas,L,Rojo,4,110,440,No
2025-01-05,Bilbao,Publicidad,Pantalones,Montaña,38,Verde,3,90,270,No
2025-01-06,Bilbao,Rebajas,Calzado,Botas,L,Verde,4,110,440,No
2025-01-17,Pamplona,Publicidad,Chaquetas,Anorak,42,Blanco,2,120,240,No
2025-01-28,Pamplona,Rebajas,Pantalones,Chándal,M,Negro,2,60,120,Sí
2025-01-10,Bilbao,Publicidad,Pantalones,Chándal,S,Verde,4,60,240,Sí
2025-01-26,Donostia,Publicidad,Calzado,Sandalias,42,Negro,3,40,120,Sí
2025-01-21,Bilbao,Rebajas,Sportwear,Mallas,38,Verde,1,45,45,Sí
2025-01-06,Vitoria,Rebajas,Jerseys,Forro Polar,42,Gris,4,80,320,Sí
2025-01-02,Pamplona,Rebajas,Pantalones,Montaña,L,Verde,3,90,270,No
2025-01-03,Bilbao,Rebajas,Sportwear,Camisetas,S,Azul,2,30,60,No
2025-01-15,Bilbao,Publicidad,Calzado,Botas,XL,Blanco,3,110,330,No
2025-01-27,Bilbao,Publicidad,Chaquetas,Anorak,38,Azul,3,120,360,Sí
2025-01-15,Donostia,Publicidad,Jerseys,Forro Polar,40,Blanco,5,80,400,No
2025-01-06,Bilbao,Publicidad,Sportwear,Mallas,XL,Negro,3,45,135,Sí
2025-01-07,Vitoria,Rebajas,Sportwear,Térmica,42,Gris,5,55,275,No
2025-01-18,Pamplona,Publicidad,Jerseys,Chaqueta de Lana,38,Azul,2,130,260,Sí
2025-01-19,Donostia,Publicidad,Jerseys,Forro Polar,M,Verde,3,80,240,No
2025-01-10,Donostia,Publicidad,Calzado,Zapatillas,44,Verde,3,75,225,No
2025-01-25,Bilbao,Rebajas,Calzado,Botas,44,Gris,5,110,550,No
2025-01-18,Donostia,Rebajas,Sportwear,Camisetas,42,Blanco,5,30,150,Sí
2025-01-27,Pamplona,Rebajas,Sportwear,Mallas,S,Azul,5,45,225,No
2025-01-27,Vitoria,Publicidad,Pantalones,Montaña,42,Azul,3,90,270,Sí
2025-01-06,Vitoria,Publicidad,Calzado,Sandalias,S,Blanco,4,40,160,Sí
2025-01-03,Donostia,Rebajas,Pantalones,Montaña,XL,Negro,5,90,450,Sí
2025-01-03,Vitoria,Publicidad,Pantalones,Chándal,L,Verde,5,60,300,Sí
2025-01-09,Pamplona,Rebajas,Sportwear,Camisetas,44,Azul,3,30,90,No
2025-01-10,Vitoria,Publicidad,Calzado,Botas,44,Blanco,2,110,220,Sí
2025-01-16,Vitoria,Rebajas,Jerseys,Forro Polar,M,Azul,2,80,160,No
2025-01-09,Vitoria,Rebajas,Sportwear,Camisetas,L,Verde,2,30,60,No
2025-01-04,Bilbao,Rebajas,Calzado,Zapatillas,S,Rojo,1,75,75,Sí
2025-01-08,Donostia,Publicidad,Jerseys,Chaqueta de Lana,XL,Blanco,3,130,390,No
2025-01-14,Pamplona,Publicidad,Jerseys,Chaqueta de Lana,L,Negro,3,130,390,No
2025-01-18,Vitoria,Publicidad,Chaquetas,Plumífero,L,Gris,2,150,300,No
2025-01-21,Bilbao,Rebajas,Sportwear,Térmica,M,Rojo,5,55,275,Sí
2025-01-13,Vitoria,Publicidad,Pantalones,Montaña,40,Negro,5,90,450,Sí
2025-01-07,Donostia,Rebajas,Calzado,Botas,42,Blanco,1,110,110,No
2025-01-28,Donostia,Publicidad,Sportwear,Térmica,L,Verde,5,55,275,No
2025-01-27,Pamplona,Rebajas,Sportwear,Camisetas,38,Negro,1,30,30,No
2025-01-21,Pamplona,Rebajas,Calzado,Sandalias,M,Negro,5,40,200,Sí
2025-01-16,Vitoria,Publicidad,Sportwear,Mallas,S,Verde,2,45,90,No
2025-01-19,Bilbao,Rebajas,Pantalones,Chándal,M,Negro,4,60,240,Sí
2025-01-07,Pamplona,Publicidad,Calzado,Zapatillas,S,Blanco,2,75,150,No
2025-01-08,Pamplona,Publicidad,Pantalones,Chándal,XL,Verde,3,60,180,Sí
2025-01-17,Vitoria,Rebajas,Sportwear,Mallas,42,Verde,3,45,135,No
2025-01-05,Donostia,Publicidad,Chaquetas,Plumífero,M,Verde,5,150,750,No
2025-01-02,Donostia,Rebajas,Pantalones,Montaña,38,Rojo,1,90,90,Sí
2025-01-15,Bilbao,Publicidad,Sportwear,Térmica,44,Rojo,2,55,110,No
2025-01-09,Pamplona,Publicidad,Sportwear,Térmica,38,Azul,2,55,110,Sí
2025-01-14,Donostia,Publicidad,Sportwear,Mallas,L,Blanco,5,45,225,No
2025-01-08,Bilbao,Rebajas,Pantalones,Montaña,XL,Azul,2,90,180,No
2025-01-28,Vitoria,Rebajas,Calzado,Zapatillas,M,Verde,4,75,300,No
2025-01-19,Bilbao,Publicidad,Calzado,Sandalias,38,Azul,4,40,160,Sí
2025-01-28,Vitoria,Publicidad,Calzado,Botas,38,Rojo,3,110,330,Sí
2025-01-15,Bilbao,Publicidad,Calzado,Zapatillas,M,Gris,3,75,225,Sí
2025-01-18,Donostia,Rebajas,Sportwear,Camisetas,L,Verde,3,30,90,Sí
2025-01-21,Donostia,Rebajas,Sportwear,Mallas,44,Azul,4,45,180,No
2025-01-06,Donostia,Publicidad,Chaquetas,Anorak,42,Blanco,1,120,120,Sí
2025-01-13,Vitoria,Publicidad,Pantalones,Montaña,XL,Verde,4,90,360,No
2025-01-28,Vitoria,Rebajas,Chaquetas,Plumífero,M,Verde,1,150,150,Sí
2025-01-15,Vitoria,Rebajas,Jerseys,Forro Polar,S,Verde,1,80,80,Sí
2025-01-06,Bilbao,Rebajas,Jerseys,Chaqueta de Lana,XL,Blanco,5,130,650,Sí
2025-01-06,Donostia,Rebajas,Chaquetas,Plumífero,42,Blanco,3,150,450,No
2025-01-10,Pamplona,Publicidad,Sportwear,Térmica,42,Blanco,1,55,55,No
2025-01-08,Vitoria,Rebajas,Pantalones,Chándal,XL,Blanco,4,60,240,Sí
2025-01-26,Donostia,Publicidad,Chaquetas,Anorak,44,Rojo,5,120,600,No
2025-01-25,Vitoria,Rebajas,Pantalones,Montaña,M,Verde,3,90,270,Sí
2025-01-11,Vitoria,Rebajas,Calzado,Sandalias,M,Verde,1,40,40,Sí
2025-01-26,Bilbao,Publicidad,Sportwear,Térmica,M,Azul,1,55,55,No
2025-01-03,Vitoria,Publicidad,Calzado,Botas,44,Blanco,1,110,110,No
2025-01-22,Pamplona,Rebajas,Calzado,Zapatillas,42,Rojo,1,75,75,Sí
2025-01-24,Donostia,Rebajas,Sportwear,Mallas,M,Blanco,4,45,180,Sí
2025-01-25,Vitoria,Publicidad,Sportwear,Camisetas,40,Gris,3,30,90,Sí
2025-01-06,Bilbao,Rebajas,Calzado,Zapatillas,44,Azul,2,75,150,No
2025-01-15,Bilbao,Publicidad,Jerseys,Chaqueta de Lana,44,Rojo,3,130,390,No
2025-01-20,Bilbao,Publicidad,Jerseys,Forro Polar,XL,Blanco,3,80,240,No
2025-01-08,Pamplona,Publicidad,Pantalones,Montaña,M,Blanco,2,90,180,Sí
2025-01-18,Bilbao,Rebajas,Chaquetas,Anorak,S,Azul,3,120,360,No
2025-01-18,Donostia,Publicidad,Jerseys,Chaqueta de Lana,XL,Verde,2,130,260,No
2025-01-23,Donostia,Publicidad,Sportwear,Camisetas,S,Negro,2,30,60,Sí
2025-01-07,Bilbao,Publicidad,Jerseys,Forro Polar,44,Gris,4,80,320,No
2025-01-21,Donostia,Rebajas,Chaquetas,Plumífero,M,Rojo,4,150,600,No
2025-01-13,Bilbao,Rebajas,Pantalones,Montaña,XL,Azul,3,90,270,No
2025-01-26,Vitoria,Publicidad,Calzado,Zapatillas,44,Rojo,4,75,300,No
2025-01-15,Pamplona,Publicidad,Chaquetas,Plumífero,L,Negro,4,150,600,Sí
2025-01-20,Donostia,Rebajas,Sportwear,Camisetas,XL,Rojo,3,30,90,No
2025-01-13,Vitoria,Publicidad,Chaquetas,Anorak,44,Rojo,5,120,600,Sí
2025-01-09,Vitoria,Rebajas,Sportwear,Mallas,40,Verde,5,45,225,No
2025-01-01,Pamplona,Rebajas,Calzado,Sandalias,38,Rojo,1,40,40,Sí
2025-01-05,Donostia,Rebajas,Calzado,Botas,42,Negro,4,110,440,Sí
2025-01-14,Bilbao,Publicidad,Chaquetas,Anorak,42,Blanco,1,120,120,No
2025-01-01,Donostia,Publicidad,Calzado,Sandalias,S,Rojo,2,40,80,Sí
2025-01-19,Pamplona,Publicidad,Pantalones,Chándal,44,Negro,1,60,60,Sí
2025-01-16,Donostia,Publicidad,Chaquetas,Anorak,M,Azul,2,120,240,Sí
2025-01-10,Donostia,Rebajas,Calzado,Zapatillas,38,Gris,3,75,225,No
2025-01-17,Pamplona,Publicidad,Sportwear,Camisetas,42,Negro,4,30,120,Sí
2025-01-27,Bilbao,Rebajas,Calzado,Sandalias,40,Verde,3,40,120,No
2025-01-23,Donostia,Publicidad,Calzado,Sandalias,40,Negro,4,40,160,No
2025-01-18,Pamplona,Publicidad,Pantalones,Montaña,S,Rojo,1,90,90,Sí
2025-01-08,Bilbao,Publicidad,Jerseys,Forro Polar,42,Gris,5,80,400,No
2025-01-05,Donostia,Rebajas,Sportwear,Mallas,S,Negro,1,45,45,No
2025-01-01,Vitoria,Rebajas,Chaquetas,Plumífero,42,Blanco,1,150,150,Sí
2025-01-19,Donostia,Publicidad,Calzado,Sandalias,44,Azul,2,40,80,Sí
2025-01-08,Vitoria,Publicidad,Calzado,Botas,XL,Rojo,1,110,110,No
2025-01-24,Donostia,Publicidad,Calzado,Botas,38,Blanco,2,110,220,Sí
2025-01-22,Donostia,Publicidad,Calzado,Sandalias,L,Azul,3,40,120,Sí
2025-01-21,Vitoria,Publicidad,Sportwear,Térmica,40,Gris,1,55,55,Sí
2025-01-27,Donostia,Publicidad,Pantalones,Chándal,44,Blanco,3,60,180,Sí
2025-01-16,Pamplona,Publicidad,Chaquetas,Anorak,L,Rojo,4,120,480,Sí
2025-01-07,Vitoria,Publicidad,Calzado,Zapatillas,42,Gris,2,75,150,No
2025-01-16,Donostia,Publicidad,Chaquetas,Plumífero,42,Gris,1,150,150,No
2025-01-26,Donostia,Publicidad,Pantalones,Chándal,L,Blanco,4,60,240,No
2025-01-08,Pamplona,Publicidad,Chaquetas,Plumífero,S,Verde,1,150,150,Sí
2025-01-22,Vitoria,Publicidad,Pantalones,Montaña,L,Rojo,2,90,180,Sí
2025-01-16,Pamplona,Rebajas,Sportwear,Mallas,M,Blanco,4,45,180,Sí
2025-01-15,Vitoria,Rebajas,Chaquetas,Anorak,L,Blanco,1,120,120,No
2025-01-03,Donostia,Rebajas,Sportwear,Mallas,40,Verde,1,45,45,No
2025-01-17,Pamplona,Publicidad,Chaquetas,Plumífero,XL,Negro,4,150,600,Sí
2025-01-27,Donostia,Publicidad,Calzado,Botas,L,Blanco,3,110,330,Sí
2025-01-15,Bilbao,Publicidad,Sportwear,Mallas,S,Rojo,3,45,135,No
2025-01-22,Bilbao,Rebajas,Sportwear,Térmica,42,Verde,4,55,220,No
2025-01-22,Donostia,Rebajas,Sportwear,Mallas,XL,Negro,2,45,90,No
2025-01-18,Bilbao,Publicidad,Pantalones,Chándal,XL,Azul,4,60,240,No
2025-01-07,Donostia,Rebajas,Jerseys,Chaqueta de Lana,40,Blanco,2,130,260,Sí
2025-01-14,Bilbao,Publicidad,Calzado,Sandalias,L,Azul,5,40,200,No
2025-01-03,Vitoria,Rebajas,Sportwear,Camisetas,44,Rojo,2,30,60,Sí
2025-01-12,Pamplona,Rebajas,Pantalones,Montaña,S,Verde,4,90,360,No
2025-01-15,Donostia,Publicidad,Sportwear,Térmica,S,Azul,3,55,165,Sí
2025-01-14,Donostia,Rebajas,Jerseys,Chaqueta de Lana,S,Azul,2,130,260,Sí
2025-01-20,Donostia,Rebajas,Calzado,Sandalias,L,Azul,5,40,200,No
2025-01-09,Vitoria,Publicidad,Pantalones,Montaña,38,Rojo,4,90,360,No
2025-01-11,Bilbao,Publicidad,Jerseys,Forro Polar,42,Gris,5,80,400,No
2025-01-15,Bilbao,Publicidad,Chaquetas,Anorak,40,Rojo,4,120,480,No
2025-01-02,Bilbao,Rebajas,Calzado,Zapatillas,44,Azul,3,75,225,Sí
2025-01-07,Vitoria,Publicidad,Jerseys,Chaqueta de Lana,M,Negro,3,130,390,No
2025-01-10,Vitoria,Publicidad,Calzado,Zapatillas,M,Gris,4,75,300,Sí
2025-01-27,Bilbao,Publicidad,Pantalones,Montaña,40,Verde,2,90,180,Sí
2025-01-27,Pamplona,Publicidad,Chaquetas,Anorak,38,Blanco,3,120,360,No
2025-01-26,Donostia,Publicidad,Calzado,Zapatillas,S,Blanco,4,75,300,No
2025-01-07,Donostia,Rebajas,Jerseys,Chaqueta de Lana,42,Blanco,4,130,520,Sí
2025-01-03,Pamplona,Rebajas,Sportwear,Mallas,42,Rojo,1,45,45,Sí
2025-01-19,Pamplona,Rebajas,Pantalones,Chándal,XL,Rojo,4,60,240,No
2025-01-04,Donostia,Rebajas,Pantalones,Montaña,38,Azul,5,90,450,Sí
2025-01-11,Pamplona,Publicidad,Chaquetas,Anorak,L,Negro,4,120,480,Sí
2025-01-27,Bilbao,Rebajas,Chaquetas,Plumífero,40,Rojo,4,150,600,No
2025-01-10,Bilbao,Publicidad,Jerseys,Chaqueta de Lana,XL,Gris,5,130,650,No
2025-01-26,Pamplona,Publicidad,Sportwear,Térmica,44,Rojo,2,55,110,No
2025-01-07,Bilbao,Publicidad,Pantalones,Montaña,S,Gris,5,90,450,No
2025-01-17,Vitoria,Rebajas,Chaquetas,Plumífero,42,Negro,2,150,300,Sí
2025-01-25,Donostia,Publicidad,Pantalones,Montaña,42,Blanco,3,90,270,No
2025-01-01,Bilbao,Rebajas,Jerseys,Chaqueta de Lana,44,Azul,3,130,390,No
2025-01-18,Donostia,Rebajas,Jerseys,Chaqueta de Lana,40,Verde,1,130,130,Sí
2025-01-27,Vitoria,Publicidad,Pantalones,Chándal,S,Rojo,4,60,240,Sí
2025-01-16,Donostia,Rebajas,Sportwear,Mallas,44,Rojo,5,45,225,Sí
2025-01-23,Pamplona,Publicidad,Pantalones,Chándal,XL,Blanco,2,60,120,No
2025-01-17,Donostia,Rebajas,Pantalones,Montaña,44,Negro,5,90,450,No
2025-01-10,Pamplona,Publicidad,Calzado,Zapatillas,44,Azul,4,75,300,Sí
2025-01-14,Donostia,Publicidad,Pantalones,Chándal,38,Rojo,5,60,300,No
2025-01-27,Vitoria,Rebajas,Sportwear,Térmica,38,Azul,5,55,275,Sí
2025-01-13,Bilbao,Publicidad,Jerseys,Forro Polar,38,Rojo,3,80,240,No
2025-01-08,Vitoria,Rebajas,Sportwear,Térmica,M,Rojo,1,55,55,No
2025-01-27,Vitoria,Rebajas,Sportwear,Mallas,44,Gris,5,45,225,No
2025-01-11,Vitoria,Rebajas,Sportwear,Térmica,L,Blanco,5,55,275,Sí
2025-01-09,Bilbao,Publicidad,Sportwear,Térmica,M,Azul,5,55,275,Sí
2025-01-15,Pamplona,Publicidad,Calzado,Zapatillas,44,Azul,3,75,225,No
2025-01-15,Vitoria,Publicidad,Chaquetas,Anorak,44,Verde,1,120,120,No
2025-01-17,Vitoria,Publicidad,Jerseys,Chaqueta de Lana,S,Verde,1,130,130,No
2025-01-18,Bilbao,Rebajas,Chaquetas,Anorak,L,Rojo,2,120,240,No
2025-01-11,Bilbao,Publicidad,Calzado,Sandalias,L,Gris,5,40,200,Sí
2025-01-24,Pamplona,Publicidad,Calzado,Botas,44,Azul,3,110,330,No
2025-01-05,Bilbao,Publicidad,Pantalones,Chándal,42,Verde,5,60,300,No
2025-01-26,Donostia,Publicidad,Chaquetas,Anorak,M,Gris,4,120,480,Sí
2025-01-11,Bilbao,Rebajas,Pantalones,Chándal,L,Negro,1,60,60,Sí
2025-01-10,Bilbao,Rebajas,Jerseys,Chaqueta de Lana,44,Negro,3,130,390,No
2025-01-19,Pamplona,Rebajas,Chaquetas,Plumífero,38,Verde,5,150,750,Sí
2025-01-19,Pamplona,Rebajas,Jerseys,Chaqueta de Lana,XL,Verde,1,130,130,No
2025-01-25,Bilbao,Publicidad,Calzado,Botas,44,Gris,5,110,550,No
2025-01-23,Donostia,Rebajas,Sportwear,Térmica,XL,Gris,5,55,275,Sí
2025-01-01,Donostia,Publicidad,Sportwear,Camisetas,M,Blanco,5,30,150,No
2025-01-17,Bilbao,Rebajas,Chaquetas,Anorak,M,Blanco,4,120,480,Sí
2025-01-01,Donostia,Publicidad,Jerseys,Forro Polar,38,Verde,4,80,320,Sí
2025-01-27,Donostia,Publicidad,Jerseys,Forro Polar,M,Blanco,1,80,80,No
2025-01-10,Pamplona,Publicidad,Calzado,Botas,XL,Verde,1,110,110,Sí
2025-01-04,Vitoria,Publicidad,Chaquetas,Anorak,40,Negro,5,120,600,Sí
2025-01-21,Pamplona,Rebajas,Jerseys,Forro Polar,S,Rojo,4,80,320,Sí
2025-01-03,Donostia,Rebajas,Sportwear,Mallas,44,Blanco,3,45,135,No
2025-01-04,Donostia,Rebajas,Jerseys,Chaqueta de Lana,S,Gris,4,130,520,No
2025-01-21,Vitoria,Publicidad,Calzado,Zapatillas,38,Negro,3,75,225,Sí
2025-01-16,Vitoria,Publicidad,Calzado,Zapatillas,M,Azul,5,75,375,Sí
2025-01-12,Pamplona,Publicidad,Chaquetas,Anorak,XL,Rojo,2,120,240,Sí
2025-01-17,Pamplona,Rebajas,Sportwear,Mallas,38,Negro,5,45,225,Sí
2025-01-18,Pamplona,Publicidad,Calzado,Botas,L,Gris,4,110,440,No
2025-01-01,Pamplona,Rebajas,Pantalones,Chándal,44,Verde,1,60,60,Sí
2025-01-11,Vitoria,Rebajas,Pantalones,Chándal,44,Verde,2,60,120,Sí
2025-01-03,Donostia,Publicidad,Sportwear,Mallas,42,Blanco,4,45,180,Sí
2025-01-26,Donostia,Rebajas,Pantalones,Chándal,M,Negro,3,60,180,Sí
2025-01-27,Pamplona,Publicidad,Calzado,Zapatillas,44,Blanco,3,75,225,No
2025-01-23,Vitoria,Publicidad,Calzado,Sandalias,XL,Negro,2,40,80,Sí
2025-01-12,Vitoria,Publicidad,Sportwear,Mallas,XL,Gris,5,45,225,No
2025-01-26,Vitoria,Publicidad,Calzado,Botas,S,Negro,4,110,440,No
2025-01-25,Vitoria,Publicidad,Jerseys,Forro Polar,XL,Azul,4,80,320,No
2025-01-04,Vitoria,Rebajas,Calzado,Botas,S,Azul,2,110,220,No
2025-01-04,Pamplona,Rebajas,Jerseys,Chaqueta de Lana,42,Rojo,3,130,390,No
2025-01-20,Donostia,Rebajas,Sportwear,Térmica,S,Verde,3,55,165,No
2025-01-13,Pamplona,Publicidad,Calzado,Zapatillas,M,Gris,1,75,75,Sí
2025-01-16,Vitoria,Rebajas,Calzado,Botas,L,Gris,1,110,110,Sí
2025-01-19,Vitoria,Rebajas,Jerseys,Chaqueta de Lana,42,Rojo,4,130,520,No
2025-01-25,Bilbao,Publicidad,Jerseys,Chaqueta de Lana,44,Gris,1,130,130,No
2025-01-09,Pamplona,Rebajas,Pantalones,Chándal,42,Verde,4,60,240,No
2025-01-09,Donostia,Publicidad,Sportwear,Térmica,38,Rojo,5,55,275,No
2025-01-22,Bilbao,Publicidad,Calzado,Zapatillas,40,Verde,2,75,150,No
2025-01-28,Pamplona,Publicidad,Calzado,Botas,38,Verde,5,110,550,No
2025-01-10,Pamplona,Publicidad,Chaquetas,Anorak,XL,Blanco,4,120,480,Sí
2025-01-12,Donostia,Rebajas,Jerseys,Chaqueta de Lana,42,Blanco,1,130,130,No
2025-01-02,Donostia,Rebajas,Pantalones,Montaña,42,Rojo,1,90,90,No
2025-01-02,Vitoria,Publicidad,Chaquetas,Plumífero,XL,Rojo,5,150,750,Sí
2025-01-07,Vitoria,Publicidad,Pantalones,Montaña,44,Azul,5,90,450,No
2025-01-02,Bilbao,Rebajas,Calzado,Botas,L,Rojo,1,110,110,Sí
2025-01-05,Bilbao,Publicidad,Pantalones,Chándal,44,Gris,2,60,120,No
2025-01-14,Donostia,Publicidad,Calzado,Sandalias,38,Azul,4,40,160,Sí
2025-01-18,Bilbao,Rebajas,Jerseys,Forro Polar,L,Azul,3,80,240,No
2025-01-22,Vitoria,Publicidad,Sportwear,Camisetas,XL,Verde,5,30,150,Sí
2025-01-25,Vitoria,Publicidad,Chaquetas,Plumífero,44,Negro,1,150,150,Sí
2025-01-19,Pamplona,Rebajas,Pantalones,Montaña,M,Azul,5,90,450,Sí
2025-01-19,Vitoria,Rebajas,Calzado,Botas,XL,Verde,5,110,550,Sí
2025-01-15,Pamplona,Rebajas,Sportwear,Camisetas,38,Rojo,5,30,150,Sí
2025-01-24,Pamplona,Publicidad,Sportwear,Mallas,42,Verde,4,45,180,Sí
2025-01-16,Vitoria,Rebajas,Jerseys,Chaqueta de Lana,M,Blanco,1,130,130,Sí
2025-01-09,Donostia,Publicidad,Sportwear,Térmica,38,Rojo,1,55,55,No
2025-01-16,Vitoria,Rebajas,Sportwear,Mallas,40,Rojo,2,45,90,Sí
2025-01-23,Vitoria,Publicidad,Sportwear,Mallas,S,Azul,1,45,45,No
2025-01-27,Pamplona,Rebajas,Pantalones,Montaña,42,Verde,4,90,360,Sí
2025-01-07,Bilbao,Publicidad,Jerseys,Forro Polar,40,Negro,4,80,320,Sí
2025-01-13,Vitoria,Rebajas,Chaquetas,Plumífero,38,Gris,2,150,300,No
2025-01-08,Vitoria,Publicidad,Pantalones,Chándal,L,Rojo,4,60,240,No
2025-01-15,Bilbao,Rebajas,Calzado,Zapatillas,M,Negro,5,75,375,No
2025-01-28,Pamplona,Rebajas,Calzado,Zapatillas,40,Negro,1,75,75,Sí
2025-01-06,Pamplona,Rebajas,Calzado,Zapatillas,42,Rojo,5,75,375,Sí
2025-01-24,Bilbao,Publicidad,Pantalones,Montaña,44,Azul,1,90,90,No
2025-01-17,Pamplona,Rebajas,Pantalones,Montaña,M,Azul,2,90,180,Sí
2025-01-09,Vitoria,Publicidad,Pantalones,Montaña,38,Rojo,2,90,180,No
2025-01-11,Pamplona,Publicidad,Sportwear,Mallas,44,Negro,4,45,180,No
2025-01-24,Vitoria,Rebajas,Jerseys,Chaqueta de Lana,42,Negro,4,130,520,No
2025-01-04,Bilbao,Publicidad,Sportwear,Térmica,40,Blanco,2,55,110,No
2025-01-06,Vitoria,Publicidad,Chaquetas,Anorak,S,Rojo,3,120,360,No
2025-01-15,Bilbao,Publicidad,Chaquetas,Plumífero,42,Azul,1,150,150,Sí
2025-01-21,Bilbao,Rebajas,Pantalones,Chándal,L,Gris,1,60,60,No
2025-01-12,Bilbao,Publicidad,Sportwear,Térmica,44,Verde,2,55,110,Sí
2025-01-17,Bilbao,Rebajas,Sportwear,Mallas,M,Verde,3,45,135,No
2025-01-03,Bilbao,Publicidad,Calzado,Sandalias,44,Blanco,2,40,80,No
2025-01-01,Donostia,Rebajas,Jerseys,Chaqueta de Lana,44,Blanco,2,130,260,No
2025-01-03,Vitoria,Rebajas,Calzado,Botas,M,Verde,1,110,110,Sí
2025-01-01,Vitoria,Rebajas,Pantalones,Montaña,M,Blanco,3,90,270,Sí
2025-01-26,Pamplona,Publicidad,Sportwear,Térmica,40,Azul,3,55,165,Sí
2025-01-17,Donostia,Publicidad,Pantalones,Chándal,M,Gris,5,60,300,No
2025-01-21,Vitoria,Publicidad,Sportwear,Térmica,S,Verde,1,55,55,Sí
2025-01-22,Pamplona,Rebajas,Jerseys,Forro Polar,L,Blanco,5,80,400,Sí
2025-01-15,Bilbao,Rebajas,Pantalones,Chándal,40,Verde,2,60,120,No
2025-01-21,Vitoria,Publicidad,Jerseys,Forro Polar,44,Verde,3,80,240,No
2025-01-24,Pamplona,Publicidad,Sportwear,Mallas,XL,Negro,4,45,180,No
2025-01-14,Vitoria,Publicidad,Pantalones,Montaña,42,Azul,1,90,90,No
2025-01-08,Donostia,Publicidad,Pantalones,Montaña,XL,Azul,3,90,270,No
2025-01-16,Vitoria,Publicidad,Calzado,Botas,40,Blanco,4,110,440,No
2025-01-14,Donostia,Rebajas,Pantalones,Chándal,L,Verde,5,60,300,No
2025-01-23,Bilbao,Publicidad,Calzado,Botas,XL,Blanco,5,110,550,Sí
2025-01-27,Bilbao,Rebajas,Calzado,Sandalias,38,Verde,3,40,120,Sí
2025-01-16,Pamplona,Rebajas,Chaquetas,Anorak,38,Blanco,3,120,360,Sí
2025-01-02,Bilbao,Publicidad,Jerseys,Forro Polar,S,Azul,2,80,160,Sí
2025-01-15,Bilbao,Publicidad,Sportwear,Camisetas,M,Verde,3,30,90,No
2025-01-23,Donostia,Rebajas,Jerseys,Chaqueta de Lana,38,Blanco,2,130,260,Sí
2025-01-12,Pamplona,Publicidad,Pantalones,Chándal,40,Azul,5,60,300,No
2025-01-07,Donostia,Rebajas,Calzado,Sandalias,S,Gris,5,40,200,No
2025-01-25,Bilbao,Rebajas,Chaquetas,Plumífero,42,Gris,3,150,450,No
2025-01-24,Donostia,Rebajas,Calzado,Botas,40,Gris,3,110,330,No
2025-01-16,Pamplona,Rebajas,Sportwear,Mallas,M,Rojo,5,45,225,Sí
2025-01-20,Pamplona,Publicidad,Sportwear,Térmica,M,Gris,1,55,55,No
2025-01-01,Donostia,Publicidad,Sportwear,Térmica,S,Gris,1,55,55,No
2025-01-09,Bilbao,Rebajas,Chaquetas,Anorak,S,Rojo,3,120,360,No
2025-01-14,Pamplona,Rebajas,Sportwear,Mallas,42,Blanco,4,45,180,No
2025-01-12,Donostia,Rebajas,Sportwear,Mallas,M,Negro,2,45,90,No
2025-01-20,Bilbao,Rebajas,Pantalones,Chándal,42,Negro,1,60,60,Sí
2025-01-02,Bilbao,Rebajas,Chaquetas,Plumífero,40,Verde,3,150,450,Sí
2025-01-16,Vitoria,Publicidad,Calzado,Botas,38,Gris,1,110,110,Sí
2025-01-26,Vitoria,Rebajas,Sportwear,Térmica,S,Blanco,4,55,220,No
2025-01-25,Vitoria,Publicidad,Chaquetas,Anorak,38,Rojo,3,120,360,Sí
2025-01-09,Vitoria,Publicidad,Chaquetas,Anorak,44,Negro,4,120,480,No
2025-01-11,Bilbao,Rebajas,Sportwear,Térmica,40,Gris,3,55,165,No
2025-01-09,Bilbao,Publicidad,Calzado,Sandalias,M,Rojo,2,40,80,No
2025-01-24,Donostia,Publicidad,Sportwear,Camisetas,44,Negro,2,30,60,No
2025-01-23,Bilbao,Rebajas,Calzado,Zapatillas,XL,Azul,5,75,375,Sí
2025-01-17,Donostia,Publicidad,Chaquetas,Plumífero,L,Negro,5,150,750,No
2025-01-11,Donostia,Publicidad,Chaquetas,Anorak,M,Rojo,5,120,600,Sí
2025-01-21,Vitoria,Publicidad,Sportwear,Mallas,L,Blanco,1,45,45,No
2025-01-07,Vitoria,Publicidad,Pantalones,Montaña,XL,Blanco,1,90,90,No
2025-01-06,Donostia,Rebajas,Sportwear,Mallas,40,Blanco,1,45,45,No
2025-01-22,Vitoria,Publicidad,Calzado,Zapatillas,38,Verde,2,75,150,Sí
2025-01-25,Bilbao,Publicidad,Pantalones,Chándal,42,Verde,2,60,120,Sí
2025-01-10,Pamplona,Publicidad,Chaquetas,Plumífero,XL,Rojo,5,150,750,No
2025-01-21,Bilbao,Publicidad,Jerseys,Forro Polar,38,Verde,1,80,80,No
2025-01-13,Pamplona,Publicidad,Calzado,Botas,38,Negro,3,110,330,No
2025-01-21,Donostia,Publicidad,Pantalones,Chándal,S,Rojo,4,60,240,No
2025-01-18,Donostia,Publicidad,Jerseys,Chaqueta de Lana,XL,Blanco,3,130,390,No
2025-01-21,Vitoria,Rebajas,Calzado,Botas,XL,Azul,4,110,440,No
2025-01-09,Vitoria,Publicidad,Chaquetas,Plumífero,XL,Blanco,5,150,750,Sí
2025-01-03,Pamplona,Publicidad,Calzado,Sandalias,L,Verde,4,40,160,Sí
2025-01-04,Donostia,Publicidad,Chaquetas,Plumífero,M,Blanco,5,150,750,Sí
2025-01-12,Donostia,Rebajas,Chaquetas,Anorak,L,Azul,2,120,240,Sí
2025-01-01,Pamplona,Publicidad,Sportwear,Camisetas,XL,Verde,5,30,150,Sí
2025-01-02,Bilbao,Rebajas,Calzado,Botas,L,Gris,2,110,220,No
2025-01-26,Bilbao,Rebajas,Chaquetas,Plumífero,40,Blanco,5,150,750,Sí
2025-01-27,Vitoria,Publicidad,Sportwear,Térmica,XL,Verde,2,55,110,Sí
2025-01-05,Pamplona,Rebajas,Chaquetas,Anorak,L,Gris,3,120,360,Sí
2025-01-03,Pamplona,Publicidad,Calzado,Sandalias,42,Azul,1,40,40,No
2025-01-01,Bilbao,Rebajas,Calzado,Sandalias,44,Blanco,1,40,40,Sí
2025-01-06,Bilbao,Rebajas,Chaquetas,Plumífero,44,Blanco,2,150,300,Sí
2025-01-22,Pamplona,Rebajas,Sportwear,Mallas,44,Negro,3,45,135,No
2025-01-03,Bilbao,Publicidad,Sportwear,Camisetas,L,Negro,5,30,150,Sí
2025-01-18,Vitoria,Publicidad,Sportwear,Mallas,44,Verde,4,45,180,Sí
2025-01-26,Pamplona,Publicidad,Sportwear,Camisetas,42,Blanco,3,30,90,Sí
2025-01-09,Vitoria,Publicidad,Chaquetas,Plumífero,S,Azul,3,150,450,Sí
2025-01-11,Vitoria,Rebajas,Chaquetas,Anorak,L,Rojo,1,120,120,No
2025-01-13,Donostia,Publicidad,Calzado,Zapatillas,44,Negro,3,75,225,Sí
2025-01-16,Bilbao,Publicidad,Sportwear,Camisetas,38,Verde,1,30,30,No
2025-01-16,Vitoria,Publicidad,Chaquetas,Anorak,M,Rojo,2,120,240,Sí
2025-01-26,Vitoria,Publicidad,Sportwear,Térmica,XL,Gris,3,55,165,No
2025-01-17,Vitoria,Rebajas,Pantalones,Montaña,L,Azul,2,90,180,No
2025-01-26,Vitoria,Rebajas,Sportwear,Camisetas,42,Verde,3,30,90,No
2025-01-16,Vitoria,Rebajas,Calzado,Sandalias,S,Verde,2,40,80,Sí
2025-01-02,Pamplona,Publicidad,Sportwear,Térmica,40,Verde,4,55,220,Sí
2025-01-15,Bilbao,Publicidad,Pantalones,Montaña,38,Rojo,1,90,90,Sí
2025-01-06,Pamplona,Rebajas,Sportwear,Camisetas,XL,Verde,1,30,30,No
2025-01-27,Bilbao,Publicidad,Sportwear,Mallas,38,Verde,1,45,45,Sí
2025-01-12,Pamplona,Publicidad,Calzado,Botas,L,Gris,5,110,550,No
2025-01-12,Pamplona,Publicidad,Chaquetas,Anorak,XL,Negro,3,120,360,No
2025-01-26,Bilbao,Rebajas,Chaquetas,Anorak,M,Blanco,2,120,240,No
2025-01-17,Vitoria,Rebajas,Jerseys,Chaqueta de Lana,XL,Rojo,1,130,130,No
2025-01-28,Vitoria,Rebajas,Pantalones,Chándal,L,Blanco,3,60,180,Sí
2025-01-07,Bilbao,Rebajas,Sportwear,Térmica,XL,Azul,3,55,165,No
2025-01-23,Bilbao,Publicidad,Sportwear,Mallas,XL,Gris,3,45,135,No
2025-01-01,Pamplona,Rebajas,Pantalones,Montaña,S,Verde,3,90,270,No
2025-01-10,Bilbao,Publicidad,Chaquetas,Plumífero,40,Verde,5,150,750,Sí
2025-01-24,Donostia,Rebajas,Calzado,Botas,M,Negro,5,110,550,Sí
2025-01-17,Donostia,Publicidad,Calzado,Sandalias,L,Gris,4,40,160,No
2025-01-22,Vitoria,Rebajas,Jerseys,Forro Polar,S,Azul,4,80,320,Sí
2025-01-04,Pamplona,Publicidad,Chaquetas,Anorak,38,Blanco,4,120,480,Sí
2025-01-22,Vitoria,Rebajas,Sportwear,Térmica,38,Negro,1,55,55,Sí
2025-01-10,Pamplona,Publicidad,Jerseys,Forro Polar,40,Negro,5,80,400,Sí
2025-01-13,Pamplona,Publicidad,Sportwear,Térmica,42,Gris,1,55,55,Sí
2025-01-25,Vitoria,Publicidad,Pantalones,Chándal,40,Azul,3,60,180,No
2025-01-19,Pamplona,Publicidad,Calzado,Botas,XL,Negro,5,110,550,Sí
2025-01-09,Pamplona,Publicidad,Sportwear,Mallas,XL,Gris,2,45,90,No
2025-01-20,Donostia,Rebajas,Jerseys,Forro Polar,L,Azul,2,80,160,No
2025-01-20,Donostia,Rebajas,Sportwear,Camisetas,40,Rojo,4,30,120,Sí
2025-01-16,Donostia,Publicidad,Sportwear,Camisetas,44,Verde,5,30,150,No
2025-01-12,Vitoria,Publicidad,Sportwear,Camisetas,38,Azul,2,30,60,No
2025-01-15,Bilbao,Rebajas,Jerseys,Chaqueta de Lana,42,Verde,1,130,130,Sí
2025-01-17,Vitoria,Rebajas,Jerseys,Forro Polar,40,Blanco,1,80,80,No
2025-01-07,Bilbao,Rebajas,Chaquetas,Plumífero,38,Gris,1,150,150,Sí
2025-01-17,Pamplona,Publicidad,Pantalones,Montaña,44,Blanco,3,90,270,No
2025-01-08,Vitoria,Publicidad,Chaquetas,Anorak,L,Gris,2,120,240,Sí
2025-01-12,Vitoria,Publicidad,Sportwear,Térmica,XL,Rojo,2,55,110,No
2025-01-21,Vitoria,Publicidad,Chaquetas,Anorak,S,Negro,1,120,120,Sí
2025-01-12,Bilbao,Publicidad,Calzado,Zapatillas,40,Verde,4,75,300,No
2025-01-25,Bilbao,Rebajas,Sportwear,Mallas,38,Negro,2,45,90,No
2025-01-28,Vitoria,Publicidad,Pantalones,Chándal,42,Verde,5,60,300,Sí
2025-01-26,Pamplona,Rebajas,Sportwear,Camisetas,44,Blanco,1,30,30,Sí
2025-01-06,Vitoria,Rebajas,Jerseys,Chaqueta de Lana,XL,Azul,2,130,260,Sí
2025-01-04,Donostia,Publicidad,Pantalones,Montaña,M,Rojo,1,90,90,No
2025-01-16,Pamplona,Rebajas,Calzado,Botas,S,Verde,1,110,110,Sí
2025-01-23,Pamplona,Rebajas,Calzado,Botas,44,Rojo,1,110,110,No
2025-01-16,Bilbao,Rebajas,Calzado,Botas,40,Gris,2,110,220,Sí
2025-01-01,Pamplona,Rebajas,Pantalones,Montaña,S,Gris,4,90,360,Sí
2025-01-22,Pamplona,Rebajas,Pantalones,Montaña,XL,Verde,4,90,360,Sí
2025-01-12,Vitoria,Rebajas,Sportwear,Térmica,42,Verde,3,55,165,No
2025-01-15,Vitoria,Publicidad,Jerseys,Forro Polar,S,Rojo,2,80,160,No
2025-01-07,Donostia,Rebajas,Calzado,Zapatillas,38,Rojo,5,75,375,Sí
2025-01-22,Pamplona,Rebajas,Sportwear,Mallas,40,Blanco,5,45,225,No
2025-01-13,Donostia,Rebajas,Calzado,Sandalias,XL,Gris,4,40,160,No
2025-01-01,Donostia,Publicidad,Pantalones,Chándal,40,Azul,3,60,180,Sí
2025-01-20,Donostia,Rebajas,Chaquetas,Plumífero,XL,Negro,4,150,600,Sí
2025-01-11,Bilbao,Publicidad,Jerseys,Forro Polar,44,Gris,1,80,80,No
2025-01-25,Bilbao,Publicidad,Chaquetas,Plumífero,44,Verde,4,150,600,No
2025-01-22,Vitoria,Rebajas,Jerseys,Chaqueta de Lana,42,Gris,2,130,260,No
2025-01-25,Bilbao,Publicidad,Jerseys,Chaqueta de Lana,L,Azul,2,130,260,Sí
2025-01-28,Bilbao,Publicidad,Calzado,Zapatillas,44,Blanco,4,75,300,No
2025-01-06,Pamplona,Rebajas,Calzado,Botas,44,Rojo,5,110,550,Sí
2025-01-09,Pamplona,Rebajas,Jerseys,Chaqueta de Lana,42,Gris,5,130,650,No
2025-01-06,Donostia,Publicidad,Sportwear,Camisetas,M,Blanco,4,30,120,Sí
2025-01-05,Pamplona,Publicidad,Chaquetas,Anorak,M,Verde,2,120,240,Sí
2025-01-13,Donostia,Publicidad,Sportwear,Mallas,40,Verde,4,45,180,No
2025-01-26,Pamplona,Publicidad,Chaquetas,Plumífero,38,Azul,2,150,300,Sí
2025-01-28,Donostia,Rebajas,Jerseys,Chaqueta de Lana,M,Rojo,5,130,650,No
2025-01-11,Pamplona,Publicidad,Chaquetas,Anorak,40,Negro,2,120,240,No
2025-01-15,Pamplona,Publicidad,Jerseys,Forro Polar,42,Gris,5,80,400,Sí
2025-01-20,Vitoria,Rebajas,Sportwear,Térmica,40,Gris,3,55,165,No
2025-01-14,Donostia,Publicidad,Calzado,Sandalias,XL,Verde,2,40,80,Sí
2025-01-17,Pamplona,Publicidad,Jerseys,Forro Polar,40,Negro,1,80,80,Sí
2025-01-22,Donostia,Rebajas,Pantalones,Montaña,S,Gris,3,90,270,Sí
2025-01-14,Pamplona,Publicidad,Sportwear,Camisetas,XL,Azul,4,30,120,Sí
2025-01-03,Vitoria,Publicidad,Pantalones,Montaña,M,Rojo,2,90,180,No
2025-01-06,Donostia,Rebajas,Calzado,Sandalias,38,Negro,2,40,80,Sí
2025-01-25,Pamplona,Publicidad,Calzado,Botas,S,Rojo,5,110,550,No
2025-01-09,Donostia,Rebajas,Calzado,Botas,40,Azul,1,110,110,No
2025-01-26,Donostia,Rebajas,Jerseys,Chaqueta de Lana,42,Negro,1,130,130,Sí
2025-01-22,Bilbao,Rebajas,Jerseys,Chaqueta de Lana,42,Negro,1,130,130,No
2025-01-14,Vitoria,Publicidad,Jerseys,Chaqueta de Lana,42,Rojo,1,130,130,No
2025-01-05,Donostia,Publicidad,Sportwear,Camisetas,M,Blanco,2,30,60,Sí
2025-01-22,Vitoria,Rebajas,Jerseys,Chaqueta de Lana,44,Blanco,5,130,650,No
2025-01-20,Vitoria,Publicidad,Jerseys,Chaqueta de Lana,38,Azul,5,130,650,No
2025-01-10,Bilbao,Publicidad,Jerseys,Forro Polar,38,Verde,3,80,240,Sí
2025-01-23,Pamplona,Publicidad,Pantalones,Chándal,L,Rojo,4,60,240,No
2025-01-25,Bilbao,Rebajas,Sportwear,Mallas,38,Gris,5,45,225,Sí
2025-01-20,Bilbao,Publicidad,Calzado,Zapatillas,44,Blanco,1,75,75,No
2025-01-22,Bilbao,Rebajas,Calzado,Botas,XL,Azul,3,110,330,Sí
2025-01-09,Donostia,Rebajas,Sportwear,Térmica,40,Negro,4,55,220,No
2025-01-15,Bilbao,Rebajas,Chaquetas,Plumífero,44,Blanco,5,150,750,No
2025-01-19,Bilbao,Publicidad,Sportwear,Mallas,42,Negro,1,45,45,Sí
2025-01-26,Vitoria,Rebajas,Jerseys,Forro Polar,M,Azul,3,80,240,Sí
2025-01-20,Pamplona,Publicidad,Calzado,Botas,40,Gris,2,110,220,No
2025-01-24,Bilbao,Rebajas,Sportwear,Térmica,M,Verde,1,55,55,Sí
2025-01-20,Bilbao,Publicidad,Chaquetas,Plumífero,44,Blanco,3,150,450,Sí
2025-01-01,Donostia,Publicidad,Calzado,Botas,44,Blanco,2,110,220,Sí
2025-01-11,Bilbao,Rebajas,Pantalones,Montaña,44,Negro,3,90,270,Sí
2025-01-12,Vitoria,Publicidad,Sportwear,Térmica,38,Verde,5,55,275,No
2025-01-16,Vitoria,Rebajas,Jerseys,Chaqueta de Lana,44,Rojo,4,130,520,Sí
2025-01-03,Vitoria,Rebajas,Sportwear,Camisetas,44,Blanco,2,30,60,Sí
2025-01-27,Donostia,Publicidad,Calzado,Botas,S,Gris,2,110,220,Sí
2025-01-02,Pamplona,Rebajas,Calzado,Sandalias,38,Rojo,3,40,120,Sí
2025-01-21,Donostia,Rebajas,Calzado,Botas,S,Negro,3,110,330,No
2025-01-21,Vitoria,Rebajas,Pantalones,Chándal,M,Blanco,2,60,120,No
2025-01-17,Vitoria,Publicidad,Calzado,Botas,XL,Gris,4,110,440,Sí
2025-01-01,Vitoria,Publicidad,Pantalones,Montaña,L,Azul,5,90,450,No
2025-01-03,Donostia,Publicidad,Sportwear,Camisetas,XL,Azul,3,30,90,Sí
2025-01-18,Bilbao,Publicidad,Calzado,Sandalias,L,Negro,2,40,80,Sí
2025-01-19,Donostia,Publicidad,Pantalones,Chándal,XL,Blanco,1,60,60,Sí
2025-01-20,Donostia,Rebajas,Sportwear,Camisetas,44,Blanco,5,30,150,No
2025-01-28,Vitoria,Rebajas,Sportwear,Camisetas,44,Gris,4,30,120,No
2025-01-26,Vitoria,Publicidad,Chaquetas,Plumífero,S,Rojo,1,150,150,Sí
2025-01-10,Pamplona,Publicidad,Chaquetas,Anorak,XL,Negro,5,120,600,No
2025-01-20,Vitoria,Rebajas,Sportwear,Camisetas,42,Gris,1,30,30,No
2025-01-26,Donostia,Rebajas,Jerseys,Chaqueta de Lana,40,Verde,3,130,390,Sí
2025-01-18,Pamplona,Rebajas,Jerseys,Forro Polar,42,Verde,3,80,240,No
2025-01-17,Bilbao,Publicidad,Sportwear,Mallas,M,Gris,4,45,180,No
2025-01-03,Vitoria,Rebajas,Jerseys,Forro Polar,L,Verde,1,80,80,No
2025-01-08,Pamplona,Publicidad,Calzado,Zapatillas,L,Blanco,1,75,75,Sí
2025-01-09,Pamplona,Rebajas,Pantalones,Montaña,S,Azul,2,90,180,No
2025-01-03,Bilbao,Rebajas,Pantalones,Montaña,M,Azul,4,90,360,No
2025-01-15,Vitoria,Publicidad,Sportwear,Camisetas,40,Gris,4,30,120,Sí
2025-01-07,Vitoria,Rebajas,Calzado,Botas,L,Azul,5,110,550,Sí
2025-01-21,Pamplona,Publicidad,Sportwear,Mallas,L,Azul,2,45,90,No
2025-01-03,Pamplona,Rebajas,Chaquetas,Plumífero,XL,Verde,2,150,300,No
2025-01-25,Donostia,Rebajas,Sportwear,Térmica,38,Gris,2,55,110,No
2025-01-21,Pamplona,Rebajas,Pantalones,Montaña,40,Blanco,3,90,270,No
2025-01-18,Vitoria,Rebajas,Pantalones,Chándal,L,Negro,4,60,240,Sí
2025-01-05,Donostia,Rebajas,Jerseys,Chaqueta de Lana,XL,Verde,4,130,520,No
2025-01-14,Pamplona,Publicidad,Pantalones,Chándal,44,Negro,5,60,300,Sí
2025-01-26,Pamplona,Rebajas,Calzado,Sandalias,44,Blanco,3,40,120,No
2025-01-10,Pamplona,Publicidad,Chaquetas,Anorak,L,Verde,2,120,240,Sí
2025-01-21,Bilbao,Rebajas,Calzado,Zapatillas,L,Azul,1,75,75,No
2025-01-15,Vitoria,Publicidad,Chaquetas,Plumífero,44,Blanco,2,150,300,No
2025-01-11,Bilbao,Rebajas,Chaquetas,Plumífero,L,Negro,4,150,600,Sí
2025-01-21,Donostia,Rebajas,Pantalones,Chándal,XL,Negro,2,60,120,No
2025-01-03,Bilbao,Rebajas,Calzado,Botas,42,Verde,5,110,550,Sí
2025-01-14,Pamplona,Rebajas,Sportwear,Térmica,40,Rojo,5,55,275,Sí
2025-01-18,Vitoria,Rebajas,Calzado,Botas,42,Gris,5,110,550,Sí
2025-01-19,Bilbao,Publicidad,Calzado,Sandalias,44,Negro,5,40,200,No
2025-01-17,Vitoria,Publicidad,Jerseys,Forro Polar,XL,Blanco,2,80,160,No
2025-01-28,Bilbao,Rebajas,Chaquetas,Plumífero,38,Blanco,3,150,450,No
2025-01-18,Vitoria,Rebajas,Pantalones,Chándal,L,Verde,1,60,60,No
2025-01-06,Donostia,Publicidad,Calzado,Sandalias,L,Blanco,4,40,160,Sí
2025-01-01,Bilbao,Rebajas,Jerseys,Forro Polar,XL,Rojo,1,80,80,Sí
2025-01-13,Vitoria,Publicidad,Jerseys,Chaqueta de Lana,S,Rojo,5,130,650,Sí
2025-01-22,Vitoria,Rebajas,Chaquetas,Plumífero,S,Negro,4,150,600,No
2025-01-08,Donostia,Rebajas,Jerseys,Forro Polar,40,Azul,5,80,400,No
2025-01-06,Pamplona,Rebajas,Chaquetas,Anorak,L,Azul,5,120,600,No
2025-01-11,Pamplona,Rebajas,Jerseys,Forro Polar,XL,Negro,1,80,80,No
2025-01-06,Vitoria,Publicidad,Sportwear,Térmica,38,Blanco,2,55,110,No
2025-01-06,Vitoria,Rebajas,Pantalones,Montaña,S,Negro,5,90,450,Sí
2025-01-14,Bilbao,Rebajas,Pantalones,Montaña,44,Negro,2,90,180,Sí
2025-01-25,Donostia,Publicidad,Chaquetas,Anorak,40,Verde,5,120,600,No
2025-01-03,Bilbao,Publicidad,Jerseys,Chaqueta de Lana,S,Azul,5,130,650,No
2025-01-08,Vitoria,Publicidad,Jerseys,Forro Polar,L,Gris,3,80,240,Sí
2025-01-01,Vitoria,Rebajas,Calzado,Zapatillas,38,Rojo,1,75,75,No
2025-01-04,Pamplona,Rebajas,Sportwear,Camisetas,XL,Verde,2,30,60,Sí
2025-01-12,Pamplona,Rebajas,Jerseys,Chaqueta de Lana,L,Blanco,5,130,650,Sí
2025-01-10,Donostia,Rebajas,Chaquetas,Plumífero,XL,Verde,1,150,150,No
2025-01-20,Vitoria,Publicidad,Pantalones,Montaña,44,Azul,5,90,450,Sí
2025-01-28,Vitoria,Publicidad,Calzado,Sandalias,42,Blanco,1,40,40,No
2025-01-13,Bilbao,Rebajas,Chaquetas,Anorak,44,Azul,5,120,600,No
2025-01-02,Bilbao,Publicidad,Calzado,Sandalias,M,Azul,1,40,40,Sí
2025-01-08,Vitoria,Publicidad,Chaquetas,Anorak,S,Negro,4,120,480,Sí
2025-01-12,Bilbao,Rebajas,Jerseys,Chaqueta de Lana,40,Blanco,4,130,520,No
2025-01-25,Bilbao,Rebajas,Jerseys,Chaqueta de Lana,XL,Gris,5,130,650,Sí
2025-01-26,Donostia,Publicidad,Pantalones,Montaña,38,Verde,3,90,270,No
2025-01-20,Pamplona,Publicidad,Pantalones,Chándal,S,Rojo,5,60,300,Sí
2025-01-13,Vitoria,Rebajas,Jerseys,Chaqueta de Lana,M,Verde,1,130,130,Sí
2025-01-02,Bilbao,Publicidad,Sportwear,Térmica,44,Rojo,3,55,165,No
2025-01-13,Donostia,Rebajas,Jerseys,Chaqueta de Lana,40,Negro,1,130,130,No
2025-01-23,Vitoria,Publicidad,Chaquetas,Plumífero,40,Rojo,1,150,150,No
2025-01-19,Donostia,Publicidad,Jerseys,Chaqueta de Lana,42,Verde,5,130,650,No
2025-01-16,Donostia,Publicidad,Chaquetas,Anorak,44,Rojo,5,120,600,Sí
2025-01-17,Pamplona,Rebajas,Chaquetas,Plumífero,M,Verde,2,150,300,Sí
2025-01-05,Pamplona,Rebajas,Chaquetas,Anorak,M,Blanco,1,120,120,Sí
2025-01-24,Vitoria,Rebajas,Sportwear,Mallas,L,Blanco,2,45,90,No
2025-01-16,Donostia,Publicidad,Calzado,Zapatillas,38,Rojo,3,75,225,No
2025-01-02,Donostia,Publicidad,Sportwear,Mallas,XL,Gris,3,45,135,Sí
2025-01-05,Vitoria,Publicidad,Pantalones,Chándal,44,Gris,2,60,120,No
2025-01-15,Vitoria,Publicidad,Jerseys,Chaqueta de Lana,40,Rojo,1,130,130,No
2025-01-21,Vitoria,Rebajas,Chaquetas,Plumífero,L,Gris,3,150,450,No
2025-01-18,Vitoria,Publicidad,Calzado,Sandalias,44,Rojo,1,40,40,No
2025-01-11,Vitoria,Rebajas,Calzado,Botas,XL,Verde,3,110,330,No
2025-01-07,Pamplona,Publicidad,Sportwear,Térmica,40,Negro,5,55,275,No
2025-01-21,Pamplona,Publicidad,Sportwear,Mallas,S,Verde,4,45,180,No
2025-01-27,Donostia,Rebajas,Chaquetas,Plumífero,XL,Gris,4,150,600,No
2025-01-25,Vitoria,Publicidad,Calzado,Zapatillas,40,Blanco,2,75,150,Sí
2025-01-12,Pamplona,Rebajas,Jerseys,Chaqueta de Lana,XL,Azul,5,130,650,No
2025-01-18,Bilbao,Rebajas,Sportwear,Térmica,40,Negro,2,55,110,No
2025-01-15,Bilbao,Rebajas,Sportwear,Térmica,38,Negro,5,55,275,No
2025-01-15,Vitoria,Rebajas,Sportwear,Mallas,S,Azul,2,45,90,Sí
2025-01-04,Donostia,Publicidad,Sportwear,Térmica,L,Negro,5,55,275,No
2025-01-20,Donostia,Rebajas,Pantalones,Chándal,40,Blanco,3,60,180,Sí
2025-01-15,Donostia,Rebajas,Sportwear,Mallas,44,Gris,2,45,90,Sí
2025-01-10,Pamplona,Publicidad,Pantalones,Chándal,XL,Negro,1,60,60,Sí
2025-01-10,Donostia,Publicidad,Pantalones,Chándal,38,Gris,5,60,300,Sí
2025-01-06,Bilbao,Rebajas,Sportwear,Camisetas,S,Azul,2,30,60,Sí
2025-01-13,Donostia,Rebajas,Jerseys,Chaqueta de Lana,S,Rojo,3,130,390,Sí
2025-01-28,Pamplona,Publicidad,Calzado,Botas,L,Verde,4,110,440,No
2025-01-26,Vitoria,Publicidad,Calzado,Botas,38,Negro,3,110,330,Sí
2025-01-15,Pamplona,Publicidad,Pantalones,Montaña,44,Azul,1,90,90,No
2025-01-14,Bilbao,Rebajas,Calzado,Botas,L,Azul,2,110,220,Sí
2025-01-16,Vitoria,Rebajas,Sportwear,Camisetas,S,Blanco,5,30,150,Sí
2025-01-19,Pamplona,Rebajas,Calzado,Zapatillas,44,Verde,4,75,300,Sí
2025-01-15,Bilbao,Publicidad,Sportwear,Térmica,M,Rojo,1,55,55,No
2025-01-02,Vitoria,Rebajas,Chaquetas,Plumífero,XL,Azul,4,150,600,Sí
2025-01-25,Vitoria,Rebajas,Jerseys,Chaqueta de Lana,S,Blanco,2,130,260,No
2025-01-28,Bilbao,Publicidad,Jerseys,Forro Polar,42,Verde,4,80,320,No
2025-01-07,Bilbao,Publicidad,Pantalones,Montaña,40,Blanco,4,90,360,No
2025-01-12,Pamplona,Publicidad,Sportwear,Mallas,XL,Verde,5,45,225,Sí
2025-01-18,Donostia,Publicidad,Chaquetas,Anorak,S,Blanco,3,120,360,No
2025-01-25,Bilbao,Publicidad,Chaquetas,Plumífero,S,Blanco,3,150,450,Sí
2025-01-07,Donostia,Publicidad,Calzado,Sandalias,42,Verde,1,40,40,Sí
2025-01-07,Bilbao,Publicidad,Sportwear,Térmica,40,Verde,3,55,165,No
2025-01-24,Vitoria,Rebajas,Chaquetas,Plumífero,38,Negro,4,150,600,No
2025-01-22,Donostia,Publicidad,Sportwear,Térmica,S,Gris,5,55,275,Sí
2025-01-10,Donostia,Rebajas,Sportwear,Térmica,L,Verde,5,55,275,No
2025-01-13,Bilbao,Publicidad,Pantalones,Chándal,XL,Rojo,2,60,120,Sí
2025-01-18,Donostia,Publicidad,Sportwear,Térmica,44,Gris,1,55,55,No
2025-01-10,Bilbao,Publicidad,Chaquetas,Plumífero,L,Negro,5,150,750,Sí
2025-01-07,Pamplona,Publicidad,Pantalones,Chándal,XL,Verde,1,60,60,No
2025-01-11,Vitoria,Rebajas,Pantalones,Montaña,38,Verde,3,90,270,Sí
2025-01-09,Donostia,Rebajas,Jerseys,Chaqueta de Lana,42,Verde,1,130,130,No
2025-01-19,Bilbao,Publicidad,Sportwear,Camisetas,42,Azul,1,30,30,Sí
2025-01-16,Pamplona,Rebajas,Sportwear,Camisetas,40,Negro,5,30,150,Sí
2025-01-15,Donostia,Rebajas,Chaquetas,Plumífero,S,Gris,5,150,750,Sí
2025-01-22,Bilbao,Rebajas,Sportwear,Mallas,S,Verde,1,45,45,No
2025-01-17,Bilbao,Publicidad,Pantalones,Chándal,38,Gris,3,60,180,Sí
2025-01-08,Pamplona,Publicidad,Chaquetas,Anorak,44,Negro,3,120,360,No
2025-01-28,Vitoria,Publicidad,Jerseys,Chaqueta de Lana,XL,Gris,5,130,650,Sí
2025-01-12,Donostia,Publicidad,Calzado,Botas,40,Blanco,1,110,110,Sí
2025-01-08,Donostia,Publicidad,Pantalones,Montaña,40,Azul,3,90,270,Sí
2025-01-27,Vitoria,Rebajas,Sportwear,Mallas,44,Azul,2,45,90,Sí
2025-01-18,Vitoria,Publicidad,Jerseys,Forro Polar,40,Rojo,1,80,80,No
2025-01-20,Bilbao,Rebajas,Jerseys,Forro Polar,L,Azul,2,80,160,Sí
2025-01-19,Vitoria,Publicidad,Sportwear,Mallas,42,Verde,1,45,45,No
2025-01-11,Pamplona,Publicidad,Sportwear,Térmica,S,Rojo,3,55,165,No
2025-01-06,Vitoria,Rebajas,Calzado,Sandalias,M,Azul,3,40,120,No
2025-01-21,Bilbao,Rebajas,Pantalones,Montaña,S,Blanco,2,90,180,No
2025-01-25,Pamplona,Rebajas,Pantalones,Chándal,44,Blanco,1,60,60,Sí
2025-01-06,Donostia,Publicidad,Sportwear,Camisetas,L,Negro,3,30,90,No
2025-01-05,Donostia,Publicidad,Pantalones,Montaña,L,Blanco,1,90,90,Sí
2025-01-26,Vitoria,Publicidad,Sportwear,Térmica,40,Rojo,2,55,110,Sí
2025-01-21,Vitoria,Rebajas,Calzado,Zapatillas,42,Gris,3,75,225,No
2025-01-07,Bilbao,Publicidad,Jerseys,Forro Polar,L,Verde,5,80,400,No
2025-01-28,Vitoria,Publicidad,Jerseys,Chaqueta de Lana,40,Verde,1,130,130,Sí
2025-01-18,Donostia,Publicidad,Calzado,Botas,44,Verde,1,110,110,No
2025-01-01,Pamplona,Publicidad,Chaquetas,Plumífero,S,Blanco,1,150,150,No
2025-01-20,Donostia,Rebajas,Chaquetas,Plumífero,40,Gris,1,150,150,No
2025-01-17,Donostia,Rebajas,Chaquetas,Plumífero,44,Azul,5,150,750,No
2025-01-19,Donostia,Publicidad,Calzado,Botas,L,Gris,3,110,330,Sí
2025-01-28,Pamplona,Publicidad,Jerseys,Forro Polar,L,Rojo,4,80,320,No
2025-01-13,Vitoria,Rebajas,Calzado,Botas,40,Azul,4,110,440,Sí
2025-01-09,Vitoria,Rebajas,Chaquetas,Anorak,M,Negro,2,120,240,No
2025-01-08,Pamplona,Publicidad,Calzado,Zapatillas,44,Rojo,5,75,375,No
2025-01-19,Donostia,Rebajas,Sportwear,Mallas,42,Gris,4,45,180,Sí
2025-01-07,Pamplona,Publicidad,Calzado,Botas,40,Verde,4,110,440,No
2025-01-19,Pamplona,Rebajas,Calzado,Botas,S,Negro,3,110,330,Sí
2025-01-10,Pamplona,Publicidad,Sportwear,Camisetas,S,Gris,3,30,90,Sí
2025-01-11,Donostia,Rebajas,Pantalones,Chándal,38,Gris,5,60,300,Sí
2025-01-03,Donostia,Rebajas,Sportwear,Camisetas,38,Verde,3,30,90,Sí
2025-01-24,Donostia,Rebajas,Jerseys,Chaqueta de Lana,38,Gris,5,130,650,Sí
2025-01-24,Pamplona,Rebajas,Jerseys,Chaqueta de Lana,M,Rojo,3,130,390,Sí
2025-01-25,Vitoria,Publicidad,Sportwear,Mallas,40,Rojo,1,45,45,No
2025-01-20,Pamplona,Rebajas,Jerseys,Chaqueta de Lana,L,Gris,5,130,650,No
2025-01-09,Pamplona,Publicidad,Pantalones,Montaña,XL,Rojo,3,90,270,No
2025-01-10,Pamplona,Publicidad,Sportwear,Mallas,42,Negro,2,45,90,Sí
2025-01-26,Pamplona,Publicidad,Calzado,Botas,38,Verde,4,110,440,Sí
2025-01-03,Pamplona,Publicidad,Pantalones,Chándal,38,Negro,5,60,300,No
2025-01-23,Pamplona,Rebajas,Jerseys,Forro Polar,XL,Verde,4,80,320,Sí
2025-01-18,Bilbao,Rebajas,Pantalones,Montaña,40,Gris,2,90,180,Sí
2025-01-27,Pamplona,Rebajas,Calzado,Sandalias,44,Rojo,1,40,40,Sí
2025-01-12,Donostia,Rebajas,Pantalones,Chándal,M,Azul,2,60,120,No
2025-01-22,Vitoria,Rebajas,Sportwear,Camisetas,L,Negro,4,30,120,No
2025-01-25,Vitoria,Publicidad,Calzado,Sandalias,44,Blanco,4,40,160,No
2025-01-20,Pamplona,Rebajas,Jerseys,Chaqueta de Lana,M,Gris,5,130,650,Sí
2025-01-10,Pamplona,Publicidad,Sportwear,Camisetas,38,Rojo,3,30,90,Sí
2025-01-28,Pamplona,Publicidad,Sportwear,Camisetas,38,Verde,5,30,150,Sí
2025-01-03,Donostia,Publicidad,Pantalones,Chándal,S,Verde,2,60,120,Sí
2025-01-07,Bilbao,Rebajas,Sportwear,Térmica,S,Gris,4,55,220,No
2025-01-08,Bilbao,Publicidad,Calzado,Zapatillas,40,Negro,5,75,375,No
2025-01-13,Bilbao,Rebajas,Sportwear,Térmica,38,Blanco,2,55,110,No
2025-01-22,Pamplona,Rebajas,Sportwear,Camisetas,XL,Rojo,2,30,60,No
2025-01-19,Pamplona,Publicidad,Chaquetas,Plumífero,S,Blanco,1,150,150,Sí
2025-01-26,Donostia,Rebajas,Jerseys,Forro Polar,40,Negro,5,80,400,No
2025-01-25,Bilbao,Publicidad,Jerseys,Forro Polar,M,Azul,5,80,400,Sí
2025-01-20,Vitoria,Rebajas,Sportwear,Mallas,S,Azul,2,45,90,No
2025-01-07,Vitoria,Publicidad,Sportwear,Térmica,44,Gris,3,55,165,No
2025-01-02,Pamplona,Publicidad,Jerseys,Chaqueta de Lana,M,Azul,1,130,130,Sí
2025-01-25,Bilbao,Publicidad,Sportwear,Camisetas,XL,Gris,3,30,90,No
2025-01-25,Pamplona,Rebajas,Jerseys,Forro Polar,38,Azul,5,80,400,Sí
2025-01-21,Vitoria,Publicidad,Pantalones,Montaña,L,Gris,5,90,450,Sí
2025-01-05,Donostia,Publicidad,Chaquetas,Anorak,44,Rojo,2,120,240,Sí
2025-01-16,Pamplona,Rebajas,Jerseys,Forro Polar,M,Verde,1,80,80,No
2025-01-22,Donostia,Rebajas,Sportwear,Camisetas,44,Azul,1,30,30,Sí
2025-01-04,Pamplona,Rebajas,Calzado,Botas,40,Azul,2,110,220,Sí
2025-01-14,Vitoria,Publicidad,Pantalones,Chándal,44,Blanco,2,60,120,Sí
2025-01-14,Donostia,Rebajas,Pantalones,Chándal,40,Gris,4,60,240,Sí
2025-01-17,Donostia,Rebajas,Jerseys,Forro Polar,L,Rojo,4,80,320,Sí
2025-01-28,Donostia,Rebajas,Sportwear,Mallas,XL,Verde,5,45,225,Sí
2025-01-17,Donostia,Rebajas,Sportwear,Camisetas,L,Azul,4,30,120,No
2025-01-06,Bilbao,Rebajas,Sportwear,Mallas,M,Gris,2,45,90,Sí
2025-01-25,Donostia,Rebajas,Pantalones,Chándal,XL,Gris,3,60,180,No
2025-01-26,Vitoria,Rebajas,Pantalones,Chándal,44,Gris,2,60,120,Sí
2025-01-06,Vitoria,Publicidad,Pantalones,Montaña,44,Blanco,2,90,180,No
2025-01-14,Vitoria,Publicidad,Sportwear,Mallas,L,Rojo,5,45,225,Sí
2025-01-26,Donostia,Publicidad,Chaquetas,Plumífero,XL,Negro,3,150,450,Sí
2025-01-19,Bilbao,Rebajas,Pantalones,Montaña,M,Gris,5,90,450,No
2025-01-19,Bilbao,Publicidad,Pantalones,Chándal,44,Azul,3,60,180,No
2025-01-09,Pamplona,Publicidad,Pantalones,Montaña,42,Gris,4,90,360,Sí
2025-01-19,Pamplona,Publicidad,Jerseys,Chaqueta de Lana,42,Blanco,5,130,650,No
2025-01-16,Donostia,Rebajas,Sportwear,Camisetas,S,Blanco,4,30,120,Sí
2025-01-03,Pamplona,Publicidad,Sportwear,Camisetas,40,Blanco,2,30,60,Sí
2025-01-26,Bilbao,Rebajas,Sportwear,Térmica,38,Gris,1,55,55,No
2025-01-11,Pamplona,Publicidad,Pantalones,Chándal,40,Blanco,1,60,60,No
2025-01-06,Donostia,Publicidad,Jerseys,Forro Polar,XL,Azul,5,80,400,No
2025-01-01,Pamplona,Publicidad,Sportwear,Mallas,40,Azul,3,45,135,Sí
2025-01-24,Bilbao,Rebajas,Calzado,Sandalias,42,Rojo,5,40,200,No
2025-01-17,Vitoria,Rebajas,Chaquetas,Plumífero,L,Gris,5,150,750,No
2025-01-14,Donostia,Rebajas,Calzado,Sandalias,XL,Negro,1,40,40,No
2025-01-21,Pamplona,Publicidad,Calzado,Zapatillas,38,Negro,5,75,375,No
2025-01-26,Donostia,Rebajas,Pantalones,Montaña,44,Verde,3,90,270,Sí
2025-01-01,Bilbao,Publicidad,Chaquetas,Plumífero,42,Gris,3,150,450,No
2025-01-21,Bilbao,Publicidad,Pantalones,Chándal,38,Blanco,3,60,180,No
2025-01-19,Pamplona,Rebajas,Sportwear,Mallas,42,Rojo,2,45,90,Sí
2025-01-18,Donostia,Rebajas,Sportwear,Térmica,38,Gris,3,55,165,Sí
2025-01-01,Donostia,Publicidad,Calzado,Botas,42,Azul,1,110,110,Sí
2025-01-19,Donostia,Publicidad,Sportwear,Térmica,L,Rojo,2,55,110,No
2025-01-02,Pamplona,Rebajas,Sportwear,Camisetas,L,Azul,1,30,30,Sí
2025-01-10,Vitoria,Publicidad,Chaquetas,Anorak,40,Azul,3,120,360,No
2025-01-23,Donostia,Rebajas,Calzado,Botas,L,Verde,5,110,550,Sí
2025-01-16,Vitoria,Rebajas,Pantalones,Chándal,38,Gris,1,60,60,No
2025-01-13,Bilbao,Publicidad,Calzado,Botas,44,Blanco,2,110,220,No
2025-01-23,Vitoria,Publicidad,Pantalones,Chándal,42,Blanco,3,60,180,No
2025-01-20,Bilbao,Rebajas,Chaquetas,Plumífero,L,Verde,4,150,600,Sí
2025-01-24,Bilbao,Rebajas,Calzado,Zapatillas,S,Gris,4,75,300,Sí
2025-01-02,Bilbao,Publicidad,Pantalones,Chándal,M,Azul,3,60,180,No
2025-01-01,Donostia,Rebajas,Sportwear,Térmica,42,Verde,4,55,220,Sí
2025-01-04,Donostia,Rebajas,Pantalones,Chándal,40,Verde,4,60,240,Sí
2025-01-26,Bilbao,Publicidad,Sportwear,Camisetas,S,Blanco,1,30,30,No
2025-01-28,Bilbao,Publicidad,Chaquetas,Anorak,S,Negro,5,120,600,Sí
2025-01-17,Vitoria,Rebajas,Jerseys,Chaqueta de Lana,44,Verde,3,130,390,Sí
2025-01-13,Bilbao,Rebajas,Calzado,Sandalias,44,Rojo,5,40,200,No
2025-01-24,Donostia,Publicidad,Sportwear,Térmica,L,Azul,5,55,275,Sí
2025-01-12,Vitoria,Publicidad,Sportwear,Camisetas,42,Gris,2,30,60,No
2025-01-19,Donostia,Publicidad,Sportwear,Térmica,S,Azul,1,55,55,No
2025-01-26,Donostia,Rebajas,Jerseys,Chaqueta de Lana,40,Negro,1,130,130,Sí
2025-01-06,Vitoria,Publicidad,Pantalones,Chándal,38,Negro,3,60,180,Sí
2025-01-28,Vitoria,Publicidad,Sportwear,Camisetas,38,Verde,5,30,150,No
2025-01-27,Donostia,Rebajas,Pantalones,Montaña,38,Rojo,4,90,360,Sí
2025-01-04,Vitoria,Publicidad,Sportwear,Mallas,M,Verde,5,45,225,Sí
2025-01-07,Vitoria,Rebajas,Calzado,Botas,38,Verde,1,110,110,No
2025-01-24,Vitoria,Rebajas,Jerseys,Forro Polar,40,Gris,4,80,320,Sí
2025-01-15,Pamplona,Rebajas,Calzado,Zapatillas,M,Gris,3,75,225,Sí
2025-01-01,Bilbao,Rebajas,Calzado,Zapatillas,XL,Gris,4,75,300,Sí
2025-01-08,Bilbao,Publicidad,Chaquetas,Anorak,44,Rojo,1,120,120,Sí
2025-01-18,Pamplona,Publicidad,Calzado,Zapatillas,42,Negro,3,75,225,No
2025-01-01,Pamplona,Rebajas,Pantalones,Montaña,44,Blanco,4,90,360,No
2025-01-18,Bilbao,Rebajas,Pantalones,Chándal,S,Rojo,5,60,300,Sí
2025-01-21,Vitoria,Rebajas,Calzado,Botas,42,Verde,4,110,440,No
2025-01-02,Donostia,Rebajas,Sportwear,Térmica,44,Rojo,1,55,55,No
2025-01-02,Bilbao,Publicidad,Calzado,Sandalias,S,Verde,1,40,40,No
2025-01-23,Pamplona,Rebajas,Chaquetas,Plumífero,XL,Gris,4,150,600,Sí
2025-01-16,Donostia,Publicidad,Jerseys,Chaqueta de Lana,38,Gris,4,130,520,Sí
2025-01-05,Bilbao,Rebajas,Calzado,Botas,40,Negro,5,110,550,Sí
2025-01-08,Pamplona,Rebajas,Sportwear,Térmica,M,Rojo,3,55,165,Sí
2025-01-09,Donostia,Rebajas,Sportwear,Térmica,M,Azul,3,55,165,Sí
2025-01-01,Donostia,Publicidad,Jerseys,Forro Polar,L,Azul,1,80,80,No
2025-01-11,Bilbao,Rebajas,Pantalones,Montaña,44,Blanco,3,90,270,Sí
2025-01-16,Bilbao,Rebajas,Calzado,Zapatillas,38,Gris,3,75,225,Sí
2025-01-17,Vitoria,Rebajas,Sportwear,Mallas,L,Rojo,2,45,90,Sí
2025-01-12,Pamplona,Publicidad,Sportwear,Camisetas,38,Negro,1,30,30,No
2025-01-18,Vitoria,Rebajas,Chaquetas,Anorak,L,Azul,1,120,120,Sí
2025-01-04,Donostia,Publicidad,Chaquetas,Anorak,XL,Gris,1,120,120,Sí
2025-01-23,Pamplona,Publicidad,Sportwear,Camisetas,S,Azul,4,30,120,No
2025-01-02,Pamplona,Publicidad,Chaquetas,Anorak,XL,Gris,5,120,600,Sí
2025-01-17,Pamplona,Publicidad,Calzado,Botas,40,Blanco,4,110,440,Sí
2025-01-21,Donostia,Rebajas,Chaquetas,Plumífero,S,Blanco,1,150,150,Sí
2025-01-24,Vitoria,Publicidad,Calzado,Sandalias,44,Gris,4,40,160,No
2025-01-17,Vitoria,Publicidad,Pantalones,Montaña,L,Gris,5,90,450,Sí
2025-01-14,Vitoria,Publicidad,Jerseys,Forro Polar,40,Azul,5,80,400,Sí
2025-01-26,Vitoria,Rebajas,Pantalones,Chándal,38,Negro,3,60,180,Sí
2025-01-22,Pamplona,Publicidad,Sportwear,Mallas,M,Gris,3,45,135,No
2025-01-06,Vitoria,Publicidad,Chaquetas,Plumífero,XL,Azul,3,150,450,No
2025-01-27,Donostia,Publicidad,Chaquetas,Anorak,38,Azul,4,120,480,No
2025-01-28,Donostia,Publicidad,Jerseys,Forro Polar,44,Negro,3,80,240,No
2025-01-02,Vitoria,Publicidad,Calzado,Botas,44,Verde,1,110,110,No
2025-01-09,Pamplona,Rebajas,Sportwear,Térmica,40,Verde,5,55,275,No
2025-01-10,Donostia,Rebajas,Calzado,Botas,XL,Blanco,4,110,440,No
2025-01-09,Vitoria,Publicidad,Sportwear,Mallas,L,Azul,4,45,180,Sí
2025-01-04,Donostia,Rebajas,Calzado,Botas,44,Blanco,4,110,440,No
2025-01-06,Vitoria,Publicidad,Sportwear,Mallas,38,Rojo,3,45,135,No
2025-01-08,Bilbao,Rebajas,Calzado,Botas,42,Negro,5,110,550,Sí
2025-01-11,Pamplona,Rebajas,Sportwear,Camisetas,XL,Azul,2,30,60,Sí
2025-01-01,Donostia,Rebajas,Calzado,Botas,40,Azul,5,110,550,Sí
2025-01-21,Donostia,Publicidad,Sportwear,Mallas,44,Rojo,1,45,45,Sí
2025-01-17,Vitoria,Rebajas,Calzado,Sandalias,S,Blanco,2,40,80,Sí
2025-01-22,Vitoria,Rebajas,Jerseys,Forro Polar,L,Verde,3,80,240,Sí
2025-01-26,Pamplona,Rebajas,Calzado,Botas,L,Azul,2,110,220,No
2025-01-21,Vitoria,Rebajas,Calzado,Botas,L,Gris,2,110,220,No
2025-01-07,Pamplona,Publicidad,Sportwear,Térmica,S,Azul,4,55,220,No
2025-01-26,Vitoria,Publicidad,Chaquetas,Plumífero,44,Negro,4,150,600,No
2025-01-02,Donostia,Publicidad,Jerseys,Forro Polar,44,Rojo,2,80,160,Sí
2025-01-07,Pamplona,Publicidad,Sportwear,Mallas,L,Verde,3,45,135,No
2025-01-22,Bilbao,Publicidad,Sportwear,Térmica,38,Rojo,3,55,165,Sí
2025-01-14,Bilbao,Publicidad,Calzado,Sandalias,M,Blanco,2,40,80,Sí
2025-01-17,Pamplona,Publicidad,Calzado,Zapatillas,42,Gris,1,75,75,No
2025-01-23,Vitoria,Publicidad,Sportwear,Mallas,44,Verde,4,45,180,No
2025-01-08,Vitoria,Publicidad,Jerseys,Chaqueta de Lana,38,Negro,4,130,520,No
2025-01-09,Vitoria,Publicidad,Sportwear,Camisetas,38,Verde,5,30,150,No
2025-01-13,Bilbao,Publicidad,Sportwear,Térmica,44,Azul,5,55,275,Sí
2025-01-28,Donostia,Rebajas,Sportwear,Camisetas,L,Azul,1,30,30,Sí
2025-01-27,Donostia,Rebajas,Sportwear,Mallas,40,Gris,5,45,225,No
2025-01-25,Vitoria,Publicidad,Sportwear,Térmica,S,Azul,3,55,165,Sí
2025-01-17,Donostia,Rebajas,Chaquetas,Anorak,44,Negro,2,120,240,No
2025-01-13,Pamplona,Rebajas,Calzado,Botas,L,Negro,2,110,220,No
2025-01-09,Donostia,Publicidad,Sportwear,Mallas,M,Verde,1,45,45,No
2025-01-21,Vitoria,Publicidad,Chaquetas,Anorak,40,Negro,2,120,240,Sí
2025-01-13,Donostia,Rebajas,Jerseys,Chaqueta de Lana,38,Blanco,2,130,260,Sí
2025-01-20,Bilbao,Rebajas,Calzado,Botas,L,Blanco,4,110,440,Sí
2025-01-20,Bilbao,Rebajas,Sportwear,Camisetas,44,Verde,2,30,60,Sí
2025-01-14,Pamplona,Publicidad,Sportwear,Camisetas,42,Verde,3,30,90,No
2025-01-10,Pamplona,Publicidad,Sportwear,Térmica,44,Rojo,1,55,55,Sí
2025-01-22,Vitoria,Rebajas,Sportwear,Térmica,S,Rojo,5,55,275,No
2025-01-08,Donostia,Publicidad,Sportwear,Mallas,XL,Rojo,3,45,135,No
2025-01-02,Pamplona,Rebajas,Pantalones,Chándal,M,Verde,5,60,300,Sí
2025-01-04,Bilbao,Publicidad,Chaquetas,Anorak,40,Verde,1,120,120,No
2025-01-03,Pamplona,Rebajas,Sportwear,Mallas,44,Verde,4,45,180,No
2025-01-18,Pamplona,Publicidad,Jerseys,Forro Polar,40,Rojo,3,80,240,Sí
2025-01-23,Donostia,Rebajas,Jerseys,Forro Polar,40,Negro,1,80,80,Sí
2025-01-05,Vitoria,Publicidad,Calzado,Zapatillas,44,Negro,4,75,300,Sí
2025-01-11,Donostia,Rebajas,Chaquetas,Plumífero,M,Gris,4,150,600,Sí
2025-01-18,Donostia,Publicidad,Sportwear,Camisetas,40,Negro,4,30,120,Sí
2025-01-26,Donostia,Rebajas,Pantalones,Chándal,XL,Blanco,3,60,180,Sí
2025-01-16,Vitoria,Rebajas,Sportwear,Mallas,42,Gris,1,45,45,No
2025-01-24,Vitoria,Publicidad,Pantalones,Montaña,XL,Gris,5,90,450,Sí
2025-01-27,Pamplona,Rebajas,Chaquetas,Plumífero,38,Blanco,1,150,150,No
2025-01-15,Donostia,Rebajas,Sportwear,Mallas,L,Gris,4,45,180,Sí
2025-01-09,Donostia,Publicidad,Pantalones,Chándal,44,Azul,5,60,300,No
2025-01-26,Bilbao,Rebajas,Calzado,Zapatillas,38,Rojo,2,75,150,Sí
2025-01-21,Vitoria,Publicidad,Calzado,Sandalias,40,Blanco,2,40,80,No
2025-01-04,Pamplona,Rebajas,Sportwear,Camisetas,42,Rojo,5,30,150,No
2025-01-19,Vitoria,Publicidad,Calzado,Zapatillas,L,Azul,2,75,150,No
2025-01-28,Bilbao,Rebajas,Calzado,Botas,42,Gris,5,110,550,No
2025-01-20,Bilbao,Rebajas,Sportwear,Térmica,M,Gris,2,55,110,No
2025-01-16,Vitoria,Publicidad,Pantalones,Montaña,XL,Gris,5,90,450,Sí
2025-01-10,Vitoria,Publicidad,Sportwear,Camisetas,40,Blanco,3,30,90,Sí
2025-01-19,Donostia,Publicidad,Chaquetas,Anorak,44,Azul,3,120,360,No
2025-01-19,Vitoria,Publicidad,Sportwear,Camisetas,M,Verde,2,30,60,Sí
2025-01-01,Vitoria,Publicidad,Calzado,Zapatillas,38,Verde,5,75,375,No
2025-01-27,Pamplona,Rebajas,Calzado,Zapatillas,M,Blanco,2,75,150,Sí
2025-01-19,Bilbao,Publicidad,Sportwear,Mallas,S,Gris,5,45,225,Sí
2025-01-18,Pamplona,Rebajas,Sportwear,Camisetas,XL,Azul,1,30,30,Sí
2025-01-17,Bilbao,Rebajas,Pantalones,Montaña,38,Gris,1,90,90,Sí
2025-01-20,Vitoria,Publicidad,Chaquetas,Anorak,S,Verde,4,120,480,No
2025-01-19,Pamplona,Publicidad,Sportwear,Térmica,L,Rojo,5,55,275,No
2025-01-10,Vitoria,Publicidad,Sportwear,Mallas,44,Blanco,4,45,180,Sí
2025-01-23,Vitoria,Rebajas,Chaquetas,Plumífero,M,Blanco,2,150,300,No
2025-01-18,Bilbao,Publicidad,Calzado,Botas,44,Azul,5,110,550,No
2025-01-17,Vitoria,Rebajas,Chaquetas,Plumífero,M,Blanco,3,150,450,Sí
2025-01-08,Pamplona,Rebajas,Chaquetas,Anorak,L,Negro,4,120,480,No
2025-01-24,Vitoria,Publicidad,Chaquetas,Plumífero,S,Azul,2,150,300,Sí
2025-01-08,Donostia,Publicidad,Chaquetas,Plumífero,M,Verde,3,150,450,No
2025-01-21,Pamplona,Publicidad,Calzado,Sandalias,44,Negro,5,40,200,No
2025-01-16,Vitoria,Publicidad,Sportwear,Mallas,40,Azul,2,45,90,No
2025-01-13,Vitoria,Rebajas,Calzado,Botas,40,Verde,1,110,110,No
2025-01-27,Vitoria,Publicidad,Sportwear,Térmica,M,Negro,5,55,275,No
2025-01-15,Bilbao,Publicidad,Chaquetas,Plumífero,M,Gris,1,150,150,Sí
2025-01-07,Vitoria,Rebajas,Calzado,Botas,38,Negro,2,110,220,Sí
2025-01-18,Bilbao,Publicidad,Pantalones,Montaña,S,Blanco,4,90,360,No
2025-01-08,Bilbao,Publicidad,Jerseys,Chaqueta de Lana,38,Verde,1,130,130,No
2025-01-27,Donostia,Publicidad,Chaquetas,Plumífero,38,Rojo,2,150,300,Sí
2025-01-08,Donostia,Rebajas,Jerseys,Forro Polar,L,Verde,5,80,400,Sí
2025-01-08,Donostia,Publicidad,Calzado,Zapatillas,40,Rojo,3,75,225,Sí
2025-01-17,Donostia,Rebajas,Pantalones,Montaña,38,Blanco,2,90,180,Sí
2025-01-28,Bilbao,Publicidad,Calzado,Botas,S,Rojo,3,110,330,No
2025-01-02,Vitoria,Rebajas,Sportwear,Camisetas,S,Blanco,4,30,120,Sí
2025-01-10,Donostia,Publicidad,Pantalones,Chándal,XL,Verde,3,60,180,Sí
2025-01-22,Donostia,Rebajas,Chaquetas,Anorak,40,Verde,3,120,360,No
2025-01-22,Donostia,Rebajas,Calzado,Botas,38,Blanco,2,110,220,No
2025-01-07,Pamplona,Publicidad,Sportwear,Mallas,L,Rojo,2,45,90,No
2025-01-23,Vitoria,Rebajas,Jerseys,Chaqueta de Lana,L,Gris,5,130,650,No
2025-01-18,Donostia,Publicidad,Calzado,Sandalias,XL,Azul,4,40,160,No
2025-01-17,Bilbao,Publicidad,Sportwear,Térmica,L,Rojo,5,55,275,No
2025-01-26,Vitoria,Publicidad,Pantalones,Chándal,40,Azul,5,60,300,Sí
2025-01-15,Bilbao,Publicidad,Calzado,Botas,40,Verde,3,110,330,No
2025-01-02,Vitoria,Rebajas,Chaquetas,Plumífero,44,Negro,4,150,600,No
2025-01-02,Vitoria,Publicidad,Calzado,Botas,S,Azul,3,110,330,No
2025-01-16,Donostia,Publicidad,Chaquetas,Plumífero,42,Azul,1,150,150,Sí
2025-01-07,Vitoria,Rebajas,Pantalones,Montaña,42,Gris,1,90,90,No
2025-01-13,Pamplona,Rebajas,Jerseys,Chaqueta de Lana,L,Blanco,4,130,520,Sí
2025-01-17,Bilbao,Rebajas,Pantalones,Montaña,38,Verde,5,90,450,No
2025-01-26,Vitoria,Publicidad,Sportwear,Mallas,M,Rojo,2,45,90,No
2025-01-11,Donostia,Publicidad,Sportwear,Mallas,38,Verde,3,45,135,Sí
2025-01-11,Bilbao,Publicidad,Jerseys,Forro Polar,M,Gris,2,80,160,Sí
2025-01-07,Vitoria,Rebajas,Sportwear,Mallas,42,Verde,2,45,90,No
2025-01-10,Bilbao,Rebajas,Sportwear,Térmica,40,Negro,4,55,220,Sí
2025-01-05,Donostia,Rebajas,Sportwear,Camisetas,38,Azul,2,30,60,Sí
2025-01-16,Donostia,Publicidad,Chaquetas,Anorak,40,Azul,3,120,360,No
2025-01-15,Vitoria,Rebajas,Chaquetas,Anorak,S,Gris,1,120,120,No
2025-01-06,Donostia,Publicidad,Sportwear,Mallas,M,Azul,1,45,45,Sí
2025-01-27,Vitoria,Publicidad,Pantalones,Montaña,44,Negro,3,90,270,No
2025-01-13,Vitoria,Rebajas,Chaquetas,Plumífero,40,Negro,5,150,750,No
2025-01-11,Vitoria,Publicidad,Jerseys,Forro Polar,38,Azul,3,80,240,Sí
2025-01-17,Pamplona,Publicidad,Chaquetas,Plumífero,S,Blanco,4,150,600,No
2025-01-27,Vitoria,Publicidad,Pantalones,Chándal,S,Azul,2,60,120,Sí
2025-01-04,Bilbao,Publicidad,Pantalones,Montaña,44,Gris,3,90,270,Sí
2025-01-07,Bilbao,Publicidad,Calzado,Zapatillas,40,Blanco,4,75,300,No
2025-01-26,Donostia,Rebajas,Chaquetas,Plumífero,XL,Azul,5,150,750,Sí
2025-01-27,Bilbao,Rebajas,Calzado,Sandalias,40,Verde,3,40,120,No
2025-01-28,Pamplona,Rebajas,Pantalones,Chándal,44,Azul,1,60,60,No
2025-01-06,Donostia,Rebajas,Calzado,Zapatillas,S,Gris,4,75,300,No
2025-01-25,Pamplona,Publicidad,Chaquetas,Plumífero,44,Blanco,1,150,150,Sí
2025-01-22,Bilbao,Publicidad,Chaquetas,Plumífero,42,Blanco,2,150,300,No
2025-01-22,Bilbao,Rebajas,Sportwear,Camisetas,M,Verde,2,30,60,Sí
2025-01-07,Pamplona,Publicidad,Pantalones,Montaña,44,Rojo,5,90,450,Sí
2025-01-23,Bilbao,Rebajas,Jerseys,Forro Polar,S,Gris,1,80,80,No
2025-01-11,Donostia,Publicidad,Sportwear,Térmica,40,Rojo,1,55,55,No
2025-01-19,Pamplona,Rebajas,Calzado,Sandalias,XL,Blanco,3,40,120,Sí
2025-01-28,Pamplona,Publicidad,Calzado,Zapatillas,S,Azul,5,75,375,No
2025-01-19,Donostia,Publicidad,Jerseys,Forro Polar,38,Gris,2,80,160,No
2025-01-19,Vitoria,Rebajas,Sportwear,Térmica,40,Verde,4,55,220,Sí
2025-01-28,Donostia,Publicidad,Jerseys,Forro Polar,42,Blanco,5,80,400,No
2025-01-08,Bilbao,Rebajas,Calzado,Botas,40,Gris,3,110,330,No
2025-01-14,Vitoria,Rebajas,Sportwear,Mallas,L,Gris,5,45,225,Sí
2025-01-19,Pamplona,Publicidad,Calzado,Zapatillas,S,Verde,4,75,300,No
2025-01-05,Pamplona,Publicidad,Calzado,Botas,S,Blanco,4,110,440,No
2025-01-15,Bilbao,Rebajas,Jerseys,Chaqueta de Lana,L,Negro,1,130,130,No
2025-01-15,Pamplona,Publicidad,Sportwear,Mallas,38,Rojo,5,45,225,No
2025-01-09,Vitoria,Rebajas,Pantalones,Chándal,38,Azul,2,60,120,No
2025-01-11,Pamplona,Publicidad,Chaquetas,Anorak,40,Rojo,2,120,240,Sí
2025-01-09,Pamplona,Publicidad,Calzado,Botas,XL,Blanco,4,110,440,Sí
2025-01-21,Vitoria,Rebajas,Sportwear,Térmica,XL,Verde,5,55,275,No
2025-01-26,Bilbao,Publicidad,Sportwear,Térmica,44,Verde,1,55,55,No
2025-01-03,Bilbao,Publicidad,Calzado,Botas,XL,Rojo,3,110,330,No
2025-01-19,Bilbao,Publicidad,Jerseys,Forro Polar,M,Verde,3,80,240,No
2025-01-23,Bilbao,Publicidad,Chaquetas,Plumífero,42,Rojo,2,150,300,Sí
2025-01-07,Donostia,Rebajas,Sportwear,Térmica,38,Verde,2,55,110,No
2025-01-23,Bilbao,Publicidad,Pantalones,Montaña,L,Blanco,5,90,450,No
2025-01-23,Pamplona,Rebajas,Jerseys,Forro Polar,M,Negro,5,80,400,No
2025-01-05,Bilbao,Publicidad,Pantalones,Chándal,38,Azul,3,60,180,No
2025-01-03,Bilbao,Rebajas,Sportwear,Térmica,XL,Gris,5,55,275,No
2025-01-08,Donostia,Publicidad,Chaquetas,Plumífero,44,Blanco,5,150,750,No
2025-01-02,Pamplona,Rebajas,Calzado,Zapatillas,42,Verde,3,75,225,No
2025-01-05,Vitoria,Rebajas,Chaquetas,Anorak,M,Rojo,2,120,240,No
2025-01-26,Donostia,Rebajas,Pantalones,Montaña,XL,Verde,3,90,270,No
2025-01-25,Vitoria,Publicidad,Calzado,Botas,38,Gris,3,110,330,No
2025-01-02,Donostia,Rebajas,Chaquetas,Anorak,40,Azul,3,120,360,Sí
2025-01-23,Pamplona,Publicidad,Sportwear,Camisetas,L,Rojo,3,30,90,Sí
2025-01-10,Vitoria,Rebajas,Sportwear,Camisetas,38,Rojo,2,30,60,Sí
2025-01-02,Bilbao,Rebajas,Chaquetas,Plumífero,S,Gris,4,150,600,No
2025-01-18,Bilbao,Rebajas,Calzado,Botas,38,Rojo,1,110,110,No
2025-01-07,Donostia,Rebajas,Sportwear,Térmica,M,Blanco,5,55,275,Sí
2025-01-09,Vitoria,Publicidad,Calzado,Zapatillas,XL,Verde,5,75,375,No
2025-01-20,Bilbao,Publicidad,Sportwear,Mallas,42,Verde,1,45,45,Sí
2025-01-11,Donostia,Publicidad,Jerseys,Chaqueta de Lana,44,Azul,3,130,390,Sí
2025-01-15,Bilbao,Publicidad,Jerseys,Forro Polar,44,Blanco,2,80,160,No
2025-01-14,Bilbao,Publicidad,Chaquetas,Plumífero,M,Rojo,2,150,300,No
2025-01-26,Vitoria,Publicidad,Calzado,Sandalias,44,Azul,5,40,200,Sí
2025-01-19,Pamplona,Rebajas,Sportwear,Térmica,42,Negro,4,55,220,Sí
2025-01-11,Donostia,Rebajas,Sportwear,Térmica,L,Rojo,1,55,55,No
2025-01-01,Bilbao,Rebajas,Chaquetas,Plumífero,44,Azul,3,150,450,Sí
2025-01-20,Bilbao,Publicidad,Jerseys,Chaqueta de Lana,38,Rojo,3,130,390,Sí
2025-01-09,Vitoria,Publicidad,Calzado,Botas,38,Blanco,3,110,330,Sí
2025-01-01,Vitoria,Publicidad,Sportwear,Mallas,M,Negro,5,45,225,No
2025-01-17,Bilbao,Publicidad,Jerseys,Forro Polar,XL,Azul,3,80,240,Sí
2025-01-21,Pamplona,Rebajas,Calzado,Zapatillas,40,Negro,2,75,150,Sí
2025-01-04,Pamplona,Rebajas,Calzado,Botas,40,Verde,4,110,440,No
2025-01-20,Vitoria,Publicidad,Calzado,Botas,44,Blanco,3,110,330,No
2025-01-02,Vitoria,Publicidad,Pantalones,Chándal,XL,Verde,4,60,240,Sí
2025-01-07,Vitoria,Publicidad,Pantalones,Montaña,M,Azul,1,90,90,No
2025-01-17,Vitoria,Rebajas,Chaquetas,Plumífero,M,Blanco,4,150,600,Sí
2025-01-21,Donostia,Rebajas,Jerseys,Chaqueta de Lana,XL,Gris,1,130,130,Sí
2025-01-11,Donostia,Publicidad,Calzado,Zapatillas,42,Azul,5,75,375,Sí
2025-01-18,Vitoria,Publicidad,Calzado,Zapatillas,M,Azul,3,75,225,Sí
2025-01-05,Vitoria,Publicidad,Jerseys,Forro Polar,44,Negro,5,80,400,No
2025-01-14,Pamplona,Publicidad,Jerseys,Chaqueta de Lana,38,Azul,4,130,520,No
2025-01-26,Vitoria,Publicidad,Calzado,Botas,42,Verde,3,110,330,Sí
2025-01-24,Donostia,Rebajas,Pantalones,Chándal,S,Blanco,5,60,300,Sí
2025-01-23,Vitoria,Publicidad,Chaquetas,Anorak,44,Gris,1,120,120,Sí
2025-01-16,Bilbao,Rebajas,Calzado,Zapatillas,S,Blanco,3,75,225,No
2025-01-28,Vitoria,Publicidad,Jerseys,Chaqueta de Lana,M,Verde,5,130,650,Sí
2025-01-03,Donostia,Rebajas,Sportwear,Camisetas,38,Rojo,2,30,60,Sí
2025-01-02,Pamplona,Rebajas,Sportwear,Mallas,M,Verde,4,45,180,No
2025-01-07,Pamplona,Publicidad,Jerseys,Forro Polar,XL,Blanco,4,80,320,Sí
2025-01-16,Vitoria,Rebajas,Calzado,Zapatillas,42,Negro,5,75,375,No
2025-01-18,Donostia,Publicidad,Chaquetas,Anorak,M,Rojo,5,120,600,Sí
2025-01-06,Donostia,Rebajas,Calzado,Zapatillas,40,Gris,5,75,375,No
2025-01-01,Vitoria,Publicidad,Jerseys,Chaqueta de Lana,38,Gris,4,130,520,No
2025-01-28,Bilbao,Rebajas,Chaquetas,Plumífero,XL,Negro,4,150,600,Sí
2025-01-05,Bilbao,Publicidad,Calzado,Sandalias,38,Gris,5,40,200,Sí
2025-01-17,Vitoria,Publicidad,Jerseys,Chaqueta de Lana,42,Blanco,1,130,130,Sí
2025-01-23,Bilbao,Rebajas,Sportwear,Camisetas,38,Rojo,4,30,120,No
2025-01-11,Bilbao,Publicidad,Chaquetas,Anorak,42,Gris,2,120,240,Sí
2025-01-13,Donostia,Rebajas,Chaquetas,Anorak,M,Azul,3,120,360,No
2025-01-01,Bilbao,Rebajas,Calzado,Botas,40,Rojo,2,110,220,No
2025-01-04,Pamplona,Publicidad,Jerseys,Chaqueta de Lana,M,Rojo,4,130,520,Sí
2025-01-19,Vitoria,Rebajas,Chaquetas,Plumífero,40,Verde,2,150,300,Sí
2025-01-16,Vitoria,Rebajas,Chaquetas,Plumífero,M,Blanco,3,150,450,Sí
2025-01-18,Pamplona,Rebajas,Jerseys,Forro Polar,38,Rojo,3,80,240,Sí
2025-01-17,Pamplona,Rebajas,Sportwear,Camisetas,S,Rojo,3,30,90,Sí
2025-01-13,Bilbao,Publicidad,Calzado,Sandalias,40,Gris,3,40,120,No
2025-01-02,Pamplona,Publicidad,Calzado,Botas,38,Negro,3,110,330,Sí
2025-01-03,Bilbao,Rebajas,Sportwear,Mallas,XL,Verde,3,45,135,No
2025-01-15,Vitoria,Publicidad,Jerseys,Chaqueta de Lana,M,Gris,1,130,130,Sí
2025-01-26,Pamplona,Rebajas,Pantalones,Chándal,42,Negro,1,60,60,No
2025-01-08,Donostia,Rebajas,Sportwear,Mallas,S,Verde,2,45,90,No
2025-01-18,Pamplona,Rebajas,Jerseys,Forro Polar,S,Blanco,3,80,240,No
2025-01-10,Donostia,Rebajas,Sportwear,Camisetas,40,Gris,4,30,120,No
2025-01-09,Bilbao,Rebajas,Chaquetas,Plumífero,M,Negro,4,150,600,Sí
2025-01-12,Donostia,Rebajas,Sportwear,Camisetas,M,Verde,1,30,30,Sí
2025-01-14,Pamplona,Rebajas,Sportwear,Camisetas,XL,Blanco,3,30,90,Sí
2025-01-12,Donostia,Rebajas,Sportwear,Mallas,44,Verde,1,45,45,Sí
2025-01-18,Pamplona,Publicidad,Calzado,Sandalias,L,Azul,2,40,80,Sí
2025-01-20,Pamplona,Publicidad,Pantalones,Chándal,38,Gris,3,60,180,No
2025-01-15,Bilbao,Publicidad,Pantalones,Montaña,S,Azul,2,90,180,No
2025-01-15,Donostia,Publicidad,Chaquetas,Anorak,L,Gris,2,120,240,No
2025-01-17,Donostia,Rebajas,Calzado,Zapatillas,L,Blanco,2,75,150,Sí
2025-01-02,Pamplona,Publicidad,Calzado,Zapatillas,40,Negro,4,75,300,No
2025-01-15,Pamplona,Publicidad,Jerseys,Chaqueta de Lana,42,Verde,5,130,650,Sí
2025-01-26,Pamplona,Publicidad,Pantalones,Chándal,44,Negro,1,60,60,Sí
2025-01-24,Vitoria,Publicidad,Calzado,Sandalias,L,Blanco,5,40,200,No
2025-01-14,Bilbao,Rebajas,Chaquetas,Plumífero,XL,Negro,3,150,450,Sí
2025-01-05,Bilbao,Rebajas,Calzado,Sandalias,38,Azul,1,40,40,No
2025-01-15,Bilbao,Rebajas,Chaquetas,Anorak,M,Gris,2,120,240,No
2025-01-10,Vitoria,Publicidad,Calzado,Zapatillas,L,Blanco,5,75,375,No
2025-01-17,Donostia,Publicidad,Pantalones,Chándal,XL,Rojo,3,60,180,No
2025-01-09,Donostia,Publicidad,Calzado,Botas,S,Gris,4,110,440,No
2025-01-10,Pamplona,Publicidad,Calzado,Botas,44,Rojo,1,110,110,No
2025-01-03,Donostia,Publicidad,Sportwear,Mallas,S,Azul,1,45,45,Sí
2025-01-24,Bilbao,Rebajas,Chaquetas,Anorak,S,Negro,5,120,600,No
2025-01-02,Pamplona,Rebajas,Sportwear,Térmica,M,Verde,3,55,165,Sí
2025-01-18,Vitoria,Rebajas,Calzado,Sandalias,L,Verde,2,40,80,No
2025-01-17,Vitoria,Rebajas,Calzado,Zapatillas,M,Azul,2,75,150,No
2025-01-07,Vitoria,Publicidad,Sportwear,Térmica,XL,Gris,3,55,165,No
2025-01-03,Vitoria,Rebajas,Calzado,Sandalias,40,Azul,3,40,120,No
2025-01-06,Bilbao,Rebajas,Jerseys,Chaqueta de Lana,42,Verde,5,130,650,No
2025-01-21,Bilbao,Rebajas,Calzado,Zapatillas,L,Negro,1,75,75,Sí
2025-01-22,Vitoria,Publicidad,Jerseys,Chaqueta de Lana,38,Blanco,5,130,650,Sí
2025-01-10,Donostia,Publicidad,Calzado,Botas,42,Rojo,1,110,110,No
2025-01-16,Donostia,Publicidad,Chaquetas,Anorak,L,Negro,1,120,120,Sí
2025-01-11,Pamplona,Rebajas,Pantalones,Montaña,L,Negro,5,90,450,No
2025-01-25,Bilbao,Publicidad,Pantalones,Montaña,XL,Rojo,5,90,450,Sí
2025-01-04,Bilbao,Publicidad,Sportwear,Mallas,M,Gris,3,45,135,No
2025-01-07,Donostia,Publicidad,Sportwear,Camisetas,XL,Gris,2,30,60,Sí
2025-01-28,Vitoria,Publicidad,Pantalones,Montaña,38,Verde,5,90,450,No
2025-01-27,Vitoria,Rebajas,Chaquetas,Anorak,38,Rojo,4,120,480,No
2025-01-25,Donostia,Publicidad,Calzado,Sandalias,L,Blanco,1,40,40,No
2025-01-03,Donostia,Rebajas,Sportwear,Térmica,38,Blanco,2,55,110,No
2025-01-09,Donostia,Rebajas,Sportwear,Camisetas,38,Negro,4,30,120,No
2025-01-13,Vitoria,Publicidad,Jerseys,Chaqueta de Lana,38,Negro,1,130,130,No
2025-01-05,Donostia,Publicidad,Chaquetas,Plumífero,40,Negro,4,150,600,No
2025-01-13,Vitoria,Rebajas,Chaquetas,Plumífero,42,Rojo,3,150,450,Sí
2025-01-10,Bilbao,Publicidad,Sportwear,Camisetas,44,Gris,1,30,30,No
2025-01-05,Donostia,Rebajas,Chaquetas,Anorak,40,Gris,1,120,120,No
2025-01-07,Bilbao,Rebajas,Sportwear,Térmica,S,Verde,5,55,275,No
2025-01-26,Vitoria,Publicidad,Jerseys,Chaqueta de Lana,38,Gris,4,130,520,Sí
2025-01-11,Donostia,Rebajas,Chaquetas,Anorak,S,Blanco,3,120,360,Sí
2025-01-21,Vitoria,Publicidad,Chaquetas,Plumífero,38,Negro,2,150,300,No
2025-01-02,Vitoria,Rebajas,Sportwear,Mallas,42,Rojo,5,45,225,Sí
2025-01-22,Donostia,Publicidad,Pantalones,Chándal,M,Gris,2,60,120,Sí
2025-01-11,Bilbao,Rebajas,Chaquetas,Plumífero,L,Rojo,4,150,600,No
2025-01-07,Pamplona,Rebajas,Sportwear,Térmica,M,Negro,1,55,55,No
2025-01-10,Bilbao,Rebajas,Calzado,Zapatillas,XL,Negro,1,75,75,No
2025-01-05,Vitoria,Rebajas,Calzado,Botas,38,Gris,2,110,220,Sí
2025-01-08,Bilbao,Publicidad,Chaquetas,Anorak,42,Negro,5,120,600,No
2025-01-28,Vitoria,Rebajas,Pantalones,Montaña,L,Gris,1,90,90,No
2025-01-18,Pamplona,Rebajas,Sportwear,Térmica,S,Negro,5,55,275,No
2025-01-26,Donostia,Publicidad,Chaquetas,Anorak,S,Azul,5,120,600,Sí
2025-01-25,Vitoria,Rebajas,Chaquetas,Plumífero,L,Gris,3,150,450,No
2025-01-23,Pamplona,Rebajas,Sportwear,Térmica,38,Gris,1,55,55,Sí
2025-01-17,Donostia,Publicidad,Sportwear,Mallas,44,Azul,1,45,45,Sí
2025-01-26,Pamplona,Rebajas,Pantalones,Montaña,44,Rojo,2,90,180,No
2025-01-24,Vitoria,Publicidad,Jerseys,Chaqueta de Lana,38,Blanco,4,130,520,Sí
2025-01-13,Vitoria,Rebajas,Jerseys,Forro Polar,38,Gris,2,80,160,Sí
2025-01-16,Donostia,Publicidad,Calzado,Botas,S,Rojo,2,110,220,No
2025-01-22,Vitoria,Publicidad,Sportwear,Camisetas,M,Gris,5,30,150,Sí
2025-01-10,Pamplona,Publicidad,Sportwear,Mallas,38,Blanco,2,45,90,No
2025-01-23,Pamplona,Publicidad,Pantalones,Chándal,XL,Gris,5,60,300,Sí
2025-01-04,Bilbao,Publicidad,Pantalones,Chándal,L,Blanco,2,60,120,Sí
2025-01-21,Donostia,Rebajas,Calzado,Zapatillas,40,Rojo,2,75,150,No
2025-01-24,Vitoria,Publicidad,Calzado,Sandalias,40,Gris,4,40,160,Sí
2025-01-11,Pamplona,Rebajas,Chaquetas,Plumífero,S,Azul,4,150,600,No
2025-01-16,Donostia,Publicidad,Jerseys,Chaqueta de Lana,L,Negro,3,130,390,Sí
2025-01-10,Donostia,Rebajas,Jerseys,Chaqueta de Lana,L,Blanco,2,130,260,Sí
2025-01-21,Vitoria,Rebajas,Pantalones,Chándal,44,Blanco,1,60,60,No
2025-01-16,Pamplona,Rebajas,Sportwear,Camisetas,44,Negro,3,30,90,No
2025-01-13,Pamplona,Rebajas,Sportwear,Mallas,L,Rojo,3,45,135,No
2025-01-17,Donostia,Rebajas,Calzado,Zapatillas,XL,Negro,1,75,75,No
2025-01-20,Pamplona,Rebajas,Sportwear,Camisetas,L,Verde,5,30,150,No
2025-01-02,Pamplona,Publicidad,Sportwear,Térmica,M,Azul,4,55,220,No
2025-01-25,Pamplona,Publicidad,Chaquetas,Plumífero,44,Verde,3,150,450,No
2025-01-15,Bilbao,Publicidad,Chaquetas,Anorak,44,Verde,3,120,360,Sí
2025-01-10,Vitoria,Rebajas,Pantalones,Montaña,38,Gris,5,90,450,No
2025-01-14,Bilbao,Publicidad,Jerseys,Chaqueta de Lana,42,Verde,5,130,650,No
2025-01-15,Donostia,Rebajas,Jerseys,Chaqueta de Lana,L,Gris,4,130,520,No
2025-01-24,Bilbao,Rebajas,Pantalones,Montaña,42,Verde,2,90,180,No
2025-01-04,Vitoria,Rebajas,Jerseys,Forro Polar,XL,Gris,5,80,400,Sí
2025-01-21,Bilbao,Rebajas,Sportwear,Térmica,S,Rojo,5,55,275,Sí
2025-01-18,Pamplona,Publicidad,Sportwear,Camisetas,42,Verde,2,30,60,Sí
2025-01-13,Pamplona,Publicidad,Calzado,Sandalias,XL,Verde,1,40,40,No
2025-01-16,Donostia,Publicidad,Chaquetas,Plumífero,L,Blanco,4,150,600,Sí
2025-01-09,Donostia,Publicidad,Pantalones,Chándal,L,Verde,1,60,60,Sí
2025-01-26,Bilbao,Publicidad,Sportwear,Mallas,40,Negro,1,45,45,No
2025-01-05,Pamplona,Publicidad,Calzado,Zapatillas,40,Verde,4,75,300,No
2025-01-28,Bilbao,Rebajas,Jerseys,Forro Polar,44,Verde,4,80,320,No
2025-01-12,Pamplona,Publicidad,Pantalones,Chándal,44,Rojo,4,60,240,No
2025-01-12,Donostia,Rebajas,Pantalones,Chándal,42,Rojo,3,60,180,Sí
2025-01-13,Pamplona,Publicidad,Chaquetas,Plumífero,40,Azul,5,150,750,Sí
2025-01-03,Bilbao,Rebajas,Calzado,Zapatillas,L,Azul,1,75,75,Sí
2025-01-08,Pamplona,Rebajas,Sportwear,Térmica,40,Azul,5,55,275,No
2025-01-18,Vitoria,Publicidad,Jerseys,Forro Polar,38,Negro,1,80,80,Sí
2025-01-24,Vitoria,Publicidad,Sportwear,Térmica,S,Blanco,1,55,55,Sí
2025-01-22,Pamplona,Publicidad,Chaquetas,Anorak,XL,Rojo,4,120,480,No
2025-01-08,Pamplona,Rebajas,Calzado,Sandalias,44,Verde,3,40,120,Sí
2025-01-06,Bilbao,Rebajas,Chaquetas,Anorak,M,Negro,4,120,480,Sí
2025-01-12,Pamplona,Rebajas,Chaquetas,Anorak,L,Blanco,2,120,240,No
2025-01-19,Vitoria,Publicidad,Sportwear,Camisetas,L,Negro,5,30,150,Sí
2025-01-21,Donostia,Rebajas,Sportwear,Mallas,L,Azul,4,45,180,No
2025-01-01,Vitoria,Rebajas,Pantalones,Montaña,42,Rojo,5,90,450,No
2025-01-01,Bilbao,Publicidad,Sportwear,Mallas,40,Gris,5,45,225,No
2025-01-11,Vitoria,Publicidad,Jerseys,Forro Polar,M,Azul,3,80,240,No
2025-01-21,Pamplona,Publicidad,Chaquetas,Anorak,40,Negro,2,120,240,No
2025-01-09,Bilbao,Publicidad,Chaquetas,Plumífero,44,Blanco,3,150,450,No
2025-01-06,Vitoria,Publicidad,Jerseys,Chaqueta de Lana,44,Rojo,3,130,390,Sí
2025-01-26,Donostia,Rebajas,Calzado,Botas,M,Verde,4,110,440,No
2025-01-28,Bilbao,Rebajas,Calzado,Sandalias,40,Azul,1,40,40,Sí
2025-01-21,Pamplona,Publicidad,Chaquetas,Plumífero,38,Rojo,3,150,450,No
2025-01-07,Bilbao,Rebajas,Chaquetas,Anorak,42,Verde,5,120,600,No
2025-01-18,Pamplona,Publicidad,Chaquetas,Plumífero,42,Azul,2,150,300,Sí
2025-01-13,Bilbao,Rebajas,Jerseys,Chaqueta de Lana,42,Gris,1,130,130,Sí
2025-01-15,Vitoria,Rebajas,Calzado,Zapatillas,S,Negro,1,75,75,No
2025-01-08,Bilbao,Publicidad,Calzado,Zapatillas,S,Negro,1,75,75,No
2025-01-10,Pamplona,Publicidad,Sportwear,Camisetas,S,Blanco,1,30,30,No
2025-01-15,Pamplona,Rebajas,Pantalones,Chándal,44,Blanco,4,60,240,Sí
2025-01-20,Donostia,Rebajas,Chaquetas,Plumífero,L,Verde,2,150,300,No
2025-01-28,Pamplona,Publicidad,Calzado,Sandalias,40,Rojo,5,40,200,No
2025-01-28,Bilbao,Rebajas,Chaquetas,Plumífero,S,Gris,2,150,300,Sí
2025-01-17,Pamplona,Publicidad,Jerseys,Forro Polar,M,Azul,3,80,240,Sí
2025-01-26,Vitoria,Rebajas,Sportwear,Térmica,M,Blanco,3,55,165,No
2025-01-13,Vitoria,Publicidad,Jerseys,Chaqueta de Lana,44,Gris,2,130,260,No
2025-01-01,Vitoria,Publicidad,Jerseys,Chaqueta de Lana,L,Rojo,5,130,650,Sí
2025-01-26,Donostia,Publicidad,Jerseys,Forro Polar,M,Rojo,1,80,80,No
2025-01-15,Pamplona,Publicidad,Calzado,Botas,L,Rojo,5,110,550,No
2025-01-22,Vitoria,Publicidad,Chaquetas,Anorak,M,Azul,1,120,120,Sí
2025-01-22,Pamplona,Rebajas,Jerseys,Forro Polar,XL,Verde,1,80,80,No
2025-01-27,Donostia,Rebajas,Chaquetas,Anorak,42,Verde,2,120,240,No
2025-01-17,Donostia,Publicidad,Jerseys,Forro Polar,L,Verde,3,80,240,Sí
2025-01-18,Pamplona,Rebajas,Sportwear,Camisetas,M,Verde,1,30,30,Sí
2025-01-14,Vitoria,Publicidad,Pantalones,Chándal,40,Negro,2,60,120,Sí
2025-01-26,Pamplona,Publicidad,Calzado,Sandalias,38,Verde,1,40,40,No
2025-01-15,Vitoria,Rebajas,Calzado,Zapatillas,44,Negro,4,75,300,No
2025-01-02,Pamplona,Publicidad,Jerseys,Forro Polar,L,Azul,5,80,400,No
2025-01-15,Bilbao,Publicidad,Chaquetas,Anorak,L,Gris,4,120,480,No
2025-01-06,Pamplona,Publicidad,Chaquetas,Anorak,44,Blanco,4,120,480,No
2025-01-13,Bilbao,Rebajas,Pantalones,Chándal,44,Azul,2,60,120,No
2025-01-05,Vitoria,Rebajas,Sportwear,Mallas,XL,Gris,4,45,180,No
2025-01-20,Donostia,Rebajas,Sportwear,Mallas,38,Verde,4,45,180,Sí
2025-01-27,Vitoria,Publicidad,Sportwear,Camisetas,42,Gris,2,30,60,No
2025-01-07,Pamplona,Rebajas,Sportwear,Camisetas,40,Azul,2,30,60,Sí
2025-01-15,Vitoria,Rebajas,Calzado,Zapatillas,40,Blanco,5,75,375,Sí
2025-01-05,Donostia,Rebajas,Pantalones,Chándal,38,Blanco,5,60,300,Sí
2025-01-24,Vitoria,Publicidad,Calzado,Botas,M,Gris,2,110,220,Sí
2025-01-25,Bilbao,Publicidad,Chaquetas,Anorak,44,Verde,5,120,600,Sí
2025-01-26,Vitoria,Publicidad,Jerseys,Forro Polar,XL,Gris,4,80,320,No
2025-01-25,Vitoria,Publicidad,Sportwear,Térmica,38,Blanco,4,55,220,Sí
2025-01-04,Pamplona,Publicidad,Sportwear,Térmica,38,Gris,1,55,55,Sí
2025-01-19,Donostia,Rebajas,Jerseys,Chaqueta de Lana,S,Azul,5,130,650,Sí
2025-01-05,Pamplona,Publicidad,Jerseys,Forro Polar,44,Rojo,4,80,320,Sí
2025-01-03,Vitoria,Rebajas,Calzado,Sandalias,38,Rojo,1,40,40,No
2025-01-14,Pamplona,Publicidad,Calzado,Zapatillas,42,Verde,4,75,300,Sí
2025-01-22,Bilbao,Rebajas,Pantalones,Chándal,38,Verde,1,60,60,Sí
2025-01-12,Donostia,Rebajas,Chaquetas,Plumífero,42,Blanco,4,150,600,Sí
2025-01-06,Donostia,Publicidad,Jerseys,Forro Polar,XL,Azul,3,80,240,Sí
2025-01-03,Vitoria,Rebajas,Calzado,Botas,38,Blanco,3,110,330,No
2025-01-05,Bilbao,Rebajas,Sportwear,Camisetas,XL,Negro,4,30,120,No
2025-01-01,Pamplona,Publicidad,Sportwear,Camisetas,S,Rojo,2,30,60,Sí
2025-01-13,Bilbao,Publicidad,Sportwear,Camisetas,38,Rojo,1,30,30,Sí
2025-01-26,Donostia,Rebajas,Pantalones,Chándal,L,Rojo,5,60,300,No
2025-01-20,Pamplona,Publicidad,Chaquetas,Anorak,S,Negro,2,120,240,Sí
2025-01-16,Donostia,Publicidad,Chaquetas,Anorak,XL,Rojo,3,120,360,No
2025-01-27,Bilbao,Publicidad,Jerseys,Chaqueta de Lana,38,Verde,5,130,650,No
2025-01-03,Vitoria,Publicidad,Sportwear,Térmica,S,Rojo,3,55,165,No
2025-01-05,Donostia,Rebajas,Chaquetas,Plumífero,L,Azul,4,150,600,No
2025-01-14,Bilbao,Rebajas,Calzado,Zapatillas,L,Negro,4,75,300,No
2025-01-08,Bilbao,Rebajas,Calzado,Zapatillas,44,Negro,5,75,375,No
2025-01-20,Vitoria,Rebajas,Calzado,Zapatillas,40,Blanco,4,75,300,Sí
2025-01-13,Bilbao,Publicidad,Jerseys,Chaqueta de Lana,XL,Blanco,4,130,520,Sí
2025-01-25,Pamplona,Rebajas,Calzado,Zapatillas,M,Gris,2,75,150,Sí
2025-01-03,Vitoria,Publicidad,Chaquetas,Anorak,40,Azul,5,120,600,No
2025-01-26,Vitoria,Rebajas,Chaquetas,Plumífero,40,Negro,2,150,300,No
2025-01-15,Pamplona,Rebajas,Sportwear,Camisetas,44,Blanco,3,30,90,Sí
2025-01-18,Bilbao,Rebajas,Calzado,Sandalias,M,Azul,1,40,40,No
2025-01-11,Bilbao,Publicidad,Pantalones,Montaña,L,Blanco,5,90,450,No
2025-01-06,Pamplona,Publicidad,Sportwear,Camisetas,L,Negro,2,30,60,Sí
2025-01-07,Vitoria,Rebajas,Calzado,Botas,XL,Gris,4,110,440,Sí
2025-01-26,Donostia,Rebajas,Calzado,Botas,42,Rojo,2,110,220,Sí
2025-01-16,Donostia,Publicidad,Sportwear,Mallas,38,Negro,1,45,45,No
2025-01-19,Pamplona,Rebajas,Sportwear,Camisetas,40,Azul,4,30,120,Sí
2025-01-12,Donostia,Publicidad,Chaquetas,Anorak,44,Rojo,2,120,240,No
2025-01-05,Bilbao,Rebajas,Pantalones,Montaña,42,Verde,5,90,450,Sí
2025-01-28,Bilbao,Publicidad,Chaquetas,Plumífero,S,Negro,1,150,150,No
2025-01-23,Donostia,Publicidad,Chaquetas,Plumífero,38,Verde,2,150,300,No
2025-01-05,Pamplona,Publicidad,Chaquetas,Plumífero,44,Verde,3,150,450,No
2025-01-14,Vitoria,Publicidad,Jerseys,Forro Polar,44,Negro,4,80,320,Sí
2025-01-21,Vitoria,Publicidad,Sportwear,Mallas,S,Negro,4,45,180,Sí
2025-01-22,Vitoria,Publicidad,Calzado,Botas,40,Blanco,3,110,330,Sí
2025-01-09,Pamplona,Rebajas,Pantalones,Chándal,XL,Negro,2,60,120,Sí
2025-01-25,Pamplona,Rebajas,Chaquetas,Plumífero,M,Verde,4,150,600,No
2025-01-24,Bilbao,Publicidad,Chaquetas,Plumífero,42,Negro,4,150,600,No
2025-01-09,Donostia,Publicidad,Sportwear,Camisetas,M,Rojo,5,30,150,Sí
2025-01-06,Bilbao,Rebajas,Pantalones,Chándal,44,Blanco,3,60,180,No
2025-01-04,Vitoria,Publicidad,Pantalones,Montaña,M,Verde,5,90,450,No
2025-01-16,Bilbao,Publicidad,Calzado,Sandalias,S,Rojo,5,40,200,Sí
2025-01-13,Bilbao,Rebajas,Calzado,Sandalias,XL,Verde,3,40,120,Sí
2025-01-27,Bilbao,Publicidad,Sportwear,Mallas,L,Azul,4,45,180,Sí
2025-01-05,Vitoria,Publicidad,Calzado,Zapatillas,38,Negro,1,75,75,Sí
2025-01-22,Donostia,Publicidad,Sportwear,Térmica,XL,Gris,5,55,275,Sí
2025-01-19,Vitoria,Publicidad,Calzado,Zapatillas,40,Rojo,3,75,225,Sí
2025-01-03,Bilbao,Publicidad,Chaquetas,Anorak,XL,Gris,5,120,600,No
2025-01-16,Donostia,Publicidad,Calzado,Sandalias,L,Verde,3,40,120,Sí
2025-01-26,Vitoria,Publicidad,Calzado,Zapatillas,S,Rojo,1,75,75,No
2025-01-27,Bilbao,Publicidad,Pantalones,Chándal,L,Negro,4,60,240,No
2025-01-15,Bilbao,Rebajas,Sportwear,Camisetas,S,Negro,1,30,30,Sí
2025-01-07,Pamplona,Publicidad,Jerseys,Chaqueta de Lana,XL,Negro,2,130,260,No
2025-01-24,Donostia,Rebajas,Sportwear,Mallas,S,Rojo,3,45,135,Sí
2025-01-12,Donostia,Rebajas,Chaquetas,Anorak,S,Blanco,5,120,600,Sí
2025-01-21,Bilbao,Rebajas,Pantalones,Chándal,38,Blanco,4,60,240,Sí
2025-01-11,Pamplona,Publicidad,Pantalones,Montaña,XL,Verde,2,90,180,Sí
2025-01-03,Donostia,Rebajas,Chaquetas,Anorak,L,Verde,2,120,240,Sí
2025-01-08,Bilbao,Publicidad,Calzado,Botas,40,Gris,2,110,220,Sí
2025-01-03,Donostia,Publicidad,Pantalones,Chándal,40,Blanco,2,60,120,No
2025-01-19,Vitoria,Rebajas,Calzado,Botas,42,Verde,1,110,110,No
2025-01-22,Pamplona,Rebajas,Calzado,Zapatillas,40,Gris,4,75,300,Sí
2025-01-08,Donostia,Publicidad,Chaquetas,Plumífero,L,Blanco,1,150,150,No
2025-01-13,Bilbao,Rebajas,Pantalones,Montaña,42,Negro,1,90,90,No
2025-01-10,Pamplona,Publicidad,Sportwear,Mallas,40,Negro,5,45,225,Sí
2025-01-08,Donostia,Publicidad,Chaquetas,Anorak,38,Gris,3,120,360,Sí
2025-01-11,Bilbao,Rebajas,Chaquetas,Plumífero,L,Verde,3,150,450,Sí
2025-01-19,Bilbao,Publicidad,Calzado,Zapatillas,M,Azul,2,75,150,Sí
2025-01-28,Donostia,Rebajas,Jerseys,Chaqueta de Lana,S,Rojo,5,130,650,Sí
2025-01-10,Pamplona,Rebajas,Sportwear,Térmica,L,Rojo,2,55,110,No
2025-01-25,Pamplona,Publicidad,Jerseys,Forro Polar,XL,Azul,4,80,320,Sí
2025-01-19,Pamplona,Publicidad,Sportwear,Camisetas,42,Rojo,2,30,60,No
2025-01-28,Donostia,Rebajas,Chaquetas,Plumífero,M,Gris,2,150,300,Sí
2025-01-07,Vitoria,Publicidad,Calzado,Sandalias,S,Negro,5,40,200,Sí
2025-01-21,Donostia,Publicidad,Sportwear,Mallas,L,Negro,2,45,90,Sí
2025-01-07,Vitoria,Publicidad,Sportwear,Camisetas,L,Verde,2,30,60,Sí
2025-01-05,Vitoria,Rebajas,Jerseys,Chaqueta de Lana,42,Verde,5,130,650,Sí
2025-01-05,Vitoria,Rebajas,Chaquetas,Plumífero,40,Rojo,3,150,450,Sí
2025-01-12,Vitoria,Rebajas,Calzado,Zapatillas,44,Gris,4,75,300,No
2025-01-11,Vitoria,Publicidad,Jerseys,Forro Polar,44,Rojo,1,80,80,No
2025-01-24,Pamplona,Rebajas,Jerseys,Chaqueta de Lana,38,Negro,5,130,650,Sí
2025-01-08,Bilbao,Rebajas,Chaquetas,Plumífero,M,Verde,4,150,600,Sí
2025-01-23,Bilbao,Publicidad,Sportwear,Térmica,L,Gris,3,55,165,Sí
2025-01-20,Bilbao,Publicidad,Calzado,Zapatillas,S,Blanco,5,75,375,No
2025-01-14,Vitoria,Publicidad,Calzado,Botas,L,Azul,3,110,330,Sí
2025-01-25,Pamplona,Rebajas,Sportwear,Térmica,42,Negro,2,55,110,Sí
2025-01-17,Bilbao,Publicidad,Pantalones,Chándal,S,Rojo,2,60,120,Sí
2025-01-21,Vitoria,Rebajas,Pantalones,Chándal,M,Blanco,1,60,60,No
2025-01-09,Vitoria,Publicidad,Jerseys,Chaqueta de Lana,38,Verde,5,130,650,No
2025-01-15,Vitoria,Publicidad,Sportwear,Mallas,38,Verde,4,45,180,No
2025-01-03,Vitoria,Publicidad,Jerseys,Forro Polar,XL,Blanco,1,80,80,No
2025-01-06,Bilbao,Publicidad,Pantalones,Chándal,L,Blanco,3,60,180,No
2025-01-01,Pamplona,Publicidad,Pantalones,Chándal,42,Blanco,4,60,240,No
2025-01-15,Pamplona,Rebajas,Calzado,Botas,M,Azul,1,110,110,Sí
2025-01-20,Donostia,Rebajas,Calzado,Sandalias,L,Azul,4,40,160,Sí
2025-01-14,Donostia,Rebajas,Chaquetas,Anorak,44,Rojo,2,120,240,Sí
2025-01-08,Donostia,Publicidad,Chaquetas,Anorak,38,Verde,1,120,120,No
2025-01-04,Pamplona,Publicidad,Sportwear,Térmica,L,Azul,2,55,110,Sí
2025-01-15,Donostia,Publicidad,Sportwear,Térmica,40,Verde,1,55,55,No
2025-01-28,Pamplona,Publicidad,Jerseys,Forro Polar,S,Negro,2,80,160,Sí
2025-01-28,Donostia,Rebajas,Pantalones,Chándal,XL,Verde,3,60,180,Sí
2025-01-22,Pamplona,Publicidad,Calzado,Botas,38,Azul,3,110,330,Sí
2025-01-11,Vitoria,Publicidad,Chaquetas,Plumífero,42,Gris,1,150,150,No
2025-01-12,Vitoria,Publicidad,Chaquetas,Anorak,44,Rojo,5,120,600,Sí
2025-01-19,Bilbao,Rebajas,Calzado,Sandalias,S,Rojo,1,40,40,Sí
2025-01-17,Donostia,Publicidad,Calzado,Botas,L,Rojo,2,110,220,Sí
2025-01-23,Bilbao,Publicidad,Jerseys,Forro Polar,44,Rojo,5,80,400,No
2025-01-01,Bilbao,Publicidad,Pantalones,Chándal,XL,Verde,2,60,120,No
2025-01-02,Vitoria,Publicidad,Calzado,Zapatillas,XL,Blanco,4,75,300,No
2025-01-21,Bilbao,Publicidad,Pantalones,Chándal,40,Gris,2,60,120,Sí
2025-01-25,Pamplona,Publicidad,Sportwear,Térmica,L,Gris,2,55,110,No
2025-01-05,Vitoria,Rebajas,Calzado,Sandalias,M,Verde,4,40,160,No
2025-01-20,Bilbao,Rebajas,Chaquetas,Plumífero,40,Negro,5,150,750,No
2025-01-05,Vitoria,Rebajas,Pantalones,Chándal,44,Negro,5,60,300,No
2025-01-11,Pamplona,Publicidad,Pantalones,Chándal,42,Azul,1,60,60,Sí
2025-01-09,Pamplona,Publicidad,Calzado,Zapatillas,XL,Negro,1,75,75,Sí
2025-01-02,Donostia,Rebajas,Sportwear,Térmica,L,Negro,4,55,220,No
2025-01-11,Donostia,Rebajas,Calzado,Botas,S,Azul,2,110,220,Sí
2025-01-24,Pamplona,Publicidad,Pantalones,Chándal,38,Negro,2,60,120,Sí
2025-01-24,Bilbao,Publicidad,Sportwear,Mallas,M,Azul,4,45,180,Sí
2025-01-13,Vitoria,Publicidad,Calzado,Zapatillas,40,Negro,3,75,225,Sí
2025-01-22,Bilbao,Rebajas,Sportwear,Mallas,S,Gris,1,45,45,Sí
2025-01-22,Vitoria,Publicidad,Sportwear,Camisetas,L,Rojo,4,30,120,No
2025-01-15,Vitoria,Rebajas,Jerseys,Chaqueta de Lana,M,Blanco,2,130,260,Sí
2025-01-17,Donostia,Publicidad,Chaquetas,Plumífero,XL,Blanco,1,150,150,No
2025-01-14,Pamplona,Rebajas,Chaquetas,Plumífero,L,Verde,4,150,600,Sí
2025-01-08,Vitoria,Rebajas,Chaquetas,Plumífero,XL,Blanco,1,150,150,No
2025-01-25,Bilbao,Rebajas,Sportwear,Camisetas,XL,Gris,3,30,90,Sí
2025-01-04,Donostia,Rebajas,Sportwear,Mallas,L,Verde,5,45,225,Sí
2025-01-15,Bilbao,Publicidad,Calzado,Sandalias,M,Verde,4,40,160,No
2025-01-24,Donostia,Rebajas,Jerseys,Forro Polar,40,Verde,4,80,320,No
2025-01-21,Pamplona,Rebajas,Sportwear,Térmica,44,Gris,5,55,275,No
2025-01-06,Donostia,Publicidad,Chaquetas,Plumífero,M,Azul,2,150,300,No
2025-01-16,Bilbao,Rebajas,Jerseys,Chaqueta de Lana,40,Negro,2,130,260,Sí
2025-01-12,Pamplona,Rebajas,Calzado,Sandalias,44,Gris,3,40,120,Sí
2025-01-22,Pamplona,Rebajas,Jerseys,Chaqueta de Lana,S,Verde,1,130,130,No
2025-01-05,Vitoria,Rebajas,Sportwear,Camisetas,44,Azul,2,30,60,Sí
2025-01-27,Vitoria,Rebajas,Chaquetas,Anorak,L,Rojo,3,120,360,No
2025-01-24,Pamplona,Rebajas,Sportwear,Térmica,M,Negro,4,55,220,Sí
2025-01-11,Vitoria,Rebajas,Calzado,Botas,42,Verde,4,110,440,No
2025-01-18,Pamplona,Rebajas,Chaquetas,Anorak,38,Azul,4,120,480,No
2025-01-14,Vitoria,Rebajas,Sportwear,Térmica,M,Negro,1,55,55,Sí
2025-01-16,Pamplona,Rebajas,Sportwear,Mallas,M,Azul,1,45,45,Sí
2025-01-21,Pamplona,Publicidad,Chaquetas,Anorak,L,Rojo,3,120,360,No
2025-01-19,Vitoria,Publicidad,Sportwear,Camisetas,38,Azul,5,30,150,No
2025-01-16,Pamplona,Rebajas,Chaquetas,Plumífero,L,Rojo,2,150,300,No
2025-01-15,Bilbao,Rebajas,Sportwear,Mallas,S,Rojo,3,45,135,No
2025-01-16,Donostia,Rebajas,Pantalones,Montaña,44,Rojo,2,90,180,Sí
2025-01-09,Pamplona,Rebajas,Chaquetas,Anorak,M,Verde,1,120,120,No
2025-01-27,Vitoria,Rebajas,Sportwear,Térmica,42,Negro,2,55,110,Sí
2025-01-21,Vitoria,Publicidad,Pantalones,Montaña,38,Verde,1,90,90,No
2025-01-13,Donostia,Rebajas,Sportwear,Camisetas,44,Rojo,2,30,60,No
2025-01-18,Pamplona,Publicidad,Sportwear,Camisetas,44,Azul,3,30,90,No
2025-01-03,Vitoria,Rebajas,Sportwear,Mallas,40,Negro,3,45,135,No
2025-01-20,Donostia,Rebajas,Calzado,Botas,38,Gris,5,110,550,Sí
2025-01-02,Donostia,Publicidad,Jerseys,Chaqueta de Lana,L,Gris,5,130,650,Sí
2025-01-28,Vitoria,Rebajas,Jerseys,Forro Polar,L,Gris,5,80,400,Sí
2025-01-11,Bilbao,Rebajas,Calzado,Zapatillas,XL,Negro,1,75,75,No
2025-01-12,Donostia,Rebajas,Sportwear,Térmica,40,Blanco,3,55,165,Sí
2025-01-15,Vitoria,Publicidad,Jerseys,Forro Polar,44,Verde,2,80,160,Sí
2025-01-03,Donostia,Publicidad,Chaquetas,Plumífero,38,Gris,1,150,150,Sí
2025-01-26,Pamplona,Publicidad,Calzado,Sandalias,S,Blanco,1,40,40,No
2025-01-17,Bilbao,Publicidad,Calzado,Zapatillas,40,Verde,3,75,225,Sí
2025-01-09,Bilbao,Rebajas,Calzado,Sandalias,XL,Azul,1,40,40,No
2025-01-20,Donostia,Publicidad,Pantalones,Montaña,XL,Rojo,5,90,450,No
2025-01-19,Bilbao,Publicidad,Chaquetas,Plumífero,L,Blanco,1,150,150,No
2025-01-17,Vitoria,Rebajas,Calzado,Zapatillas,38,Gris,1,75,75,No
2025-01-05,Bilbao,Rebajas,Pantalones,Montaña,44,Gris,3,90,270,No
2025-01-05,Pamplona,Rebajas,Chaquetas,Anorak,38,Negro,3,120,360,No
2025-01-08,Vitoria,Publicidad,Calzado,Sandalias,42,Rojo,5,40,200,Sí
2025-01-25,Donostia,Publicidad,Sportwear,Térmica,XL,Blanco,5,55,275,No
2025-01-26,Pamplona,Publicidad,Sportwear,Mallas,44,Negro,5,45,225,Sí
2025-01-16,Donostia,Publicidad,Jerseys,Chaqueta de Lana,44,Verde,5,130,650,No
2025-01-28,Pamplona,Rebajas,Jerseys,Chaqueta de Lana,M,Negro,1,130,130,No
2025-01-16,Vitoria,Rebajas,Jerseys,Forro Polar,M,Gris,4,80,320,Sí
2025-01-15,Donostia,Rebajas,Jerseys,Forro Polar,38,Blanco,4,80,320,Sí
2025-01-22,Bilbao,Rebajas,Chaquetas,Anorak,38,Blanco,1,120,120,No
2025-01-01,Vitoria,Rebajas,Chaquetas,Plumífero,L,Azul,3,150,450,Sí
2025-01-04,Pamplona,Rebajas,Sportwear,Camisetas,XL,Verde,3,30,90,Sí
2025-01-02,Donostia,Publicidad,Jerseys,Chaqueta de Lana,38,Rojo,5,130,650,Sí
2025-01-24,Vitoria,Publicidad,Sportwear,Térmica,L,Blanco,2,55,110,Sí
2025-01-14,Vitoria,Rebajas,Calzado,Sandalias,L,Gris,3,40,120,No
2025-01-25,Donostia,Rebajas,Chaquetas,Plumífero,38,Rojo,3,150,450,No
2025-01-24,Pamplona,Publicidad,Calzado,Sandalias,44,Azul,2,40,80,No
2025-01-06,Donostia,Publicidad,Sportwear,Térmica,40,Rojo,3,55,165,No
2025-01-03,Pamplona,Publicidad,Sportwear,Térmica,38,Verde,1,55,55,No
2025-01-18,Bilbao,Rebajas,Calzado,Sandalias,38,Gris,5,40,200,Sí
2025-01-24,Pamplona,Rebajas,Sportwear,Mallas,L,Gris,1,45,45,No
2025-01-24,Donostia,Rebajas,Chaquetas,Anorak,40,Azul,2,120,240,No
2025-01-16,Donostia,Rebajas,Jerseys,Chaqueta de Lana,42,Gris,4,130,520,No
2025-01-23,Bilbao,Publicidad,Calzado,Sandalias,L,Verde,3,40,120,No
2025-01-23,Donostia,Rebajas,Sportwear,Camisetas,40,Rojo,3,30,90,No
2025-01-01,Pamplona,Publicidad,Sportwear,Camisetas,40,Gris,5,30,150,No
2025-01-08,Bilbao,Publicidad,Chaquetas,Anorak,XL,Azul,1,120,120,No
2025-01-11,Donostia,Publicidad,Chaquetas,Anorak,44,Verde,3,120,360,Sí
2025-01-16,Bilbao,Rebajas,Chaquetas,Anorak,40,Gris,1,120,120,Sí
2025-01-18,Vitoria,Publicidad,Chaquetas,Plumífero,S,Azul,3,150,450,No
2025-01-15,Pamplona,Rebajas,Calzado,Zapatillas,40,Negro,2,75,150,Sí
2025-01-02,Bilbao,Rebajas,Sportwear,Camisetas,M,Gris,4,30,120,No
2025-01-02,Bilbao,Publicidad,Sportwear,Mallas,40,Verde,4,45,180,No
2025-01-27,Pamplona,Publicidad,Pantalones,Montaña,S,Verde,5,90,450,Sí
2025-01-09,Pamplona,Publicidad,Sportwear,Camisetas,XL,Verde,4,30,120,Sí
2025-01-13,Donostia,Publicidad,Chaquetas,Anorak,38,Rojo,5,120,600,Sí
2025-01-12,Bilbao,Rebajas,Sportwear,Mallas,44,Negro,2,45,90,Sí
2025-01-11,Pamplona,Rebajas,Sportwear,Camisetas,M,Azul,2,30,60,No
2025-01-17,Vitoria,Publicidad,Sportwear,Térmica,42,Verde,3,55,165,Sí
2025-01-24,Vitoria,Publicidad,Chaquetas,Anorak,44,Gris,3,120,360,No
2025-01-05,Vitoria,Publicidad,Chaquetas,Plumífero,40,Rojo,1,150,150,Sí
2025-01-21,Vitoria,Publicidad,Calzado,Botas,40,Negro,4,110,440,No
2025-01-23,Vitoria,Publicidad,Jerseys,Forro Polar,42,Blanco,2,80,160,No
2025-01-11,Vitoria,Publicidad,Calzado,Botas,M,Blanco,5,110,550,Sí
2025-01-17,Bilbao,Rebajas,Sportwear,Camisetas,38,Rojo,3,30,90,Sí
2025-01-12,Donostia,Rebajas,Pantalones,Chándal,44,Azul,3,60,180,No
2025-01-13,Pamplona,Publicidad,Calzado,Botas,L,Blanco,4,110,440,Sí
2025-01-07,Pamplona,Rebajas,Jerseys,Chaqueta de Lana,38,Blanco,3,130,390,Sí
2025-01-04,Bilbao,Publicidad,Calzado,Zapatillas,42,Azul,3,75,225,Sí
2025-01-17,Pamplona,Rebajas,Jerseys,Forro Polar,42,Verde,4,80,320,No
2025-01-05,Vitoria,Rebajas,Jerseys,Chaqueta de Lana,42,Blanco,4,130,520,Sí
2025-01-08,Donostia,Rebajas,Chaquetas,Plumífero,L,Gris,1,150,150,No
2025-01-27,Bilbao,Publicidad,Jerseys,Chaqueta de Lana,42,Gris,5,130,650,Sí
2025-01-05,Bilbao,Publicidad,Calzado,Botas,38,Verde,1,110,110,Sí
2025-01-03,Bilbao,Rebajas,Sportwear,Camisetas,40,Gris,3,30,90,No
2025-01-21,Donostia,Publicidad,Calzado,Zapatillas,40,Gris,3,75,225,Sí
2025-01-15,Vitoria,Rebajas,Chaquetas,Anorak,42,Azul,5,120,600,Sí
2025-01-02,Vitoria,Rebajas,Calzado,Sandalias,44,Blanco,4,40,160,No
2025-01-04,Vitoria,Publicidad,Jerseys,Chaqueta de Lana,44,Verde,2,130,260,No
2025-01-11,Donostia,Rebajas,Pantalones,Chándal,L,Azul,3,60,180,No
2025-01-21,Donostia,Rebajas,Calzado,Sandalias,40,Verde,3,40,120,Sí
2025-01-21,Bilbao,Rebajas,Calzado,Botas,XL,Negro,3,110,330,No
2025-01-27,Pamplona,Rebajas,Jerseys,Chaqueta de Lana,L,Gris,3,130,390,No
2025-01-19,Pamplona,Publicidad,Sportwear,Mallas,40,Verde,1,45,45,No
2025-01-08,Vitoria,Publicidad,Chaquetas,Plumífero,40,Gris,1,150,150,No
2025-01-02,Vitoria,Rebajas,Calzado,Sandalias,XL,Azul,4,40,160,Sí
2025-01-03,Vitoria,Rebajas,Sportwear,Térmica,M,Blanco,2,55,110,Sí
2025-01-19,Pamplona,Rebajas,Sportwear,Térmica,42,Blanco,3,55,165,No
2025-01-16,Donostia,Publicidad,Sportwear,Térmica,42,Verde,5,55,275,No
2025-01-01,Donostia,Publicidad,Jerseys,Forro Polar,42,Negro,4,80,320,No
2025-01-15,Bilbao,Rebajas,Jerseys,Forro Polar,38,Rojo,1,80,80,No
2025-01-15,Donostia,Rebajas,Calzado,Sandalias,L,Gris,1,40,40,No
2025-01-22,Vitoria,Publicidad,Chaquetas,Plumífero,M,Verde,2,150,300,Sí
2025-01-11,Bilbao,Publicidad,Sportwear,Camisetas,42,Rojo,1,30,30,Sí
2025-01-14,Pamplona,Rebajas,Calzado,Sandalias,M,Gris,1,40,40,Sí
2025-01-05,Donostia,Publicidad,Sportwear,Camisetas,38,Gris,5,30,150,Sí
2025-01-23,Pamplona,Rebajas,Chaquetas,Anorak,44,Blanco,5,120,600,Sí
2025-01-01,Bilbao,Rebajas,Jerseys,Chaqueta de Lana,40,Blanco,2,130,260,No
2025-01-08,Bilbao,Publicidad,Chaquetas,Anorak,40,Rojo,2,120,240,Sí
2025-01-07,Donostia,Publicidad,Chaquetas,Anorak,44,Negro,3,120,360,No
2025-01-04,Pamplona,Publicidad,Sportwear,Mallas,42,Blanco,4,45,180,Sí
2025-01-16,Vitoria,Publicidad,Chaquetas,Plumífero,38,Verde,1,150,150,No
2025-01-10,Pamplona,Publicidad,Jerseys,Forro Polar,44,Gris,1,80,80,No
2025-01-21,Bilbao,Publicidad,Calzado,Zapatillas,44,Rojo,3,75,225,Sí
2025-01-19,Donostia,Publicidad,Jerseys,Forro Polar,42,Blanco,2,80,160,No
2025-01-08,Bilbao,Publicidad,Chaquetas,Anorak,42,Rojo,2,120,240,No
2025-01-09,Pamplona,Publicidad,Chaquetas,Anorak,L,Negro,2,120,240,No
2025-01-05,Vitoria,Publicidad,Sportwear,Camisetas,42,Verde,1,30,30,No
2025-01-02,Bilbao,Rebajas,Chaquetas,Plumífero,M,Rojo,3,150,450,No
2025-01-20,Bilbao,Publicidad,Calzado,Sandalias,44,Blanco,2,40,80,No
2025-01-16,Donostia,Publicidad,Chaquetas,Plumífero,S,Azul,5,150,750,Sí
2025-01-09,Vitoria,Rebajas,Calzado,Zapatillas,M,Azul,3,75,225,Sí
2025-01-28,Donostia,Publicidad,Calzado,Botas,L,Verde,5,110,550,No
2025-01-19,Bilbao,Rebajas,Chaquetas,Plumífero,38,Gris,1,150,150,No
2025-01-17,Vitoria,Rebajas,Calzado,Botas,44,Azul,3,110,330,Sí
2025-01-09,Pamplona,Rebajas,Pantalones,Chándal,L,Gris,5,60,300,No
2025-01-28,Vitoria,Rebajas,Chaquetas,Anorak,44,Azul,4,120,480,No
2025-01-11,Donostia,Publicidad,Pantalones,Chándal,40,Blanco,1,60,60,No
2025-01-12,Donostia,Rebajas,Calzado,Botas,XL,Gris,1,110,110,Sí
2025-01-13,Pamplona,Publicidad,Sportwear,Térmica,L,Negro,2,55,110,No
2025-01-01,Pamplona,Publicidad,Calzado,Zapatillas,42,Negro,5,75,375,Sí
2025-01-25,Bilbao,Publicidad,Chaquetas,Anorak,42,Verde,4,120,480,No
2025-01-21,Bilbao,Publicidad,Pantalones,Montaña,38,Rojo,3,90,270,Sí
2025-01-03,Pamplona,Publicidad,Calzado,Sandalias,40,Rojo,1,40,40,Sí
2025-01-28,Vitoria,Rebajas,Sportwear,Térmica,38,Gris,4,55,220,Sí
2025-01-02,Pamplona,Publicidad,Chaquetas,Anorak,M,Rojo,4,120,480,Sí
2025-01-10,Pamplona,Rebajas,Chaquetas,Plumífero,XL,Rojo,3,150,450,No
2025-01-12,Donostia,Publicidad,Chaquetas,Plumífero,M,Rojo,4,150,600,Sí
2025-01-16,Pamplona,Rebajas,Pantalones,Montaña,40,Blanco,5,90,450,Sí
2025-01-01,Pamplona,Rebajas,Chaquetas,Plumífero,44,Gris,5,150,750,No
2025-01-23,Bilbao,Publicidad,Calzado,Sandalias,44,Negro,1,40,40,No
2025-01-23,Bilbao,Rebajas,Chaquetas,Plumífero,44,Blanco,1,150,150,No
2025-01-15,Vitoria,Rebajas,Calzado,Botas,40,Blanco,4,110,440,No
2025-01-06,Vitoria,Publicidad,Chaquetas,Anorak,M,Gris,4,120,480,No
2025-01-05,Vitoria,Rebajas,Chaquetas,Plumífero,M,Blanco,1,150,150,Sí
2025-01-08,Bilbao,Publicidad,Chaquetas,Anorak,XL,Blanco,2,120,240,No
2025-01-21,Bilbao,Publicidad,Chaquetas,Plumífero,S,Azul,4,150,600,No
2025-01-13,Vitoria,Rebajas,Jerseys,Chaqueta de Lana,L,Negro,4,130,520,Sí
2025-01-07,Bilbao,Publicidad,Sportwear,Mallas,M,Blanco,1,45,45,Sí
2025-01-04,Donostia,Rebajas,Jerseys,Forro Polar,40,Negro,2,80,160,No
2025-01-04,Vitoria,Publicidad,Chaquetas,Anorak,44,Negro,5,120,600,No
2025-01-05,Donostia,Publicidad,Pantalones,Chándal,40,Negro,1,60,60,Sí
2025-01-09,Pamplona,Rebajas,Jerseys,Chaqueta de Lana,38,Gris,1,130,130,Sí
2025-01-10,Pamplona,Publicidad,Jerseys,Chaqueta de Lana,L,Verde,4,130,520,No
2025-01-01,Donostia,Publicidad,Chaquetas,Plumífero,38,Rojo,5,150,750,Sí
2025-01-10,Bilbao,Publicidad,Jerseys,Chaqueta de Lana,44,Gris,2,130,260,Sí
2025-01-25,Bilbao,Publicidad,Pantalones,Chándal,M,Gris,4,60,240,No
2025-01-04,Donostia,Rebajas,Calzado,Sandalias,L,Rojo,5,40,200,No
2025-01-09,Vitoria,Rebajas,Jerseys,Forro Polar,M,Negro,5,80,400,Sí
2025-01-16,Bilbao,Publicidad,Jerseys,Chaqueta de Lana,L,Negro,4,130,520,Sí
2025-01-27,Vitoria,Rebajas,Sportwear,Térmica,42,Negro,1,55,55,Sí
2025-01-16,Bilbao,Rebajas,Calzado,Botas,L,Negro,4,110,440,Sí
2025-01-18,Bilbao,Rebajas,Pantalones,Montaña,L,Rojo,5,90,450,Sí
2025-01-25,Donostia,Publicidad,Sportwear,Camisetas,38,Azul,3,30,90,No
2025-01-01,Vitoria,Rebajas,Calzado,Zapatillas,38,Rojo,4,75,300,Sí
2025-01-25,Donostia,Publicidad,Calzado,Zapatillas,M,Rojo,5,75,375,Sí
2025-01-26,Pamplona,Rebajas,Jerseys,Chaqueta de Lana,XL,Verde,1,130,130,Sí
2025-01-20,Pamplona,Rebajas,Chaquetas,Anorak,XL,Gris,2,120,240,No
2025-01-10,Vitoria,Publicidad,Sportwear,Térmica,XL,Azul,1,55,55,Sí
2025-01-18,Vitoria,Publicidad,Jerseys,Chaqueta de Lana,M,Gris,4,130,520,Sí
2025-01-22,Vitoria,Publicidad,Pantalones,Montaña,38,Negro,1,90,90,No
2025-01-20,Vitoria,Publicidad,Jerseys,Forro Polar,L,Blanco,4,80,320,Sí
2025-01-03,Donostia,Publicidad,Pantalones,Chándal,M,Gris,5,60,300,Sí
2025-01-23,Vitoria,Publicidad,Jerseys,Forro Polar,44,Verde,2,80,160,Sí
2025-01-20,Vitoria,Publicidad,Chaquetas,Plumífero,M,Azul,1,150,150,Sí
2025-01-27,Pamplona,Publicidad,Jerseys,Forro Polar,38,Gris,3,80,240,No
2025-01-28,Bilbao,Rebajas,Chaquetas,Plumífero,XL,Rojo,4,150,600,Sí
2025-01-21,Vitoria,Rebajas,Calzado,Zapatillas,44,Blanco,4,75,300,No
2025-01-22,Pamplona,Rebajas,Calzado,Sandalias,M,Gris,2,40,80,No
2025-01-07,Vitoria,Rebajas,Calzado,Botas,42,Verde,4,110,440,Sí
2025-01-10,Vitoria,Rebajas,Calzado,Zapatillas,M,Azul,2,75,150,No
2025-01-03,Vitoria,Publicidad,Sportwear,Camisetas,38,Blanco,2,30,60,Sí
2025-01-28,Bilbao,Publicidad,Sportwear,Térmica,M,Negro,1,55,55,No
2025-01-02,Vitoria,Rebajas,Chaquetas,Plumífero,42,Rojo,2,150,300,No
2025-01-15,Donostia,Publicidad,Calzado,Sandalias,42,Azul,2,40,80,Sí
2025-01-14,Pamplona,Rebajas,Sportwear,Camisetas,42,Gris,2,30,60,Sí
2025-01-15,Bilbao,Publicidad,Sportwear,Térmica,42,Rojo,4,55,220,Sí
2025-01-25,Donostia,Publicidad,Sportwear,Mallas,S,Negro,2,45,90,No
2025-01-02,Donostia,Publicidad,Pantalones,Montaña,L,Blanco,1,90,90,Sí
2025-01-27,Bilbao,Publicidad,Calzado,Botas,38,Azul,3,110,330,Sí
2025-01-25,Vitoria,Publicidad,Sportwear,Camisetas,44,Blanco,2,30,60,No
2025-01-02,Vitoria,Publicidad,Sportwear,Camisetas,M,Azul,3,30,90,No
2025-01-23,Pamplona,Rebajas,Calzado,Zapatillas,XL,Verde,3,75,225,Sí
2025-01-26,Bilbao,Publicidad,Jerseys,Forro Polar,L,Verde,4,80,320,Sí
2025-01-23,Pamplona,Publicidad,Jerseys,Chaqueta de Lana,S,Gris,1,130,130,Sí
2025-01-26,Vitoria,Publicidad,Jerseys,Chaqueta de Lana,40,Blanco,1,130,130,Sí
2025-01-28,Bilbao,Rebajas,Pantalones,Chándal,S,Gris,4,60,240,No
2025-01-27,Pamplona,Rebajas,Pantalones,Montaña,M,Rojo,3,90,270,Sí
2025-01-08,Vitoria,Publicidad,Sportwear,Mallas,44,Azul,3,45,135,No
2025-01-06,Bilbao,Rebajas,Sportwear,Mallas,XL,Gris,1,45,45,Sí
2025-01-14,Donostia,Rebajas,Pantalones,Montaña,M,Rojo,3,90,270,No
2025-01-17,Pamplona,Publicidad,Calzado,Botas,40,Blanco,1,110,110,Sí
2025-01-24,Vitoria,Rebajas,Sportwear,Mallas,38,Negro,1,45,45,No
2025-01-08,Pamplona,Publicidad,Chaquetas,Anorak,38,Blanco,5,120,600,Sí
2025-01-01,Bilbao,Publicidad,Jerseys,Forro Polar,44,Rojo,2,80,160,Sí
2025-01-24,Donostia,Publicidad,Sportwear,Térmica,38,Negro,2,55,110,No
2025-01-22,Vitoria,Rebajas,Jerseys,Forro Polar,M,Azul,3,80,240,Sí
2025-01-06,Vitoria,Rebajas,Chaquetas,Anorak,40,Verde,4,120,480,No
2025-01-04,Vitoria,Publicidad,Jerseys,Forro Polar,L,Blanco,2,80,160,No
2025-01-01,Bilbao,Publicidad,Jerseys,Chaqueta de Lana,L,Azul,4,130,520,Sí
2025-01-18,Bilbao,Rebajas,Chaquetas,Plumífero,40,Verde,5,150,750,Sí
2025-01-15,Vitoria,Publicidad,Calzado,Zapatillas,XL,Verde,1,75,75,Sí
2025-01-03,Donostia,Rebajas,Chaquetas,Anorak,XL,Gris,1,120,120,Sí
2025-01-20,Donostia,Publicidad,Chaquetas,Anorak,40,Verde,5,120,600,No
2025-01-14,Bilbao,Publicidad,Calzado,Zapatillas,M,Blanco,3,75,225,Sí
2025-01-02,Pamplona,Publicidad,Chaquetas,Anorak,44,Gris,1,120,120,Sí
2025-01-15,Pamplona,Publicidad,Sportwear,Camisetas,40,Gris,3,30,90,Sí
2025-01-15,Bilbao,Rebajas,Jerseys,Chaqueta de Lana,44,Negro,1,130,130,Sí
2025-01-19,Donostia,Rebajas,Chaquetas,Plumífero,38,Negro,5,150,750,No
2025-01-25,Pamplona,Rebajas,Jerseys,Forro Polar,L,Rojo,4,80,320,Sí
2025-01-28,Pamplona,Publicidad,Sportwear,Térmica,S,Blanco,3,55,165,No
2025-01-01,Pamplona,Publicidad,Calzado,Zapatillas,44,Azul,1,75,75,Sí
2025-01-26,Bilbao,Publicidad,Calzado,Zapatillas,40,Negro,1,75,75,No
2025-01-16,Donostia,Rebajas,Jerseys,Forro Polar,38,Negro,4,80,320,Sí
2025-01-24,Pamplona,Rebajas,Chaquetas,Anorak,XL,Verde,3,120,360,Sí
2025-01-04,Bilbao,Publicidad,Calzado,Zapatillas,38,Negro,1,75,75,Sí
2025-01-22,Donostia,Publicidad,Sportwear,Camisetas,42,Verde,2,30,60,Sí
2025-01-23,Bilbao,Publicidad,Sportwear,Térmica,L,Rojo,3,55,165,No
2025-01-26,Vitoria,Publicidad,Chaquetas,Anorak,M,Azul,2,120,240,No
2025-01-14,Vitoria,Rebajas,Sportwear,Térmica,L,Gris,1,55,55,No
2025-01-16,Bilbao,Publicidad,Calzado,Sandalias,38,Blanco,4,40,160,Sí
2025-01-22,Pamplona,Publicidad,Chaquetas,Anorak,42,Verde,4,120,480,Sí
2025-01-22,Vitoria,Publicidad,Chaquetas,Plumífero,L,Rojo,2,150,300,Sí
2025-01-22,Pamplona,Rebajas,Jerseys,Chaqueta de Lana,L,Rojo,5,130,650,Sí
2025-01-21,Donostia,Publicidad,Pantalones,Montaña,M,Gris,4,90,360,No
2025-01-01,Donostia,Publicidad,Jerseys,Chaqueta de Lana,XL,Rojo,5,130,650,No
2025-01-12,Pamplona,Publicidad,Sportwear,Camisetas,XL,Blanco,3,30,90,Sí
2025-01-13,Bilbao,Rebajas,Calzado,Botas,XL,Rojo,2,110,220,Sí
2025-01-20,Bilbao,Publicidad,Chaquetas,Anorak,38,Rojo,4,120,480,No
2025-01-06,Donostia,Publicidad,Sportwear,Térmica,42,Gris,2,55,110,No
2025-01-01,Pamplona,Rebajas,Calzado,Zapatillas,40,Azul,4,75,300,Sí
2025-01-06,Vitoria,Publicidad,Chaquetas,Anorak,42,Verde,3,120,360,Sí
2025-01-23,Pamplona,Rebajas,Sportwear,Térmica,M,Gris,3,55,165,Sí
2025-01-21,Donostia,Publicidad,Jerseys,Forro Polar,38,Verde,1,80,80,No
2025-01-06,Pamplona,Publicidad,Sportwear,Mallas,XL,Negro,1,45,45,Sí
2025-01-24,Vitoria,Publicidad,Chaquetas,Anorak,40,Rojo,1,120,120,Sí
2025-01-23,Bilbao,Rebajas,Chaquetas,Plumífero,M,Gris,3,150,450,Sí
2025-01-09,Bilbao,Rebajas,Calzado,Sandalias,L,Rojo,1,40,40,No
2025-01-07,Bilbao,Rebajas,Calzado,Botas,XL,Azul,2,110,220,Sí
2025-01-12,Bilbao,Publicidad,Sportwear,Térmica,44,Blanco,4,55,220,Sí
2025-01-03,Pamplona,Publicidad,Calzado,Botas,XL,Gris,5,110,550,No
2025-01-20,Donostia,Rebajas,Chaquetas,Anorak,42,Azul,4,120,480,No
2025-01-21,Vitoria,Rebajas,Calzado,Zapatillas,L,Negro,4,75,300,No
2025-01-24,Donostia,Rebajas,Sportwear,Camisetas,S,Rojo,1,30,30,Sí
2025-01-13,Donostia,Rebajas,Jerseys,Chaqueta de Lana,L,Rojo,1,130,130,Sí
2025-01-23,Vitoria,Publicidad,Chaquetas,Anorak,S,Negro,3,120,360,No
2025-01-25,Bilbao,Rebajas,Chaquetas,Plumífero,L,Negro,1,150,150,Sí
2025-01-25,Donostia,Publicidad,Calzado,Botas,40,Rojo,3,110,330,No
2025-01-21,Donostia,Publicidad,Calzado,Sandalias,38,Rojo,1,40,40,No
2025-01-13,Pamplona,Rebajas,Jerseys,Forro Polar,XL,Gris,4,80,320,Sí
2025-01-09,Vitoria,Publicidad,Chaquetas,Plumífero,XL,Rojo,1,150,150,Sí
2025-01-15,Donostia,Publicidad,Pantalones,Montaña,40,Rojo,5,90,450,No
2025-01-21,Pamplona,Publicidad,Pantalones,Montaña,38,Negro,4,90,360,No
2025-01-24,Pamplona,Rebajas,Jerseys,Chaqueta de Lana,M,Verde,2,130,260,No
2025-01-16,Pamplona,Rebajas,Chaquetas,Anorak,S,Verde,1,120,120,No
2025-01-02,Donostia,Rebajas,Calzado,Botas,XL,Rojo,4,110,440,No
2025-01-22,Vitoria,Rebajas,Chaquetas,Anorak,L,Rojo,2,120,240,Sí
2025-01-11,Bilbao,Rebajas,Chaquetas,Plumífero,38,Verde,5,150,750,Sí
2025-01-24,Donostia,Rebajas,Jerseys,Forro Polar,40,Azul,3,80,240,No
2025-01-19,Bilbao,Rebajas,Jerseys,Forro Polar,40,Blanco,4,80,320,No
2025-01-20,Vitoria,Rebajas,Calzado,Sandalias,38,Azul,1,40,40,Sí
2025-01-16,Pamplona,Rebajas,Calzado,Zapatillas,XL,Verde,3,75,225,Sí
2025-01-22,Bilbao,Publicidad,Calzado,Botas,44,Negro,3,110,330,Sí
2025-01-11,Pamplona,Rebajas,Pantalones,Montaña,XL,Verde,2,90,180,Sí
2025-01-11,Bilbao,Publicidad,Jerseys,Forro Polar,M,Negro,1,80,80,Sí
2025-01-11,Pamplona,Publicidad,Calzado,Sandalias,XL,Azul,3,40,120,Sí
2025-01-14,Vitoria,Rebajas,Calzado,Zapatillas,38,Verde,4,75,300,Sí
2025-01-01,Pamplona,Rebajas,Calzado,Zapatillas,S,Verde,5,75,375,Sí
2025-01-28,Pamplona,Rebajas,Calzado,Botas,L,Rojo,5,110,550,Sí
2025-01-13,Pamplona,Publicidad,Chaquetas,Anorak,S,Gris,5,120,600,No
2025-01-27,Bilbao,Rebajas,Pantalones,Chándal,44,Gris,5,60,300,Sí
2025-01-04,Pamplona,Publicidad,Sportwear,Térmica,42,Gris,1,55,55,Sí
2025-01-24,Donostia,Publicidad,Jerseys,Chaqueta de Lana,M,Gris,4,130,520,Sí
2025-01-04,Pamplona,Rebajas,Chaquetas,Plumífero,44,Blanco,1,150,150,No
2025-01-19,Vitoria,Rebajas,Chaquetas,Anorak,44,Negro,2,120,240,No
2025-01-04,Vitoria,Publicidad,Calzado,Sandalias,M,Azul,2,40,80,Sí
2025-01-21,Vitoria,Publicidad,Chaquetas,Anorak,40,Verde,2,120,240,Sí
2025-01-20,Donostia,Publicidad,Calzado,Sandalias,L,Verde,4,40,160,Sí
2025-01-15,Vitoria,Rebajas,Calzado,Botas,40,Blanco,3,110,330,Sí
2025-01-17,Vitoria,Publicidad,Sportwear,Mallas,L,Rojo,2,45,90,No
2025-01-20,Vitoria,Publicidad,Jerseys,Chaqueta de Lana,L,Rojo,3,130,390,Sí
2025-01-17,Vitoria,Publicidad,Chaquetas,Anorak,M,Azul,1,120,120,Sí
2025-01-28,Bilbao,Rebajas,Jerseys,Chaqueta de Lana,S,Verde,1,130,130,No
2025-01-18,Donostia,Publicidad,Chaquetas,Plumífero,38,Azul,5,150,750,Sí
2025-01-03,Bilbao,Rebajas,Jerseys,Chaqueta de Lana,S,Blanco,4,130,520,No
2025-01-22,Vitoria,Rebajas,Calzado,Botas,38,Negro,4,110,440,No
2025-01-08,Pamplona,Publicidad,Jerseys,Chaqueta de Lana,40,Verde,1,130,130,Sí
2025-01-08,Bilbao,Rebajas,Calzado,Sandalias,44,Gris,2,40,80,Sí
2025-01-12,Pamplona,Rebajas,Pantalones,Chándal,44,Verde,1,60,60,Sí
2025-01-22,Donostia,Publicidad,Chaquetas,Plumífero,S,Negro,4,150,600,No
2025-01-20,Pamplona,Publicidad,Pantalones,Chándal,38,Rojo,3,60,180,Sí
2025-01-19,Pamplona,Publicidad,Sportwear,Camisetas,M,Negro,4,30,120,Sí
2025-01-01,Vitoria,Publicidad,Chaquetas,Anorak,38,Negro,1,120,120,Sí
2025-01-10,Donostia,Publicidad,Jerseys,Chaqueta de Lana,M,Blanco,2,130,260,Sí
2025-01-06,Pamplona,Rebajas,Chaquetas,Anorak,42,Azul,1,120,120,Sí
2025-01-27,Bilbao,Publicidad,Calzado,Zapatillas,40,Negro,3,75,225,No
2025-01-07,Pamplona,Rebajas,Sportwear,Camisetas,38,Negro,2,30,60,Sí
2025-01-16,Vitoria,Rebajas,Calzado,Zapatillas,M,Azul,2,75,150,Sí
2025-01-02,Pamplona,Rebajas,Jerseys,Forro Polar,42,Verde,2,80,160,No
2025-01-04,Pamplona,Rebajas,Calzado,Sandalias,L,Negro,2,40,80,No
2025-01-22,Pamplona,Publicidad,Calzado,Sandalias,L,Rojo,4,40,160,Sí
2025-01-24,Donostia,Publicidad,Pantalones,Chándal,42,Blanco,1,60,60,Sí
2025-01-28,Bilbao,Rebajas,Calzado,Sandalias,XL,Negro,1,40,40,Sí
2025-01-16,Vitoria,Rebajas,Calzado,Botas,42,Verde,2,110,220,Sí
2025-01-20,Bilbao,Rebajas,Pantalones,Montaña,M,Blanco,5,90,450,Sí
2025-01-09,Donostia,Rebajas,Sportwear,Mallas,44,Gris,2,45,90,No
2025-01-23,Donostia,Rebajas,Calzado,Botas,44,Rojo,3,110,330,No
2025-01-11,Vitoria,Rebajas,Jerseys,Forro Polar,40,Verde,3,80,240,Sí
2025-01-10,Bilbao,Publicidad,Pantalones,Chándal,44,Gris,5,60,300,No
2025-01-08,Bilbao,Rebajas,Sportwear,Térmica,42,Gris,5,55,275,No
2025-01-19,Pamplona,Rebajas,Jerseys,Forro Polar,42,Rojo,2,80,160,No
2025-01-20,Vitoria,Rebajas,Sportwear,Mallas,38,Azul,1,45,45,Sí
2025-01-08,Vitoria,Rebajas,Calzado,Sandalias,42,Gris,1,40,40,No
2025-01-05,Donostia,Rebajas,Calzado,Sandalias,38,Negro,4,40,160,Sí
2025-01-13,Bilbao,Publicidad,Sportwear,Térmica,44,Verde,2,55,110,Sí
2025-01-09,Bilbao,Publicidad,Chaquetas,Anorak,XL,Verde,4,120,480,Sí
2025-01-17,Vitoria,Rebajas,Calzado,Zapatillas,40,Blanco,4,75,300,No
2025-01-08,Bilbao,Rebajas,Chaquetas,Plumífero,L,Verde,2,150,300,No
2025-01-20,Bilbao,Publicidad,Pantalones,Montaña,40,Verde,2,90,180,No
2025-01-20,Vitoria,Publicidad,Pantalones,Chándal,S,Blanco,5,60,300,No
2025-01-15,Donostia,Rebajas,Jerseys,Chaqueta de Lana,44,Gris,3,130,390,Sí
2025-01-19,Bilbao,Publicidad,Calzado,Sandalias,38,Verde,2,40,80,No
2025-01-20,Vitoria,Rebajas,Calzado,Botas,S,Verde,2,110,220,Sí
2025-01-03,Vitoria,Publicidad,Chaquetas,Plumífero,L,Azul,4,150,600,Sí
2025-01-19,Pamplona,Publicidad,Chaquetas,Anorak,42,Negro,2,120,240,Sí
2025-01-01,Vitoria,Publicidad,Sportwear,Mallas,40,Verde,2,45,90,No
2025-01-15,Vitoria,Rebajas,Jerseys,Forro Polar,S,Gris,4,80,320,No
2025-01-12,Donostia,Publicidad,Sportwear,Mallas,38,Blanco,3,45,135,No
2025-01-13,Vitoria,Rebajas,Calzado,Sandalias,38,Verde,2,40,80,No
2025-01-17,Donostia,Publicidad,Chaquetas,Plumífero,L,Gris,2,150,300,No
2025-01-26,Pamplona,Publicidad,Jerseys,Forro Polar,42,Verde,2,80,160,No
2025-01-22,Pamplona,Rebajas,Sportwear,Camisetas,M,Negro,4,30,120,Sí
2025-01-10,Pamplona,Rebajas,Jerseys,Forro Polar,38,Verde,4,80,320,No
2025-01-28,Vitoria,Publicidad,Sportwear,Camisetas,L,Rojo,4,30,120,Sí
2025-01-14,Donostia,Publicidad,Sportwear,Térmica,XL,Verde,5,55,275,No
2025-01-15,Bilbao,Publicidad,Pantalones,Montaña,44,Rojo,2,90,180,No
2025-01-01,Bilbao,Rebajas,Sportwear,Térmica,40,Verde,4,55,220,Sí
2025-01-15,Bilbao,Publicidad,Chaquetas,Plumífero,XL,Gris,3,150,450,Sí
2025-01-17,Donostia,Rebajas,Sportwear,Camisetas,XL,Blanco,5,30,150,No
2025-01-12,Donostia,Publicidad,Sportwear,Térmica,M,Negro,3,55,165,No
2025-01-25,Bilbao,Rebajas,Chaquetas,Plumífero,44,Azul,2,150,300,Sí
2025-01-17,Pamplona,Publicidad,Pantalones,Montaña,38,Negro,2,90,180,No
2025-01-21,Bilbao,Publicidad,Chaquetas,Plumífero,XL,Gris,5,150,750,No
2025-01-20,Donostia,Rebajas,Pantalones,Chándal,38,Verde,2,60,120,Sí
2025-01-20,Vitoria,Rebajas,Pantalones,Montaña,S,Gris,4,90,360,No
2025-01-26,Pamplona,Publicidad,Sportwear,Mallas,40,Gris,2,45,90,No
2025-01-19,Bilbao,Rebajas,Chaquetas,Anorak,40,Azul,4,120,480,No
2025-01-01,Pamplona,Rebajas,Chaquetas,Anorak,44,Rojo,3,120,360,No
2025-01-12,Vitoria,Publicidad,Calzado,Sandalias,44,Rojo,2,40,80,Sí
2025-01-19,Donostia,Publicidad,Chaquetas,Anorak,XL,Verde,2,120,240,Sí
2025-01-03,Pamplona,Rebajas,Chaquetas,Plumífero,40,Gris,2,150,300,No
2025-01-21,Bilbao,Publicidad,Calzado,Botas,M,Azul,5,110,550,Sí
2025-01-23,Pamplona,Rebajas,Jerseys,Forro Polar,XL,Blanco,4,80,320,No
2025-01-08,Pamplona,Rebajas,Calzado,Sandalias,XL,Negro,3,40,120,No
2025-01-03,Bilbao,Publicidad,Sportwear,Mallas,M,Azul,5,45,225,No
2025-01-16,Pamplona,Publicidad,Sportwear,Mallas,42,Verde,3,45,135,Sí
2025-01-28,Donostia,Publicidad,Jerseys,Chaqueta de Lana,42,Rojo,3,130,390,Sí
2025-01-22,Donostia,Publicidad,Sportwear,Mallas,XL,Blanco,3,45,135,Sí
2025-01-07,Pamplona,Rebajas,Sportwear,Camisetas,L,Verde,5,30,150,No
2025-01-21,Vitoria,Publicidad,Calzado,Botas,40,Gris,2,110,220,No
2025-01-06,Donostia,Rebajas,Chaquetas,Anorak,XL,Verde,3,120,360,Sí
2025-01-08,Pamplona,Rebajas,Calzado,Zapatillas,42,Gris,2,75,150,Sí
2025-01-16,Pamplona,Publicidad,Jerseys,Chaqueta de Lana,XL,Gris,2,130,260,No
2025-01-11,Vitoria,Publicidad,Pantalones,Chándal,S,Verde,2,60,120,Sí
2025-01-07,Pamplona,Publicidad,Sportwear,Térmica,40,Blanco,3,55,165,Sí
2025-01-12,Donostia,Publicidad,Sportwear,Térmica,44,Verde,3,55,165,No
2025-01-10,Vitoria,Publicidad,Sportwear,Térmica,40,Blanco,1,55,55,Sí
2025-01-07,Vitoria,Publicidad,Pantalones,Chándal,42,Blanco,5,60,300,No
2025-01-03,Donostia,Rebajas,Calzado,Zapatillas,42,Verde,4,75,300,No
2025-01-07,Pamplona,Publicidad,Calzado,Botas,44,Rojo,3,110,330,Sí
2025-01-28,Vitoria,Rebajas,Sportwear,Mallas,44,Gris,5,45,225,No
2025-01-17,Pamplona,Publicidad,Sportwear,Mallas,38,Negro,3,45,135,Sí
2025-01-23,Vitoria,Rebajas,Sportwear,Mallas,38,Blanco,4,45,180,Sí
2025-01-13,Bilbao,Publicidad,Jerseys,Chaqueta de Lana,44,Rojo,1,130,130,Sí
2025-01-14,Donostia,Rebajas,Jerseys,Forro Polar,40,Verde,4,80,320,Sí
2025-01-28,Donostia,Publicidad,Sportwear,Térmica,40,Azul,3,55,165,Sí
2025-01-18,Pamplona,Rebajas,Calzado,Sandalias,44,Negro,4,40,160,No
2025-01-16,Vitoria,Publicidad,Sportwear,Térmica,44,Verde,4,55,220,No
2025-01-17,Pamplona,Rebajas,Sportwear,Camisetas,44,Verde,3,30,90,No
2025-01-16,Donostia,Rebajas,Jerseys,Forro Polar,S,Verde,4,80,320,Sí
2025-01-13,Pamplona,Rebajas,Sportwear,Mallas,L,Rojo,5,45,225,Sí
2025-01-17,Vitoria,Rebajas,Jerseys,Forro Polar,XL,Rojo,5,80,400,No
2025-01-16,Vitoria,Rebajas,Jerseys,Forro Polar,42,Verde,4,80,320,No
2025-01-01,Bilbao,Publicidad,Calzado,Zapatillas,M,Negro,4,75,300,No
2025-01-06,Pamplona,Publicidad,Jerseys,Forro Polar,M,Blanco,5,80,400,Sí
2025-01-21,Donostia,Rebajas,Chaquetas,Anorak,M,Blanco,3,120,360,No
2025-01-26,Vitoria,Publicidad,Calzado,Botas,XL,Azul,2,110,220,No
2025-01-10,Pamplona,Rebajas,Calzado,Sandalias,M,Azul,2,40,80,No
2025-01-10,Bilbao,Publicidad,Pantalones,Chándal,M,Gris,2,60,120,No
2025-01-01,Pamplona,Rebajas,Jerseys,Forro Polar,42,Negro,5,80,400,Sí
2025-01-12,Bilbao,Rebajas,Jerseys,Forro Polar,L,Negro,5,80,400,Sí
2025-01-26,Vitoria,Rebajas,Chaquetas,Anorak,42,Rojo,1,120,120,Sí
2025-01-20,Donostia,Rebajas,Pantalones,Montaña,38,Negro,4,90,360,Sí
2025-01-19,Pamplona,Rebajas,Calzado,Sandalias,42,Rojo,3,40,120,Sí
2025-01-08,Pamplona,Rebajas,Pantalones,Chándal,38,Rojo,5,60,300,No
2025-01-18,Pamplona,Publicidad,Calzado,Sandalias,M,Azul,5,40,200,No
2025-01-24,Pamplona,Publicidad,Pantalones,Chándal,42,Verde,3,60,180,No
2025-01-06,Pamplona,Publicidad,Sportwear,Mallas,42,Azul,1,45,45,No
2025-01-07,Vitoria,Publicidad,Jerseys,Chaqueta de Lana,40,Rojo,3,130,390,No
2025-01-02,Vitoria,Publicidad,Sportwear,Mallas,40,Negro,4,45,180,Sí
2025-01-01,Donostia,Publicidad,Sportwear,Mallas,XL,Gris,4,45,180,No
2025-01-18,Pamplona,Publicidad,Calzado,Zapatillas,38,Rojo,5,75,375,Sí
2025-01-02,Donostia,Rebajas,Calzado,Zapatillas,M,Blanco,1,75,75,No
2025-01-19,Bilbao,Publicidad,Calzado,Zapatillas,S,Verde,5,75,375,No
2025-01-06,Bilbao,Publicidad,Jerseys,Chaqueta de Lana,M,Blanco,3,130,390,Sí
2025-01-15,Vitoria,Rebajas,Pantalones,Chándal,L,Gris,2,60,120,Sí
2025-01-03,Donostia,Rebajas,Chaquetas,Plumífero,S,Verde,2,150,300,No
2025-01-20,Bilbao,Publicidad,Calzado,Sandalias,XL,Negro,3,40,120,Sí
2025-01-02,Bilbao,Rebajas,Calzado,Botas,S,Gris,1,110,110,Sí
2025-01-02,Pamplona,Publicidad,Jerseys,Chaqueta de Lana,S,Verde,3,130,390,Sí
2025-01-12,Donostia,Rebajas,Pantalones,Chándal,XL,Gris,4,60,240,No
2025-01-09,Donostia,Rebajas,Sportwear,Térmica,S,Azul,1,55,55,Sí
2025-01-18,Vitoria,Rebajas,Jerseys,Chaqueta de Lana,S,Negro,4,130,520,Sí
2025-01-02,Vitoria,Publicidad,Calzado,Botas,XL,Rojo,3,110,330,Sí
2025-01-07,Bilbao,Publicidad,Sportwear,Térmica,42,Rojo,4,55,220,No
2025-01-19,Bilbao,Rebajas,Calzado,Zapatillas,38,Gris,4,75,300,No
2025-01-09,Vitoria,Rebajas,Chaquetas,Anorak,44,Blanco,1,120,120,No
2025-01-05,Bilbao,Publicidad,Sportwear,Mallas,L,Verde,3,45,135,Sí
2025-01-23,Vitoria,Publicidad,Chaquetas,Anorak,42,Verde,2,120,240,No
2025-01-19,Donostia,Rebajas,Pantalones,Montaña,S,Gris,5,90,450,No
2025-01-20,Pamplona,Publicidad,Pantalones,Montaña,40,Rojo,3,90,270,Sí
2025-01-27,Bilbao,Publicidad,Pantalones,Montaña,38,Negro,2,90,180,Sí
2025-01-22,Bilbao,Publicidad,Chaquetas,Plumífero,42,Verde,4,150,600,No
2025-01-03,Vitoria,Publicidad,Jerseys,Forro Polar,XL,Blanco,4,80,320,No
2025-01-08,Donostia,Rebajas,Jerseys,Forro Polar,42,Negro,3,80,240,No
2025-01-24,Donostia,Publicidad,Calzado,Botas,L,Negro,3,110,330,Sí
2025-01-20,Bilbao,Publicidad,Jerseys,Forro Polar,42,Gris,2,80,160,No
2025-01-07,Bilbao,Rebajas,Sportwear,Camisetas,L,Blanco,4,30,120,Sí
2025-01-11,Vitoria,Rebajas,Sportwear,Mallas,42,Blanco,3,45,135,No
2025-01-28,Vitoria,Rebajas,Sportwear,Mallas,40,Verde,5,45,225,No
2025-01-03,Donostia,Rebajas,Pantalones,Montaña,S,Gris,5,90,450,No
2025-01-07,Donostia,Rebajas,Pantalones,Chándal,42,Blanco,1,60,60,No
2025-01-19,Donostia,Publicidad,Pantalones,Montaña,S,Verde,1,90,90,Sí
2025-01-26,Pamplona,Rebajas,Calzado,Sandalias,XL,Gris,2,40,80,Sí
2025-01-01,Bilbao,Rebajas,Sportwear,Camisetas,44,Rojo,3,30,90,No
2025-01-07,Bilbao,Rebajas,Calzado,Zapatillas,40,Negro,5,75,375,Sí
2025-01-04,Bilbao,Publicidad,Chaquetas,Plumífero,L,Rojo,2,150,300,Sí
2025-01-16,Bilbao,Publicidad,Jerseys,Forro Polar,42,Negro,4,80,320,Sí
2025-01-28,Donostia,Rebajas,Sportwear,Térmica,42,Negro,4,55,220,Sí
2025-01-16,Bilbao,Publicidad,Sportwear,Mallas,40,Negro,5,45,225,Sí
2025-01-11,Bilbao,Rebajas,Sportwear,Mallas,L,Negro,1,45,45,No
2025-01-27,Donostia,Rebajas,Jerseys,Forro Polar,XL,Blanco,2,80,160,No
2025-01-15,Bilbao,Publicidad,Chaquetas,Plumífero,44,Azul,4,150,600,No
2025-01-16,Donostia,Publicidad,Chaquetas,Anorak,38,Blanco,1,120,120,Sí
2025-01-15,Vitoria,Rebajas,Jerseys,Chaqueta de Lana,42,Rojo,3,130,390,No
2025-01-25,Donostia,Rebajas,Jerseys,Forro Polar,44,Negro,4,80,320,No
2025-01-12,Donostia,Rebajas,Jerseys,Chaqueta de Lana,42,Blanco,3,130,390,No
2025-01-03,Donostia,Rebajas,Chaquetas,Plumífero,M,Gris,3,150,450,Sí
2025-01-13,Bilbao,Rebajas,Pantalones,Montaña,S,Azul,1,90,90,Sí
2025-01-02,Bilbao,Rebajas,Pantalones,Montaña,42,Verde,3,90,270,No
2025-01-17,Vitoria,Rebajas,Chaquetas,Anorak,L,Verde,3,120,360,No
2025-01-19,Vitoria,Publicidad,Calzado,Botas,42,Blanco,3,110,330,Sí
2025-01-21,Bilbao,Rebajas,Chaquetas,Anorak,38,Negro,5,120,600,Sí
2025-01-02,Vitoria,Rebajas,Jerseys,Forro Polar,S,Gris,4,80,320,Sí
2025-01-22,Donostia,Rebajas,Chaquetas,Anorak,40,Rojo,4,120,480,No
2025-01-17,Vitoria,Publicidad,Calzado,Zapatillas,44,Verde,3,75,225,No
2025-01-21,Bilbao,Rebajas,Jerseys,Chaqueta de Lana,44,Blanco,1,130,130,Sí
2025-01-01,Bilbao,Rebajas,Calzado,Sandalias,42,Verde,3,40,120,No
2025-01-26,Pamplona,Rebajas,Jerseys,Chaqueta de Lana,42,Gris,4,130,520,No
2025-01-01,Vitoria,Publicidad,Pantalones,Chándal,M,Negro,2,60,120,Sí
2025-01-19,Vitoria,Publicidad,Jerseys,Forro Polar,M,Verde,4,80,320,No
2025-01-11,Pamplona,Rebajas,Calzado,Sandalias,S,Negro,5,40,200,No
2025-01-13,Bilbao,Rebajas,Jerseys,Chaqueta de Lana,S,Gris,4,130,520,No
2025-01-12,Donostia,Rebajas,Calzado,Zapatillas,L,Azul,4,75,300,Sí
2025-01-06,Pamplona,Publicidad,Sportwear,Mallas,42,Rojo,1,45,45,Sí
2025-01-14,Vitoria,Rebajas,Jerseys,Chaqueta de Lana,40,Azul,2,130,260,Sí
2025-01-09,Donostia,Publicidad,Sportwear,Camisetas,L,Blanco,3,30,90,Sí
2025-01-15,Vitoria,Publicidad,Sportwear,Mallas,L,Gris,4,45,180,Sí
2025-01-17,Pamplona,Rebajas,Jerseys,Chaqueta de Lana,S,Azul,4,130,520,No
2025-01-21,Donostia,Rebajas,Jerseys,Chaqueta de Lana,42,Gris,3,130,390,No
2025-01-23,Vitoria,Rebajas,Calzado,Zapatillas,38,Azul,1,75,75,Sí
2025-01-17,Bilbao,Publicidad,Sportwear,Camisetas,M,Gris,3,30,90,No
2025-01-04,Pamplona,Rebajas,Jerseys,Forro Polar,XL,Rojo,4,80,320,No
2025-01-18,Bilbao,Rebajas,Chaquetas,Plumífero,M,Rojo,1,150,150,No
2025-01-15,Bilbao,Rebajas,Pantalones,Chándal,40,Negro,1,60,60,No
2025-01-17,Pamplona,Rebajas,Pantalones,Chándal,42,Gris,1,60,60,Sí
2025-01-26,Bilbao,Publicidad,Calzado,Sandalias,XL,Blanco,5,40,200,No
2025-01-26,Bilbao,Publicidad,Pantalones,Montaña,M,Rojo,3,90,270,Sí
2025-01-02,Donostia,Publicidad,Pantalones,Chándal,S,Negro,4,60,240,No
2025-01-10,Bilbao,Rebajas,Calzado,Zapatillas,M,Rojo,3,75,225,No
2025-01-16,Vitoria,Publicidad,Sportwear,Mallas,42,Blanco,3,45,135,No
2025-01-26,Pamplona,Rebajas,Sportwear,Camisetas,L,Blanco,1,30,30,No
2025-01-06,Pamplona,Rebajas,Calzado,Zapatillas,40,Negro,3,75,225,Sí
2025-01-20,Donostia,Rebajas,Sportwear,Térmica,XL,Verde,4,55,220,No
2025-01-14,Vitoria,Publicidad,Calzado,Zapatillas,40,Azul,2,75,150,Sí
2025-01-22,Donostia,Publicidad,Sportwear,Camisetas,XL,Negro,5,30,150,Sí
2025-01-05,Vitoria,Publicidad,Sportwear,Mallas,S,Rojo,5,45,225,No
2025-01-16,Vitoria,Rebajas,Calzado,Sandalias,L,Rojo,4,40,160,Sí
2025-01-08,Donostia,Publicidad,Jerseys,Forro Polar,40,Azul,5,80,400,Sí
2025-01-07,Vitoria,Publicidad,Sportwear,Mallas,38,Azul,4,45,180,Sí
2025-01-26,Bilbao,Rebajas,Calzado,Zapatillas,L,Blanco,5,75,375,Sí
2025-01-24,Vitoria,Publicidad,Pantalones,Chándal,L,Blanco,1,60,60,Sí
2025-01-15,Vitoria,Publicidad,Pantalones,Chándal,40,Verde,3,60,180,No
2025-01-19,Vitoria,Publicidad,Sportwear,Térmica,M,Rojo,2,55,110,Sí
2025-01-09,Donostia,Publicidad,Pantalones,Chándal,42,Azul,3,60,180,Sí
2025-01-19,Vitoria,Rebajas,Calzado,Sandalias,38,Blanco,1,40,40,No
2025-01-25,Vitoria,Rebajas,Jerseys,Chaqueta de Lana,XL,Rojo,3,130,390,Sí
2025-01-13,Vitoria,Publicidad,Pantalones,Montaña,40,Azul,3,90,270,Sí
2025-01-10,Donostia,Publicidad,Jerseys,Chaqueta de Lana,XL,Rojo,2,130,260,Sí
2025-01-11,Donostia,Publicidad,Jerseys,Forro Polar,M,Azul,3,80,240,Sí
2025-01-16,Vitoria,Rebajas,Chaquetas,Anorak,40,Azul,2,120,240,Sí
2025-01-07,Donostia,Rebajas,Pantalones,Montaña,44,Verde,1,90,90,Sí
2025-01-21,Bilbao,Publicidad,Calzado,Sandalias,40,Negro,2,40,80,Sí
2025-01-01,Vitoria,Publicidad,Chaquetas,Anorak,42,Negro,2,120,240,Sí
2025-01-12,Bilbao,Publicidad,Sportwear,Térmica,44,Blanco,1,55,55,Sí
2025-01-18,Vitoria,Publicidad,Pantalones,Chándal,40,Negro,3,60,180,No
2025-01-02,Vitoria,Publicidad,Pantalones,Chándal,XL,Verde,2,60,120,No
2025-01-07,Donostia,Rebajas,Pantalones,Chándal,M,Verde,4,60,240,Sí
2025-01-01,Pamplona,Publicidad,Jerseys,Forro Polar,L,Negro,2,80,160,No
2025-01-25,Vitoria,Rebajas,Pantalones,Chándal,44,Blanco,2,60,120,Sí
2025-01-02,Vitoria,Rebajas,Chaquetas,Plumífero,M,Azul,1,150,150,No
2025-01-03,Donostia,Publicidad,Pantalones,Montaña,L,Gris,1,90,90,No
2025-01-22,Pamplona,Rebajas,Calzado,Botas,40,Azul,3,110,330,Sí
2025-01-11,Pamplona,Publicidad,Pantalones,Chándal,40,Azul,4,60,240,Sí
2025-01-09,Vitoria,Rebajas,Sportwear,Mallas,40,Azul,2,45,90,No
2025-01-26,Pamplona,Publicidad,Pantalones,Chándal,42,Rojo,2,60,120,Sí
2025-01-23,Bilbao,Publicidad,Calzado,Sandalias,40,Gris,3,40,120,Sí
2025-01-02,Donostia,Publicidad,Calzado,Zapatillas,XL,Rojo,4,75,300,Sí
2025-01-13,Vitoria,Publicidad,Sportwear,Camisetas,XL,Blanco,2,30,60,No
2025-01-12,Donostia,Rebajas,Pantalones,Montaña,38,Verde,1,90,90,No
2025-01-07,Vitoria,Publicidad,Sportwear,Camisetas,L,Verde,2,30,60,Sí
2025-01-20,Vitoria,Publicidad,Sportwear,Térmica,M,Azul,3,55,165,No
2025-01-26,Donostia,Publicidad,Jerseys,Chaqueta de Lana,M,Azul,3,130,390,No
2025-01-26,Vitoria,Publicidad,Calzado,Zapatillas,S,Gris,4,75,300,Sí
2025-01-04,Pamplona,Publicidad,Jerseys,Chaqueta de Lana,40,Azul,2,130,260,Sí
2025-01-21,Donostia,Rebajas,Pantalones,Chándal,S,Negro,3,60,180,No
2025-01-21,Donostia,Rebajas,Chaquetas,Anorak,XL,Blanco,2,120,240,Sí
2025-01-01,Bilbao,Rebajas,Pantalones,Chándal,40,Azul,3,60,180,Sí
2025-01-05,Vitoria,Rebajas,Calzado,Zapatillas,44,Gris,2,75,150,Sí
2025-01-27,Bilbao,Rebajas,Sportwear,Camisetas,L,Verde,2,30,60,Sí
2025-01-16,Donostia,Publicidad,Sportwear,Térmica,40,Blanco,3,55,165,Sí
2025-01-07,Pamplona,Publicidad,Pantalones,Montaña,M,Gris,5,90,450,Sí
2025-01-18,Pamplona,Publicidad,Chaquetas,Anorak,L,Rojo,3,120,360,Sí
2025-01-24,Vitoria,Rebajas,Sportwear,Térmica,40,Rojo,4,55,220,Sí
2025-01-12,Bilbao,Rebajas,Calzado,Zapatillas,38,Blanco,2,75,150,No
2025-01-26,Donostia,Publicidad,Calzado,Botas,38,Verde,4,110,440,Sí
2025-01-21,Bilbao,Rebajas,Sportwear,Camisetas,44,Rojo,5,30,150,No
2025-01-26,Bilbao,Publicidad,Calzado,Botas,40,Negro,3,110,330,Sí
2025-01-20,Vitoria,Publicidad,Sportwear,Térmica,42,Gris,1,55,55,Sí
2025-01-08,Donostia,Rebajas,Chaquetas,Plumífero,38,Rojo,3,150,450,Sí
2025-01-19,Vitoria,Publicidad,Jerseys,Chaqueta de Lana,S,Negro,2,130,260,No
2025-01-25,Donostia,Publicidad,Calzado,Sandalias,S,Gris,3,40,120,No
2025-01-23,Pamplona,Rebajas,Calzado,Sandalias,L,Verde,3,40,120,No
2025-01-27,Vitoria,Publicidad,Chaquetas,Plumífero,M,Azul,1,150,150,No
2025-01-19,Donostia,Publicidad,Pantalones,Chándal,40,Azul,1,60,60,Sí
2025-01-01,Pamplona,Rebajas,Pantalones,Chándal,L,Verde,2,60,120,No
2025-01-01,Bilbao,Publicidad,Pantalones,Chándal,S,Rojo,1,60,60,Sí
2025-01-25,Donostia,Rebajas,Calzado,Zapatillas,L,Blanco,3,75,225,No
2025-01-19,Vitoria,Publicidad,Chaquetas,Plumífero,S,Rojo,2,150,300,No
2025-01-17,Bilbao,Publicidad,Jerseys,Forro Polar,S,Azul,1,80,80,No
2025-01-06,Donostia,Publicidad,Sportwear,Térmica,40,Azul,2,55,110,No
2025-01-22,Vitoria,Publicidad,Jerseys,Chaqueta de Lana,42,Rojo,2,130,260,Sí
2025-01-14,Donostia,Rebajas,Sportwear,Térmica,M,Gris,4,55,220,No
2025-01-11,Bilbao,Publicidad,Pantalones,Chándal,L,Gris,5,60,300,No
2025-01-14,Pamplona,Rebajas,Calzado,Sandalias,42,Gris,5,40,200,No
2025-01-19,Pamplona,Publicidad,Pantalones,Chándal,40,Negro,1,60,60,Sí
2025-01-14,Bilbao,Publicidad,Chaquetas,Anorak,42,Gris,1,120,120,Sí
2025-01-11,Pamplona,Publicidad,Calzado,Sandalias,40,Negro,4,40,160,Sí
2025-01-15,Donostia,Publicidad,Sportwear,Mallas,44,Rojo,4,45,180,No
2025-01-09,Donostia,Rebajas,Chaquetas,Anorak,40,Negro,4,120,480,Sí
2025-01-14,Vitoria,Publicidad,Pantalones,Chándal,M,Verde,5,60,300,Sí
2025-01-19,Bilbao,Publicidad,Calzado,Sandalias,M,Rojo,5,40,200,Sí
2025-01-03,Bilbao,Rebajas,Pantalones,Montaña,XL,Gris,5,90,450,Sí
2025-01-24,Vitoria,Rebajas,Sportwear,Mallas,XL,Negro,1,45,45,No
2025-01-19,Bilbao,Rebajas,Chaquetas,Anorak,42,Blanco,2,120,240,No
2025-01-14,Bilbao,Publicidad,Jerseys,Forro Polar,38,Verde,2,80,160,Sí
2025-01-17,Vitoria,Publicidad,Chaquetas,Anorak,38,Rojo,5,120,600,No
2025-01-12,Donostia,Publicidad,Sportwear,Mallas,38,Negro,5,45,225,Sí
2025-01-05,Donostia,Rebajas,Pantalones,Chándal,L,Negro,2,60,120,Sí
2025-01-23,Bilbao,Rebajas,Pantalones,Montaña,M,Rojo,5,90,450,Sí
2025-01-23,Pamplona,Publicidad,Pantalones,Montaña,42,Rojo,4,90,360,No
2025-01-20,Pamplona,Rebajas,Chaquetas,Anorak,44,Rojo,1,120,120,No
2025-01-18,Bilbao,Publicidad,Jerseys,Chaqueta de Lana,38,Verde,1,130,130,Sí
2025-01-18,Bilbao,Publicidad,Calzado,Sandalias,42,Blanco,2,40,80,Sí
2025-01-12,Bilbao,Publicidad,Calzado,Zapatillas,42,Rojo,5,75,375,No
2025-01-20,Vitoria,Rebajas,Jerseys,Chaqueta de Lana,38,Azul,2,130,260,Sí
2025-01-18,Vitoria,Publicidad,Sportwear,Térmica,XL,Gris,3,55,165,Sí
2025-01-08,Pamplona,Rebajas,Chaquetas,Plumífero,XL,Gris,2,150,300,Sí
2025-01-20,Vitoria,Publicidad,Sportwear,Mallas,40,Rojo,4,45,180,No
2025-01-10,Vitoria,Publicidad,Calzado,Botas,40,Blanco,5,110,550,No
2025-01-08,Pamplona,Publicidad,Calzado,Zapatillas,S,Negro,3,75,225,No
2025-01-20,Pamplona,Rebajas,Calzado,Zapatillas,38,Rojo,2,75,150,No
2025-01-27,Donostia,Publicidad,Pantalones,Montaña,S,Gris,2,90,180,No
2025-01-14,Bilbao,Publicidad,Chaquetas,Plumífero,38,Negro,5,150,750,No
2025-01-01,Pamplona,Publicidad,Jerseys,Chaqueta de Lana,42,Rojo,3,130,390,No
2025-01-10,Donostia,Publicidad,Sportwear,Camisetas,40,Negro,5,30,150,Sí
2025-01-20,Bilbao,Rebajas,Chaquetas,Plumífero,40,Azul,4,150,600,Sí
2025-01-04,Bilbao,Rebajas,Chaquetas,Anorak,L,Blanco,1,120,120,Sí
2025-01-10,Vitoria,Rebajas,Jerseys,Chaqueta de Lana,M,Azul,5,130,650,No
2025-01-12,Bilbao,Publicidad,Calzado,Zapatillas,S,Azul,1,75,75,Sí
2025-01-20,Donostia,Rebajas,Calzado,Zapatillas,S,Negro,2,75,150,Sí
2025-01-02,Vitoria,Rebajas,Sportwear,Térmica,M,Blanco,2,55,110,No
2025-01-05,Pamplona,Publicidad,Sportwear,Camisetas,42,Rojo,1,30,30,No
2025-01-02,Pamplona,Rebajas,Chaquetas,Plumífero,40,Rojo,5,150,750,Sí
2025-01-26,Donostia,Rebajas,Jerseys,Forro Polar,42,Negro,4,80,320,Sí
2025-01-26,Vitoria,Publicidad,Calzado,Zapatillas,L,Gris,4,75,300,Sí
2025-01-20,Pamplona,Publicidad,Calzado,Sandalias,L,Gris,1,40,40,No
2025-01-15,Bilbao,Rebajas,Pantalones,Chándal,L,Rojo,4,60,240,Sí
2025-01-11,Pamplona,Rebajas,Chaquetas,Anorak,38,Verde,4,120,480,No
2025-01-13,Pamplona,Rebajas,Calzado,Botas,XL,Verde,5,110,550,Sí
2025-01-18,Donostia,Publicidad,Chaquetas,Plumífero,40,Verde,1,150,150,Sí
2025-01-20,Bilbao,Rebajas,Jerseys,Chaqueta de Lana,M,Azul,4,130,520,No
2025-01-25,Bilbao,Publicidad,Chaquetas,Anorak,L,Gris,5,120,600,No
2025-01-06,Bilbao,Rebajas,Calzado,Zapatillas,40,Azul,2,75,150,No
2025-01-06,Bilbao,Publicidad,Sportwear,Camisetas,38,Azul,1,30,30,No
2025-01-18,Vitoria,Rebajas,Pantalones,Montaña,40,Gris,3,90,270,Sí
2025-01-24,Donostia,Publicidad,Pantalones,Montaña,44,Gris,1,90,90,Sí
2025-01-18,Pamplona,Rebajas,Jerseys,Chaqueta de Lana,XL,Verde,5,130,650,No
2025-01-11,Bilbao,Rebajas,Sportwear,Térmica,S,Verde,5,55,275,No
2025-01-28,Donostia,Rebajas,Pantalones,Chándal,M,Azul,2,60,120,Sí
2025-01-05,Vitoria,Publicidad,Calzado,Zapatillas,XL,Verde,1,75,75,No
2025-01-11,Vitoria,Rebajas,Pantalones,Chándal,M,Negro,5,60,300,Sí
2025-01-08,Pamplona,Rebajas,Pantalones,Montaña,38,Gris,5,90,450,No
2025-01-18,Vitoria,Publicidad,Chaquetas,Anorak,40,Blanco,1,120,120,No
2025-01-27,Pamplona,Rebajas,Chaquetas,Anorak,42,Gris,3,120,360,Sí
2025-01-10,Bilbao,Publicidad,Calzado,Sandalias,42,Negro,5,40,200,Sí
2025-01-17,Pamplona,Rebajas,Sportwear,Térmica,42,Rojo,5,55,275,No
2025-01-07,Donostia,Publicidad,Calzado,Sandalias,40,Verde,4,40,160,No
2025-01-09,Vitoria,Publicidad,Jerseys,Forro Polar,XL,Negro,4,80,320,No
2025-01-10,Bilbao,Publicidad,Jerseys,Chaqueta de Lana,44,Azul,5,130,650,No
2025-01-28,Pamplona,Publicidad,Jerseys,Chaqueta de Lana,38,Azul,2,130,260,No
2025-01-25,Vitoria,Rebajas,Calzado,Sandalias,40,Verde,2,40,80,No
2025-01-08,Vitoria,Rebajas,Jerseys,Chaqueta de Lana,38,Negro,1,130,130,No
2025-01-24,Bilbao,Publicidad,Chaquetas,Anorak,44,Rojo,1,120,120,No
2025-01-01,Pamplona,Rebajas,Sportwear,Mallas,M,Azul,5,45,225,Sí
2025-01-08,Bilbao,Rebajas,Chaquetas,Plumífero,40,Rojo,3,150,450,Sí
2025-01-20,Bilbao,Publicidad,Calzado,Zapatillas,42,Blanco,5,75,375,Sí
2025-01-28,Bilbao,Rebajas,Chaquetas,Anorak,M,Blanco,2,120,240,Sí
2025-01-09,Pamplona,Publicidad,Jerseys,Forro Polar,S,Azul,2,80,160,No
2025-01-27,Bilbao,Rebajas,Calzado,Botas,S,Negro,3,110,330,No
2025-01-25,Bilbao,Rebajas,Jerseys,Chaqueta de Lana,L,Verde,3,130,390,No
2025-01-07,Pamplona,Publicidad,Jerseys,Forro Polar,44,Blanco,2,80,160,Sí
2025-01-20,Bilbao,Rebajas,Jerseys,Chaqueta de Lana,S,Rojo,3,130,390,No
2025-01-26,Donostia,Rebajas,Sportwear,Mallas,44,Gris,2,45,90,No
2025-01-26,Bilbao,Publicidad,Chaquetas,Plumífero,XL,Negro,1,150,150,Sí
2025-01-24,Vitoria,Rebajas,Pantalones,Montaña,42,Negro,5,90,450,No
2025-01-07,Vitoria,Rebajas,Chaquetas,Anorak,S,Negro,3,120,360,No
2025-01-18,Vitoria,Publicidad,Pantalones,Chándal,XL,Blanco,5,60,300,No
2025-01-24,Bilbao,Rebajas,Pantalones,Chándal,S,Gris,2,60,120,Sí
2025-01-01,Pamplona,Publicidad,Chaquetas,Plumífero,40,Verde,1,150,150,Sí
2025-01-27,Donostia,Rebajas,Chaquetas,Anorak,42,Gris,3,120,360,No
2025-01-08,Bilbao,Rebajas,Chaquetas,Anorak,L,Blanco,3,120,360,Sí
2025-01-10,Pamplona,Rebajas,Jerseys,Forro Polar,40,Gris,3,80,240,No
2025-01-22,Donostia,Publicidad,Pantalones,Montaña,S,Negro,5,90,450,Sí
2025-01-24,Bilbao,Publicidad,Chaquetas,Anorak,L,Azul,4,120,480,No
2025-01-21,Bilbao,Rebajas,Calzado,Sandalias,40,Blanco,3,40,120,Sí
2025-01-24,Pamplona,Rebajas,Calzado,Zapatillas,S,Negro,1,75,75,Sí
2025-01-02,Bilbao,Publicidad,Calzado,Zapatillas,L,Negro,2,75,150,Sí
2025-01-09,Vitoria,Rebajas,Sportwear,Mallas,40,Verde,4,45,180,Sí
2025-01-11,Pamplona,Rebajas,Calzado,Sandalias,M,Verde,1,40,40,Sí
2025-01-18,Bilbao,Publicidad,Calzado,Zapatillas,XL,Rojo,1,75,75,Sí
2025-01-21,Donostia,Publicidad,Pantalones,Chándal,L,Blanco,5,60,300,No
2025-01-10,Bilbao,Rebajas,Sportwear,Térmica,44,Azul,3,55,165,Sí
2025-01-07,Pamplona,Rebajas,Calzado,Botas,38,Verde,2,110,220,No
2025-01-10,Donostia,Rebajas,Sportwear,Camisetas,L,Blanco,4,30,120,No
2025-01-19,Bilbao,Publicidad,Pantalones,Chándal,38,Negro,4,60,240,No
2025-01-15,Bilbao,Rebajas,Jerseys,Forro Polar,42,Gris,4,80,320,Sí
2025-01-10,Pamplona,Rebajas,Calzado,Zapatillas,L,Negro,1,75,75,No
2025-01-26,Vitoria,Publicidad,Calzado,Zapatillas,44,Gris,4,75,300,No
2025-01-20,Vitoria,Publicidad,Sportwear,Térmica,38,Blanco,5,55,275,Sí
2025-01-24,Pamplona,Rebajas,Sportwear,Mallas,42,Gris,1,45,45,Sí
2025-01-24,Bilbao,Rebajas,Calzado,Botas,S,Rojo,4,110,440,Sí
2025-01-26,Vitoria,Rebajas,Sportwear,Camisetas,42,Gris,1,30,30,Sí
2025-01-21,Bilbao,Publicidad,Pantalones,Chándal,40,Azul,3,60,180,No
2025-01-07,Donostia,Publicidad,Sportwear,Térmica,42,Azul,1,55,55,No
2025-01-03,Donostia,Publicidad,Chaquetas,Anorak,S,Verde,1,120,120,No
2025-01-20,Bilbao,Publicidad,Jerseys,Forro Polar,44,Rojo,1,80,80,Sí
2025-01-05,Donostia,Rebajas,Jerseys,Chaqueta de Lana,XL,Gris,5,130,650,No
2025-01-05,Vitoria,Publicidad,Pantalones,Montaña,42,Gris,5,90,450,Sí
2025-01-15,Donostia,Publicidad,Calzado,Sandalias,M,Negro,5,40,200,No
2025-01-04,Vitoria,Rebajas,Chaquetas,Anorak,L,Azul,4,120,480,Sí
2025-01-13,Bilbao,Rebajas,Calzado,Botas,42,Gris,1,110,110,No
2025-01-15,Vitoria,Publicidad,Calzado,Zapatillas,38,Gris,5,75,375,No
2025-01-20,Vitoria,Rebajas,Chaquetas,Anorak,L,Azul,3,120,360,No
2025-01-15,Donostia,Publicidad,Sportwear,Camisetas,40,Blanco,5,30,150,No
2025-01-28,Vitoria,Publicidad,Pantalones,Montaña,M,Gris,3,90,270,No
2025-01-28,Pamplona,Publicidad,Jerseys,Chaqueta de Lana,L,Verde,4,130,520,Sí
2025-01-16,Donostia,Publicidad,Jerseys,Forro Polar,44,Negro,3,80,240,Sí
2025-01-23,Vitoria,Rebajas,Jerseys,Forro Polar,38,Verde,5,80,400,Sí
2025-01-19,Vitoria,Rebajas,Pantalones,Montaña,S,Azul,2,90,180,Sí
2025-01-27,Vitoria,Rebajas,Calzado,Sandalias,S,Blanco,4,40,160,Sí
2025-01-16,Donostia,Rebajas,Chaquetas,Plumífero,38,Negro,1,150,150,Sí
2025-01-15,Donostia,Rebajas,Chaquetas,Anorak,M,Blanco,4,120,480,No
2025-01-23,Vitoria,Publicidad,Pantalones,Montaña,XL,Azul,5,90,450,Sí
2025-01-13,Bilbao,Rebajas,Sportwear,Camisetas,38,Blanco,5,30,150,No
2025-01-18,Vitoria,Publicidad,Jerseys,Chaqueta de Lana,40,Rojo,3,130,390,Sí
2025-01-11,Vitoria,Publicidad,Pantalones,Chándal,S,Blanco,2,60,120,Sí
2025-01-06,Donostia,Publicidad,Chaquetas,Plumífero,L,Verde,5,150,750,No
2025-01-12,Pamplona,Rebajas,Chaquetas,Plumífero,40,Gris,4,150,600,Sí
2025-01-03,Donostia,Rebajas,Sportwear,Mallas,S,Negro,5,45,225,Sí
2025-01-27,Pamplona,Publicidad,Jerseys,Chaqueta de Lana,44,Gris,3,130,390,Sí
2025-01-22,Pamplona,Rebajas,Sportwear,Camisetas,38,Blanco,3,30,90,Sí
2025-01-28,Bilbao,Publicidad,Sportwear,Camisetas,38,Verde,5,30,150,Sí
2025-01-09,Bilbao,Publicidad,Sportwear,Camisetas,38,Rojo,4,30,120,Sí
2025-01-07,Donostia,Publicidad,Chaquetas,Anorak,42,Rojo,2,120,240,Sí
2025-01-28,Pamplona,Rebajas,Pantalones,Montaña,42,Verde,3,90,270,Sí
2025-01-01,Vitoria,Publicidad,Jerseys,Chaqueta de Lana,38,Azul,3,130,390,No
2025-01-17,Donostia,Rebajas,Jerseys,Forro Polar,42,Negro,4,80,320,Sí
2025-01-14,Pamplona,Rebajas,Sportwear,Térmica,L,Verde,1,55,55,No
2025-01-20,Vitoria,Rebajas,Pantalones,Montaña,S,Azul,4,90,360,No
2025-01-02,Bilbao,Rebajas,Jerseys,Chaqueta de Lana,XL,Negro,1,130,130,Sí
2025-01-27,Donostia,Publicidad,Calzado,Botas,L,Blanco,4,110,440,Sí
2025-01-26,Donostia,Rebajas,Sportwear,Camisetas,XL,Verde,5,30,150,No
2025-01-24,Pamplona,Publicidad,Chaquetas,Plumífero,L,Gris,5,150,750,Sí
2025-01-13,Pamplona,Rebajas,Sportwear,Camisetas,S,Azul,2,30,60,No
2025-01-23,Vitoria,Publicidad,Calzado,Sandalias,M,Verde,3,40,120,Sí
2025-01-08,Donostia,Rebajas,Sportwear,Mallas,40,Rojo,4,45,180,No
2025-01-21,Vitoria,Rebajas,Chaquetas,Plumífero,S,Verde,4,150,600,Sí
2025-01-04,Vitoria,Rebajas,Pantalones,Chándal,XL,Azul,1,60,60,No
2025-01-19,Vitoria,Rebajas,Calzado,Zapatillas,42,Rojo,5,75,375,No
2025-01-14,Bilbao,Publicidad,Calzado,Botas,38,Verde,2,110,220,Sí
2025-01-12,Bilbao,Publicidad,Calzado,Botas,M,Rojo,2,110,220,Sí
2025-01-12,Bilbao,Rebajas,Sportwear,Mallas,40,Verde,2,45,90,Sí
2025-01-15,Pamplona,Rebajas,Calzado,Zapatillas,42,Negro,3,75,225,No
2025-01-17,Pamplona,Publicidad,Calzado,Sandalias,44,Verde,1,40,40,Sí
2025-01-13,Donostia,Rebajas,Calzado,Zapatillas,42,Gris,3,75,225,No
2025-01-08,Pamplona,Publicidad,Jerseys,Chaqueta de Lana,42,Rojo,4,130,520,Sí
2025-01-08,Pamplona,Rebajas,Sportwear,Camisetas,38,Azul,4,30,120,No
2025-01-25,Pamplona,Rebajas,Jerseys,Chaqueta de Lana,38,Azul,4,130,520,No
2025-01-25,Bilbao,Publicidad,Jerseys,Chaqueta de Lana,40,Gris,3,130,390,Sí
2025-01-06,Vitoria,Publicidad,Jerseys,Forro Polar,S,Azul,4,80,320,Sí
2025-01-24,Bilbao,Publicidad,Pantalones,Montaña,42,Verde,5,90,450,No
2025-01-19,Donostia,Rebajas,Jerseys,Forro Polar,XL,Azul,5,80,400,Sí
2025-01-22,Donostia,Publicidad,Sportwear,Camisetas,40,Gris,3,30,90,Sí
2025-01-01,Donostia,Publicidad,Jerseys,Chaqueta de Lana,M,Blanco,2,130,260,Sí
2025-01-16,Donostia,Rebajas,Sportwear,Camisetas,L,Negro,4,30,120,Sí
2025-01-28,Vitoria,Publicidad,Calzado,Botas,M,Blanco,2,110,220,Sí
2025-01-21,Bilbao,Rebajas,Chaquetas,Plumífero,S,Azul,4,150,600,Sí
2025-01-03,Donostia,Publicidad,Chaquetas,Plumífero,42,Blanco,5,150,750,No
2025-01-27,Pamplona,Publicidad,Calzado,Zapatillas,S,Gris,5,75,375,No
2025-01-22,Vitoria,Publicidad,Jerseys,Forro Polar,M,Azul,1,80,80,Sí
2025-01-19,Vitoria,Rebajas,Jerseys,Forro Polar,42,Gris,5,80,400,Sí
2025-01-02,Pamplona,Publicidad,Chaquetas,Anorak,M,Blanco,4,120,480,No
2025-01-08,Pamplona,Publicidad,Jerseys,Forro Polar,L,Azul,5,80,400,Sí
2025-01-19,Bilbao,Publicidad,Sportwear,Térmica,44,Rojo,4,55,220,No
2025-01-26,Donostia,Rebajas,Chaquetas,Anorak,38,Verde,3,120,360,Sí
2025-01-01,Bilbao,Rebajas,Chaquetas,Plumífero,L,Azul,1,150,150,Sí
2025-01-19,Bilbao,Publicidad,Chaquetas,Plumífero,42,Blanco,3,150,450,No
2025-01-01,Pamplona,Publicidad,Pantalones,Chándal,44,Verde,4,60,240,Sí
2025-01-13,Pamplona,Publicidad,Calzado,Sandalias,L,Blanco,2,40,80,No
2025-01-21,Bilbao,Publicidad,Sportwear,Camisetas,44,Negro,2,30,60,No
2025-01-16,Donostia,Publicidad,Pantalones,Montaña,M,Negro,1,90,90,Sí
2025-01-02,Donostia,Publicidad,Chaquetas,Anorak,M,Blanco,1,120,120,Sí
2025-01-03,Donostia,Rebajas,Pantalones,Montaña,M,Blanco,3,90,270,No
2025-01-03,Donostia,Rebajas,Sportwear,Térmica,38,Blanco,2,55,110,No
2025-01-13,Pamplona,Rebajas,Jerseys,Forro Polar,XL,Rojo,2,80,160,No
2025-01-17,Pamplona,Rebajas,Chaquetas,Plumífero,XL,Gris,1,150,150,Sí
2025-01-01,Vitoria,Rebajas,Calzado,Botas,XL,Azul,4,110,440,No
2025-01-01,Vitoria,Publicidad,Calzado,Zapatillas,42,Verde,3,75,225,No
2025-01-18,Vitoria,Publicidad,Jerseys,Forro Polar,38,Azul,4,80,320,Sí
2025-01-09,Bilbao,Publicidad,Sportwear,Camisetas,L,Negro,5,30,150,No
2025-01-28,Pamplona,Publicidad,Chaquetas,Plumífero,XL,Gris,3,150,450,Sí
2025-01-28,Vitoria,Publicidad,Sportwear,Térmica,S,Blanco,3,55,165,No
2025-01-10,Donostia,Publicidad,Jerseys,Forro Polar,XL,Negro,5,80,400,No
2025-01-11,Vitoria,Rebajas,Pantalones,Montaña,XL,Negro,4,90,360,Sí
2025-01-05,Bilbao,Publicidad,Calzado,Sandalias,40,Rojo,3,40,120,Sí
2025-01-01,Donostia,Publicidad,Sportwear,Mallas,38,Verde,4,45,180,Sí
2025-01-09,Bilbao,Publicidad,Calzado,Zapatillas,M,Verde,2,75,150,No
2025-01-21,Donostia,Publicidad,Pantalones,Chándal,L,Verde,3,60,180,Sí
2025-01-16,Bilbao,Publicidad,Jerseys,Forro Polar,38,Rojo,4,80,320,No
2025-01-04,Bilbao,Rebajas,Sportwear,Camisetas,40,Negro,3,30,90,No
2025-01-23,Pamplona,Publicidad,Chaquetas,Plumífero,S,Azul,5,150,750,Sí
2025-01-20,Bilbao,Rebajas,Pantalones,Montaña,S,Negro,4,90,360,Sí
2025-01-16,Pamplona,Publicidad,Sportwear,Térmica,XL,Verde,4,55,220,No
2025-01-14,Bilbao,Rebajas,Calzado,Zapatillas,38,Rojo,3,75,225,No
2025-01-07,Donostia,Publicidad,Calzado,Botas,XL,Verde,4,110,440,Sí
2025-01-17,Donostia,Rebajas,Chaquetas,Plumífero,42,Rojo,5,150,750,No
2025-01-02,Vitoria,Publicidad,Calzado,Sandalias,M,Negro,1,40,40,Sí
2025-01-02,Bilbao,Publicidad,Pantalones,Montaña,XL,Verde,1,90,90,No
2025-01-20,Vitoria,Rebajas,Pantalones,Chándal,42,Azul,4,60,240,No
2025-01-13,Bilbao,Publicidad,Pantalones,Chándal,L,Gris,2,60,120,Sí
2025-01-13,Vitoria,Publicidad,Calzado,Sandalias,40,Blanco,1,40,40,No
2025-01-08,Vitoria,Rebajas,Calzado,Zapatillas,L,Negro,2,75,150,No
2025-01-11,Pamplona,Publicidad,Chaquetas,Anorak,XL,Blanco,2,120,240,No
2025-01-16,Pamplona,Publicidad,Pantalones,Montaña,44,Negro,3,90,270,Sí
2025-01-19,Donostia,Rebajas,Pantalones,Chándal,44,Gris,1,60,60,No
2025-01-09,Vitoria,Publicidad,Chaquetas,Anorak,42,Negro,4,120,480,Sí
2025-01-19,Bilbao,Rebajas,Sportwear,Camisetas,44,Negro,2,30,60,Sí
2025-01-07,Bilbao,Publicidad,Pantalones,Montaña,38,Verde,3,90,270,Sí
2025-01-10,Bilbao,Rebajas,Sportwear,Mallas,XL,Blanco,5,45,225,No
2025-01-16,Pamplona,Rebajas,Calzado,Sandalias,42,Blanco,5,40,200,No
2025-01-28,Donostia,Rebajas,Calzado,Sandalias,L,Gris,5,40,200,No
2025-01-05,Vitoria,Publicidad,Chaquetas,Plumífero,XL,Gris,4,150,600,Sí
2025-01-07,Donostia,Rebajas,Chaquetas,Anorak,44,Rojo,1,120,120,Sí
2025-01-23,Vitoria,Rebajas,Jerseys,Chaqueta de Lana,M,Blanco,3,130,390,No
2025-01-01,Donostia,Rebajas,Sportwear,Mallas,38,Gris,1,45,45,Sí
2025-01-14,Donostia,Publicidad,Jerseys,Chaqueta de Lana,44,Verde,5,130,650,Sí
2025-01-02,Vitoria,Publicidad,Pantalones,Chándal,S,Gris,5,60,300,Sí
2025-01-23,Pamplona,Rebajas,Calzado,Botas,XL,Verde,2,110,220,No
2025-01-03,Vitoria,Rebajas,Jerseys,Chaqueta de Lana,L,Negro,2,130,260,Sí
2025-01-22,Vitoria,Rebajas,Pantalones,Chándal,38,Negro,3,60,180,No
2025-01-16,Vitoria,Rebajas,Sportwear,Camisetas,38,Verde,4,30,120,No
2025-01-04,Donostia,Publicidad,Calzado,Botas,XL,Negro,2,110,220,Sí
2025-01-25,Vitoria,Rebajas,Jerseys,Forro Polar,40,Negro,1,80,80,No
2025-01-09,Bilbao,Rebajas,Sportwear,Mallas,44,Verde,4,45,180,Sí
2025-01-14,Vitoria,Publicidad,Jerseys,Forro Polar,42,Verde,2,80,160,Sí
2025-01-28,Pamplona,Publicidad,Sportwear,Mallas,40,Blanco,2,45,90,No
2025-01-10,Donostia,Publicidad,Sportwear,Mallas,XL,Blanco,1,45,45,Sí
2025-01-10,Pamplona,Publicidad,Pantalones,Chándal,XL,Azul,5,60,300,No
2025-01-03,Pamplona,Publicidad,Chaquetas,Plumífero,42,Negro,3,150,450,Sí
2025-01-19,Donostia,Publicidad,Sportwear,Térmica,S,Blanco,1,55,55,Sí
2025-01-26,Vitoria,Publicidad,Chaquetas,Plumífero,44,Blanco,2,150,300,Sí
2025-01-08,Bilbao,Publicidad,Chaquetas,Plumífero,38,Gris,5,150,750,No
2025-01-12,Bilbao,Rebajas,Sportwear,Térmica,XL,Azul,5,55,275,Sí
2025-01-14,Pamplona,Rebajas,Sportwear,Mallas,42,Rojo,4,45,180,Sí
2025-01-28,Bilbao,Rebajas,Pantalones,Montaña,XL,Blanco,4,90,360,Sí
2025-01-19,Pamplona,Publicidad,Calzado,Botas,42,Azul,4,110,440,No
2025-01-17,Pamplona,Rebajas,Chaquetas,Plumífero,40,Blanco,4,150,600,Sí
2025-01-28,Vitoria,Publicidad,Chaquetas,Anorak,42,Negro,3,120,360,No
2025-01-02,Donostia,Publicidad,Sportwear,Camisetas,XL,Rojo,1,30,30,No
2025-01-06,Donostia,Publicidad,Calzado,Zapatillas,44,Blanco,4,75,300,Sí
2025-01-06,Bilbao,Rebajas,Pantalones,Chándal,XL,Negro,1,60,60,Sí
2025-01-24,Donostia,Rebajas,Calzado,Zapatillas,XL,Gris,3,75,225,No
2025-01-05,Vitoria,Rebajas,Calzado,Zapatillas,38,Negro,4,75,300,Sí
2025-01-03,Vitoria,Rebajas,Sportwear,Camisetas,38,Azul,4,30,120,Sí
2025-01-23,Vitoria,Rebajas,Sportwear,Camisetas,M,Rojo,2,30,60,Sí
2025-01-14,Donostia,Publicidad,Chaquetas,Plumífero,44,Rojo,3,150,450,No
2025-01-19,Vitoria,Rebajas,Chaquetas,Anorak,44,Azul,4,120,480,Sí
2025-01-23,Donostia,Rebajas,Sportwear,Mallas,S,Negro,4,45,180,No
2025-01-06,Donostia,Rebajas,Calzado,Botas,38,Verde,4,110,440,Sí
2025-01-14,Pamplona,Publicidad,Sportwear,Térmica,40,Negro,3,55,165,Sí
2025-01-05,Bilbao,Publicidad,Calzado,Sandalias,44,Negro,3,40,120,No
2025-01-27,Vitoria,Rebajas,Jerseys,Chaqueta de Lana,42,Rojo,3,130,390,No
2025-01-26,Vitoria,Rebajas,Calzado,Sandalias,XL,Azul,4,40,160,Sí
2025-01-04,Donostia,Publicidad,Calzado,Botas,XL,Verde,1,110,110,Sí
2025-01-13,Pamplona,Rebajas,Calzado,Zapatillas,L,Verde,3,75,225,Sí
2025-01-05,Bilbao,Publicidad,Calzado,Botas,S,Verde,2,110,220,No
2025-01-25,Vitoria,Publicidad,Jerseys,Forro Polar,40,Verde,1,80,80,No
2025-01-13,Bilbao,Rebajas,Calzado,Sandalias,L,Negro,2,40,80,Sí
2025-01-03,Vitoria,Publicidad,Calzado,Zapatillas,42,Rojo,4,75,300,Sí
2025-01-05,Vitoria,Rebajas,Calzado,Sandalias,40,Azul,2,40,80,Sí
2025-01-05,Donostia,Rebajas,Sportwear,Térmica,40,Azul,3,55,165,Sí
2025-01-22,Donostia,Publicidad,Pantalones,Chándal,M,Gris,5,60,300,No
2025-01-08,Pamplona,Publicidad,Chaquetas,Plumífero,42,Azul,1,150,150,Sí
2025-01-09,Vitoria,Rebajas,Chaquetas,Plumífero,42,Verde,3,150,450,Sí
2025-01-09,Vitoria,Publicidad,Sportwear,Térmica,38,Blanco,3,55,165,No
2025-01-08,Pamplona,Rebajas,Calzado,Sandalias,L,Azul,3,40,120,Sí
2025-01-25,Donostia,Publicidad,Sportwear,Mallas,44,Gris,2,45,90,No
2025-01-12,Bilbao,Publicidad,Jerseys,Chaqueta de Lana,44,Rojo,3,130,390,Sí
2025-01-06,Pamplona,Rebajas,Chaquetas,Anorak,L,Azul,5,120,600,Sí
2025-01-16,Bilbao,Publicidad,Calzado,Sandalias,40,Blanco,3,40,120,No
2025-01-24,Donostia,Publicidad,Calzado,Zapatillas,XL,Gris,4,75,300,No
2025-01-05,Bilbao,Publicidad,Sportwear,Camisetas,44,Negro,4,30,120,Sí
2025-01-09,Vitoria,Rebajas,Calzado,Botas,38,Blanco,2,110,220,No
2025-01-03,Donostia,Publicidad,Sportwear,Mallas,L,Azul,3,45,135,No
2025-01-08,Pamplona,Publicidad,Jerseys,Chaqueta de Lana,44,Azul,1,130,130,Sí
2025-01-02,Vitoria,Publicidad,Calzado,Botas,44,Gris,2,110,220,Sí
2025-01-06,Bilbao,Publicidad,Pantalones,Montaña,40,Blanco,1,90,90,No
2025-01-03,Donostia,Rebajas,Pantalones,Chándal,S,Azul,3,60,180,Sí
2025-01-06,Bilbao,Rebajas,Sportwear,Mallas,L,Blanco,3,45,135,No
2025-01-26,Vitoria,Publicidad,Jerseys,Forro Polar,40,Azul,4,80,320,No
2025-01-11,Bilbao,Rebajas,Sportwear,Térmica,S,Verde,4,55,220,No
2025-01-06,Donostia,Publicidad,Calzado,Botas,40,Azul,3,110,330,No
2025-01-25,Pamplona,Rebajas,Calzado,Zapatillas,M,Negro,1,75,75,No
2025-01-04,Donostia,Rebajas,Jerseys,Forro Polar,42,Gris,1,80,80,Sí
2025-01-03,Bilbao,Publicidad,Sportwear,Mallas,S,Blanco,1,45,45,Sí
2025-01-24,Bilbao,Rebajas,Sportwear,Camisetas,44,Blanco,5,30,150,No
2025-01-15,Donostia,Rebajas,Sportwear,Camisetas,44,Gris,3,30,90,Sí
2025-01-16,Vitoria,Rebajas,Sportwear,Térmica,44,Azul,1,55,55,No
2025-01-02,Vitoria,Rebajas,Calzado,Zapatillas,S,Negro,2,75,150,Sí
2025-01-06,Donostia,Publicidad,Jerseys,Chaqueta de Lana,L,Rojo,1,130,130,Sí
2025-01-05,Pamplona,Rebajas,Calzado,Sandalias,44,Blanco,5,40,200,Sí
2025-01-01,Donostia,Rebajas,Calzado,Sandalias,XL,Negro,4,40,160,No
2025-01-20,Bilbao,Rebajas,Calzado,Sandalias,S,Azul,5,40,200,Sí
2025-01-05,Vitoria,Rebajas,Pantalones,Chándal,XL,Blanco,3,60,180,No
2025-01-04,Bilbao,Publicidad,Calzado,Zapatillas,38,Gris,4,75,300,Sí
2025-01-22,Bilbao,Publicidad,Jerseys,Forro Polar,L,Blanco,1,80,80,Sí
2025-01-16,Bilbao,Rebajas,Sportwear,Mallas,L,Azul,5,45,225,Sí
2025-01-12,Vitoria,Publicidad,Sportwear,Térmica,38,Azul,4,55,220,Sí
2025-01-27,Pamplona,Publicidad,Chaquetas,Plumífero,44,Rojo,1,150,150,Sí
2025-01-22,Bilbao,Rebajas,Chaquetas,Plumífero,40,Gris,2,150,300,No
2025-01-19,Donostia,Rebajas,Sportwear,Camisetas,42,Rojo,1,30,30,Sí
2025-01-13,Bilbao,Rebajas,Pantalones,Chándal,44,Negro,1,60,60,No
2025-01-11,Pamplona,Publicidad,Calzado,Zapatillas,S,Gris,3,75,225,Sí
2025-01-26,Donostia,Rebajas,Pantalones,Chándal,XL,Azul,3,60,180,No
2025-01-15,Donostia,Publicidad,Sportwear,Mallas,S,Verde,2,45,90,No
2025-01-20,Vitoria,Rebajas,Pantalones,Montaña,44,Gris,4,90,360,Sí
2025-01-25,Pamplona,Publicidad,Calzado,Botas,M,Azul,2,110,220,No
2025-01-24,Pamplona,Publicidad,Chaquetas,Anorak,M,Rojo,5,120,600,Sí
2025-01-03,Bilbao,Publicidad,Jerseys,Chaqueta de Lana,S,Verde,3,130,390,No
2025-01-08,Donostia,Rebajas,Calzado,Botas,40,Gris,5,110,550,No
2025-01-21,Donostia,Publicidad,Pantalones,Montaña,42,Verde,3,90,270,No
2025-01-14,Bilbao,Rebajas,Jerseys,Chaqueta de Lana,42,Verde,4,130,520,No
2025-01-11,Vitoria,Rebajas,Chaquetas,Plumífero,XL,Verde,3,150,450,Sí
2025-01-11,Bilbao,Publicidad,Sportwear,Camisetas,XL,Rojo,1,30,30,No
2025-01-14,Pamplona,Publicidad,Calzado,Sandalias,42,Blanco,5,40,200,Sí
2025-01-13,Bilbao,Rebajas,Pantalones,Montaña,38,Verde,5,90,450,Sí
2025-01-26,Bilbao,Publicidad,Calzado,Botas,M,Azul,1,110,110,Sí
2025-01-06,Vitoria,Publicidad,Calzado,Zapatillas,44,Gris,5,75,375,No
2025-01-08,Bilbao,Publicidad,Sportwear,Camisetas,XL,Blanco,3,30,90,Sí
2025-01-21,Donostia,Publicidad,Pantalones,Montaña,40,Rojo,1,90,90,Sí
2025-01-13,Pamplona,Rebajas,Chaquetas,Plumífero,42,Blanco,3,150,450,Sí
2025-01-17,Bilbao,Rebajas,Pantalones,Chándal,44,Negro,2,60,120,No
2025-01-19,Donostia,Rebajas,Sportwear,Térmica,XL,Rojo,5,55,275,Sí
2025-01-07,Vitoria,Rebajas,Chaquetas,Plumífero,42,Negro,3,150,450,Sí
2025-01-11,Donostia,Rebajas,Calzado,Botas,38,Verde,4,110,440,No
2025-01-15,Pamplona,Publicidad,Sportwear,Térmica,40,Negro,5,55,275,No
2025-01-11,Bilbao,Publicidad,Jerseys,Chaqueta de Lana,44,Gris,1,130,130,No
2025-01-21,Pamplona,Publicidad,Chaquetas,Anorak,44,Azul,4,120,480,No
2025-01-26,Bilbao,Publicidad,Pantalones,Montaña,XL,Verde,1,90,90,Sí
2025-01-25,Vitoria,Publicidad,Jerseys,Forro Polar,XL,Azul,4,80,320,No
2025-01-22,Pamplona,Rebajas,Pantalones,Montaña,XL,Gris,5,90,450,No
2025-01-08,Donostia,Rebajas,Sportwear,Mallas,40,Verde,1,45,45,No
2025-01-06,Donostia,Publicidad,Calzado,Sandalias,38,Azul,4,40,160,No
2025-01-18,Bilbao,Rebajas,Chaquetas,Anorak,38,Verde,2,120,240,No
2025-01-23,Bilbao,Rebajas,Calzado,Sandalias,38,Verde,5,40,200,Sí
2025-01-08,Bilbao,Rebajas,Pantalones,Montaña,S,Gris,2,90,180,No
2025-01-12,Donostia,Publicidad,Calzado,Botas,42,Verde,3,110,330,No
2025-01-05,Bilbao,Rebajas,Calzado,Zapatillas,XL,Negro,4,75,300,No
2025-01-16,Donostia,Publicidad,Calzado,Zapatillas,L,Negro,4,75,300,Sí
2025-01-03,Bilbao,Publicidad,Calzado,Zapatillas,XL,Blanco,1,75,75,No
2025-01-21,Donostia,Publicidad,Pantalones,Montaña,42,Blanco,3,90,270,No
2025-01-14,Pamplona,Publicidad,Jerseys,Chaqueta de Lana,S,Negro,4,130,520,No
2025-01-19,Pamplona,Publicidad,Sportwear,Mallas,38,Negro,5,45,225,Sí
2025-01-13,Bilbao,Publicidad,Chaquetas,Anorak,S,Rojo,5,120,600,No
2025-01-11,Vitoria,Rebajas,Pantalones,Montaña,L,Blanco,1,90,90,No
2025-01-09,Pamplona,Publicidad,Calzado,Sandalias,42,Blanco,5,40,200,No
2025-01-26,Donostia,Publicidad,Pantalones,Chándal,44,Verde,5,60,300,Sí
2025-01-18,Pamplona,Publicidad,Calzado,Sandalias,44,Rojo,1,40,40,Sí
2025-01-13,Vitoria,Publicidad,Pantalones,Montaña,42,Blanco,2,90,180,No
2025-01-19,Donostia,Publicidad,Calzado,Zapatillas,38,Azul,5,75,375,Sí
2025-01-23,Donostia,Publicidad,Pantalones,Chándal,40,Verde,5,60,300,No
2025-01-17,Vitoria,Rebajas,Sportwear,Mallas,S,Rojo,3,45,135,No
2025-01-05,Vitoria,Publicidad,Sportwear,Camisetas,44,Gris,3,30,90,No
2025-01-27,Vitoria,Publicidad,Sportwear,Mallas,L,Azul,3,45,135,Sí
2025-01-13,Bilbao,Publicidad,Chaquetas,Anorak,L,Negro,1,120,120,Sí
2025-01-01,Vitoria,Publicidad,Jerseys,Forro Polar,L,Gris,3,80,240,Sí
2025-01-19,Donostia,Rebajas,Calzado,Sandalias,M,Azul,1,40,40,No
2025-01-19,Pamplona,Publicidad,Calzado,Zapatillas,XL,Verde,2,75,150,Sí
2025-01-11,Donostia,Rebajas,Jerseys,Chaqueta de Lana,XL,Negro,1,130,130,No
2025-01-08,Bilbao,Rebajas,Chaquetas,Anorak,XL,Rojo,2,120,240,Sí
2025-01-22,Vitoria,Rebajas,Pantalones,Montaña,40,Rojo,5,90,450,No
2025-01-26,Pamplona,Publicidad,Chaquetas,Plumífero,40,Negro,5,150,750,Sí
2025-01-11,Pamplona,Publicidad,Sportwear,Camisetas,XL,Rojo,3,30,90,Sí
2025-01-15,Pamplona,Publicidad,Jerseys,Forro Polar,M,Verde,3,80,240,No
2025-01-11,Bilbao,Rebajas,Chaquetas,Plumífero,44,Blanco,1,150,150,Sí
2025-01-03,Bilbao,Rebajas,Chaquetas,Anorak,XL,Gris,1,120,120,Sí
2025-01-27,Pamplona,Rebajas,Calzado,Zapatillas,L,Gris,4,75,300,Sí
2025-01-09,Bilbao,Rebajas,Jerseys,Chaqueta de Lana,L,Gris,1,130,130,Sí
2025-01-10,Vitoria,Rebajas,Chaquetas,Anorak,38,Blanco,1,120,120,No
2025-01-13,Donostia,Publicidad,Chaquetas,Anorak,44,Azul,1,120,120,Sí
2025-01-20,Donostia,Rebajas,Sportwear,Camisetas,42,Negro,4,30,120,Sí
2025-01-22,Vitoria,Publicidad,Sportwear,Mallas,40,Negro,1,45,45,No
2025-01-06,Bilbao,Rebajas,Sportwear,Camisetas,44,Verde,4,30,120,Sí
2025-01-15,Bilbao,Publicidad,Chaquetas,Plumífero,42,Rojo,4,150,600,Sí
2025-01-28,Pamplona,Publicidad,Chaquetas,Anorak,XL,Negro,5,120,600,No
2025-01-16,Donostia,Publicidad,Chaquetas,Anorak,S,Negro,5,120,600,Sí
2025-01-07,Donostia,Publicidad,Sportwear,Térmica,XL,Blanco,5,55,275,Sí
2025-01-15,Vitoria,Publicidad,Sportwear,Mallas,S,Gris,3,45,135,No
2025-01-22,Bilbao,Publicidad,Jerseys,Chaqueta de Lana,44,Blanco,4,130,520,No
2025-01-03,Pamplona,Publicidad,Sportwear,Térmica,38,Negro,5,55,275,No
2025-01-24,Bilbao,Publicidad,Pantalones,Chándal,40,Gris,1,60,60,No
2025-01-16,Bilbao,Publicidad,Chaquetas,Plumífero,XL,Negro,2,150,300,No
2025-01-26,Bilbao,Rebajas,Sportwear,Mallas,M,Gris,4,45,180,Sí
2025-01-04,Donostia,Rebajas,Pantalones,Chándal,42,Azul,1,60,60,Sí
2025-01-02,Vitoria,Publicidad,Calzado,Sandalias,40,Verde,5,40,200,Sí
2025-01-21,Pamplona,Rebajas,Pantalones,Montaña,40,Verde,4,90,360,Sí
2025-01-15,Donostia,Publicidad,Pantalones,Montaña,L,Azul,3,90,270,No
2025-01-14,Vitoria,Publicidad,Calzado,Zapatillas,42,Gris,4,75,300,Sí
2025-01-15,Donostia,Rebajas,Jerseys,Forro Polar,XL,Blanco,1,80,80,Sí
2025-01-16,Bilbao,Rebajas,Chaquetas,Anorak,38,Verde,3,120,360,No
2025-01-13,Bilbao,Publicidad,Sportwear,Térmica,S,Blanco,2,55,110,No
2025-01-05,Bilbao,Rebajas,Chaquetas,Plumífero,M,Verde,1,150,150,Sí
2025-01-12,Bilbao,Rebajas,Calzado,Botas,S,Rojo,3,110,330,Sí
2025-01-28,Donostia,Rebajas,Jerseys,Forro Polar,38,Rojo,4,80,320,Sí
2025-01-22,Donostia,Rebajas,Chaquetas,Plumífero,40,Rojo,4,150,600,No
2025-01-09,Pamplona,Publicidad,Sportwear,Térmica,44,Gris,1,55,55,No
2025-01-18,Vitoria,Publicidad,Jerseys,Chaqueta de Lana,42,Verde,3,130,390,No
2025-01-02,Donostia,Publicidad,Pantalones,Chándal,44,Gris,3,60,180,No
2025-01-01,Donostia,Publicidad,Calzado,Sandalias,38,Blanco,2,40,80,Sí
2025-01-02,Vitoria,Rebajas,Sportwear,Térmica,M,Gris,1,55,55,Sí
2025-01-13,Donostia,Rebajas,Pantalones,Chándal,44,Negro,2,60,120,Sí
2025-01-01,Pamplona,Publicidad,Sportwear,Camisetas,S,Verde,4,30,120,Sí
2025-01-12,Bilbao,Rebajas,Chaquetas,Anorak,40,Verde,4,120,480,Sí
2025-01-12,Vitoria,Rebajas,Chaquetas,Plumífero,40,Azul,3,150,450,Sí
2025-01-18,Vitoria,Publicidad,Jerseys,Forro Polar,M,Rojo,2,80,160,No
2025-01-13,Donostia,Rebajas,Sportwear,Térmica,L,Blanco,5,55,275,No
2025-01-17,Vitoria,Publicidad,Sportwear,Mallas,42,Rojo,5,45,225,Sí
2025-01-14,Bilbao,Rebajas,Sportwear,Mallas,44,Gris,3,45,135,Sí
2025-01-26,Bilbao,Publicidad,Pantalones,Montaña,S,Gris,5,90,450,No
2025-01-18,Bilbao,Publicidad,Jerseys,Chaqueta de Lana,40,Blanco,4,130,520,No
2025-01-03,Bilbao,Publicidad,Chaquetas,Anorak,44,Negro,1,120,120,No
2025-01-02,Vitoria,Rebajas,Pantalones,Chándal,38,Gris,2,60,120,Sí
2025-01-17,Donostia,Publicidad,Sportwear,Térmica,42,Azul,4,55,220,No
2025-01-04,Donostia,Rebajas,Calzado,Botas,XL,Negro,3,110,330,No
2025-01-08,Donostia,Publicidad,Sportwear,Térmica,38,Negro,5,55,275,No
2025-01-16,Donostia,Publicidad,Sportwear,Camisetas,M,Verde,2,30,60,No
2025-01-14,Bilbao,Rebajas,Chaquetas,Plumífero,38,Blanco,5,150,750,Sí
2025-01-23,Donostia,Publicidad,Pantalones,Montaña,S,Gris,5,90,450,No
2025-01-07,Donostia,Rebajas,Sportwear,Térmica,38,Gris,5,55,275,Sí
2025-01-18,Donostia,Rebajas,Pantalones,Chándal,42,Rojo,3,60,180,Sí
2025-01-24,Bilbao,Publicidad,Chaquetas,Anorak,L,Blanco,3,120,360,Sí
2025-01-05,Donostia,Publicidad,Calzado,Botas,40,Verde,2,110,220,No
2025-01-07,Bilbao,Publicidad,Sportwear,Camisetas,XL,Azul,2,30,60,Sí
2025-01-04,Bilbao,Rebajas,Sportwear,Mallas,44,Negro,4,45,180,Sí
2025-01-17,Bilbao,Rebajas,Chaquetas,Plumífero,M,Negro,4,150,600,No
2025-01-08,Vitoria,Publicidad,Calzado,Sandalias,42,Blanco,2,40,80,Sí
2025-01-02,Bilbao,Rebajas,Calzado,Sandalias,44,Verde,2,40,80,No
2025-01-06,Vitoria,Publicidad,Pantalones,Chándal,44,Verde,4,60,240,No
2025-01-01,Vitoria,Rebajas,Jerseys,Chaqueta de Lana,42,Blanco,3,130,390,No
2025-01-08,Pamplona,Rebajas,Jerseys,Forro Polar,42,Negro,2,80,160,No
2025-01-15,Donostia,Rebajas,Calzado,Botas,40,Verde,4,110,440,No
2025-01-18,Vitoria,Rebajas,Chaquetas,Plumífero,42,Azul,3,150,450,No
2025-01-05,Vitoria,Publicidad,Sportwear,Camisetas,42,Blanco,5,30,150,Sí
2025-01-21,Donostia,Publicidad,Pantalones,Chándal,40,Verde,3,60,180,No
2025-01-09,Vitoria,Rebajas,Calzado,Botas,M,Azul,2,110,220,No
2025-01-11,Pamplona,Publicidad,Sportwear,Térmica,S,Azul,2,55,110,No
2025-01-10,Pamplona,Publicidad,Pantalones,Chándal,40,Negro,4,60,240,Sí
2025-01-13,Donostia,Rebajas,Calzado,Zapatillas,38,Blanco,2,75,150,No
2025-01-20,Donostia,Publicidad,Pantalones,Chándal,XL,Negro,4,60,240,No
2025-01-21,Donostia,Rebajas,Jerseys,Forro Polar,40,Gris,1,80,80,No
2025-01-24,Bilbao,Publicidad,Sportwear,Térmica,42,Rojo,2,55,110,Sí
2025-01-07,Bilbao,Publicidad,Chaquetas,Anorak,XL,Verde,2,120,240,Sí
2025-01-24,Vitoria,Publicidad,Calzado,Zapatillas,L,Negro,5,75,375,No
2025-01-06,Vitoria,Rebajas,Pantalones,Chándal,40,Rojo,1,60,60,No
2025-01-23,Vitoria,Publicidad,Calzado,Botas,40,Blanco,4,110,440,No
2025-01-13,Bilbao,Rebajas,Pantalones,Montaña,42,Gris,3,90,270,Sí
2025-01-22,Vitoria,Rebajas,Jerseys,Forro Polar,S,Verde,5,80,400,No
2025-01-19,Vitoria,Publicidad,Sportwear,Térmica,38,Gris,2,55,110,No
2025-01-07,Vitoria,Publicidad,Calzado,Botas,40,Rojo,4,110,440,Sí
2025-01-28,Pamplona,Publicidad,Jerseys,Chaqueta de Lana,XL,Gris,2,130,260,No
2025-01-06,Bilbao,Publicidad,Chaquetas,Anorak,M,Gris,1,120,120,Sí
2025-01-05,Bilbao,Rebajas,Pantalones,Montaña,44,Verde,2,90,180,No
2025-01-07,Pamplona,Rebajas,Sportwear,Térmica,44,Rojo,3,55,165,Sí
2025-01-01,Bilbao,Publicidad,Pantalones,Montaña,40,Verde,5,90,450,Sí
2025-01-14,Donostia,Rebajas,Calzado,Zapatillas,S,Gris,4,75,300,No
2025-01-04,Donostia,Rebajas,Calzado,Zapatillas,L,Rojo,5,75,375,Sí
2025-01-24,Vitoria,Rebajas,Chaquetas,Plumífero,L,Negro,1,150,150,No
2025-01-14,Pamplona,Publicidad,Chaquetas,Plumífero,40,Rojo,2,150,300,Sí
2025-01-09,Pamplona,Rebajas,Pantalones,Chándal,M,Gris,2,60,120,Sí
2025-01-22,Donostia,Publicidad,Calzado,Botas,38,Azul,3,110,330,Sí
2025-01-05,Vitoria,Publicidad,Chaquetas,Anorak,S,Azul,4,120,480,No
2025-01-16,Vitoria,Publicidad,Calzado,Sandalias,L,Rojo,5,40,200,No
2025-01-01,Pamplona,Publicidad,Chaquetas,Plumífero,S,Rojo,4,150,600,No
2025-01-09,Pamplona,Publicidad,Calzado,Zapatillas,42,Gris,4,75,300,Sí
2025-01-26,Bilbao,Rebajas,Jerseys,Chaqueta de Lana,XL,Negro,4,130,520,No
2025-01-08,Pamplona,Publicidad,Calzado,Botas,S,Verde,2,110,220,No
2025-01-01,Vitoria,Rebajas,Pantalones,Montaña,38,Blanco,2,90,180,Sí
2025-01-20,Donostia,Publicidad,Sportwear,Térmica,XL,Verde,3,55,165,Sí
2025-01-14,Pamplona,Rebajas,Sportwear,Mallas,S,Gris,5,45,225,Sí
2025-01-22,Pamplona,Rebajas,Chaquetas,Anorak,38,Azul,5,120,600,No
2025-01-24,Pamplona,Rebajas,Jerseys,Forro Polar,42,Verde,5,80,400,Sí
2025-01-07,Pamplona,Publicidad,Sportwear,Térmica,L,Blanco,4,55,220,No
2025-01-10,Pamplona,Publicidad,Jerseys,Forro Polar,40,Gris,5,80,400,No
2025-01-18,Bilbao,Rebajas,Chaquetas,Anorak,42,Negro,1,120,120,Sí
2025-01-14,Pamplona,Rebajas,Chaquetas,Plumífero,S,Blanco,5,150,750,No
2025-01-22,Pamplona,Rebajas,Chaquetas,Plumífero,M,Gris,3,150,450,No
2025-01-16,Donostia,Publicidad,Pantalones,Montaña,XL,Blanco,1,90,90,Sí
2025-01-07,Donostia,Publicidad,Pantalones,Montaña,42,Gris,1,90,90,Sí
2025-01-24,Donostia,Publicidad,Sportwear,Térmica,38,Gris,3,55,165,No
2025-01-24,Pamplona,Publicidad,Sportwear,Mallas,M,Rojo,3,45,135,No
2025-01-22,Vitoria,Rebajas,Sportwear,Térmica,M,Azul,4,55,220,No
2025-01-13,Bilbao,Publicidad,Calzado,Zapatillas,40,Blanco,2,75,150,No
2025-01-18,Pamplona,Rebajas,Calzado,Sandalias,M,Rojo,2,40,80,No
2025-01-04,Bilbao,Publicidad,Calzado,Botas,44,Gris,4,110,440,No
2025-01-27,Donostia,Publicidad,Calzado,Zapatillas,S,Verde,4,75,300,No
2025-01-24,Bilbao,Publicidad,Calzado,Zapatillas,L,Negro,5,75,375,No
2025-01-24,Pamplona,Publicidad,Chaquetas,Plumífero,M,Gris,2,150,300,No
2025-01-22,Donostia,Publicidad,Sportwear,Camisetas,40,Gris,3,30,90,No
2025-01-10,Bilbao,Rebajas,Calzado,Botas,42,Azul,3,110,330,Sí
2025-01-14,Vitoria,Rebajas,Chaquetas,Plumífero,42,Blanco,5,150,750,Sí
2025-01-13,Bilbao,Publicidad,Chaquetas,Plumífero,M,Negro,5,150,750,No
2025-01-26,Donostia,Rebajas,Calzado,Zapatillas,XL,Rojo,1,75,75,Sí
2025-01-12,Vitoria,Rebajas,Calzado,Zapatillas,40,Verde,3,75,225,Sí
2025-01-14,Donostia,Rebajas,Sportwear,Mallas,38,Rojo,1,45,45,No
2025-01-11,Pamplona,Publicidad,Chaquetas,Anorak,S,Verde,2,120,240,No
2025-01-03,Pamplona,Rebajas,Sportwear,Térmica,S,Negro,1,55,55,Sí
2025-01-15,Bilbao,Publicidad,Chaquetas,Anorak,40,Blanco,4,120,480,Sí
2025-01-16,Bilbao,Rebajas,Chaquetas,Anorak,L,Rojo,5,120,600,Sí
2025-01-11,Donostia,Publicidad,Calzado,Sandalias,M,Verde,5,40,200,Sí
2025-01-13,Donostia,Publicidad,Calzado,Sandalias,40,Blanco,3,40,120,Sí
2025-01-15,Bilbao,Rebajas,Sportwear,Camisetas,M,Blanco,5,30,150,No
2025-01-23,Vitoria,Rebajas,Sportwear,Mallas,S,Rojo,4,45,180,No
2025-01-05,Donostia,Rebajas,Jerseys,Forro Polar,38,Blanco,4,80,320,Sí
2025-01-01,Pamplona,Publicidad,Pantalones,Chándal,44,Rojo,1,60,60,No
2025-01-27,Vitoria,Publicidad,Sportwear,Térmica,38,Verde,1,55,55,No
2025-01-10,Donostia,Publicidad,Jerseys,Chaqueta de Lana,L,Negro,5,130,650,Sí
2025-01-03,Donostia,Rebajas,Sportwear,Mallas,S,Gris,3,45,135,No
2025-01-28,Pamplona,Rebajas,Jerseys,Forro Polar,M,Azul,3,80,240,No
2025-01-02,Bilbao,Rebajas,Pantalones,Montaña,40,Blanco,3,90,270,Sí
2025-01-27,Donostia,Publicidad,Sportwear,Mallas,44,Verde,4,45,180,No
2025-01-24,Donostia,Rebajas,Sportwear,Camisetas,S,Verde,5,30,150,No
2025-01-21,Bilbao,Publicidad,Calzado,Sandalias,L,Gris,2,40,80,Sí
2025-01-25,Donostia,Publicidad,Jerseys,Chaqueta de Lana,S,Negro,3,130,390,No
2025-01-05,Pamplona,Rebajas,Calzado,Sandalias,38,Gris,1,40,40,Sí
2025-01-20,Bilbao,Publicidad,Chaquetas,Anorak,44,Gris,3,120,360,Sí
2025-01-12,Pamplona,Rebajas,Calzado,Sandalias,38,Gris,4,40,160,No
2025-01-15,Bilbao,Publicidad,Pantalones,Chándal,44,Verde,5,60,300,No
2025-01-01,Pamplona,Publicidad,Chaquetas,Anorak,40,Azul,4,120,480,No
2025-01-09,Bilbao,Publicidad,Jerseys,Forro Polar,42,Azul,4,80,320,No
2025-01-02,Donostia,Publicidad,Pantalones,Chándal,L,Rojo,4,60,240,No
2025-01-08,Pamplona,Rebajas,Chaquetas,Plumífero,XL,Rojo,4,150,600,Sí
2025-01-28,Donostia,Rebajas,Chaquetas,Plumífero,40,Rojo,1,150,150,No
2025-01-10,Vitoria,Publicidad,Jerseys,Forro Polar,S,Blanco,2,80,160,No
2025-01-20,Vitoria,Publicidad,Calzado,Sandalias,40,Blanco,4,40,160,No
2025-01-28,Pamplona,Rebajas,Sportwear,Mallas,M,Rojo,2,45,90,Sí
2025-01-11,Bilbao,Publicidad,Jerseys,Chaqueta de Lana,44,Azul,3,130,390,No
2025-01-17,Bilbao,Rebajas,Sportwear,Mallas,42,Verde,1,45,45,Sí
2025-01-19,Donostia,Rebajas,Chaquetas,Plumífero,XL,Verde,4,150,600,No
2025-01-25,Pamplona,Publicidad,Sportwear,Térmica,M,Negro,5,55,275,No
2025-01-01,Bilbao,Rebajas,Sportwear,Camisetas,M,Azul,4,30,120,No
2025-01-02,Vitoria,Publicidad,Chaquetas,Plumífero,38,Gris,4,150,600,No
2025-01-06,Donostia,Rebajas,Jerseys,Forro Polar,38,Azul,2,80,160,No
2025-01-27,Vitoria,Publicidad,Jerseys,Forro Polar,38,Negro,5,80,400,No
2025-01-22,Vitoria,Rebajas,Calzado,Zapatillas,S,Blanco,2,75,150,Sí
2025-01-16,Bilbao,Publicidad,Chaquetas,Anorak,M,Negro,5,120,600,Sí
2025-01-09,Donostia,Publicidad,Pantalones,Chándal,38,Rojo,5,60,300,Sí
2025-01-26,Donostia,Publicidad,Jerseys,Chaqueta de Lana,L,Azul,2,130,260,No
2025-01-03,Donostia,Rebajas,Sportwear,Camisetas,XL,Negro,1,30,30,Sí
2025-01-17,Donostia,Publicidad,Chaquetas,Plumífero,XL,Verde,4,150,600,No
2025-01-21,Pamplona,Publicidad,Sportwear,Térmica,38,Verde,3,55,165,No
2025-01-19,Vitoria,Rebajas,Calzado,Sandalias,42,Negro,4,40,160,No
2025-01-04,Donostia,Rebajas,Pantalones,Montaña,L,Verde,5,90,450,Sí
2025-01-09,Bilbao,Publicidad,Calzado,Botas,S,Verde,1,110,110,No
2025-01-13,Bilbao,Rebajas,Sportwear,Térmica,42,Negro,1,55,55,Sí
2025-01-02,Vitoria,Publicidad,Calzado,Sandalias,42,Verde,1,40,40,No
2025-01-10,Vitoria,Publicidad,Calzado,Botas,S,Verde,2,110,220,No
2025-01-06,Vitoria,Rebajas,Jerseys,Chaqueta de Lana,38,Verde,3,130,390,No
2025-01-15,Bilbao,Publicidad,Jerseys,Forro Polar,44,Gris,3,80,240,No
2025-01-11,Donostia,Publicidad,Pantalones,Montaña,L,Azul,5,90,450,No
2025-01-24,Bilbao,Rebajas,Jerseys,Forro Polar,42,Rojo,5,80,400,No
2025-01-25,Pamplona,Rebajas,Jerseys,Chaqueta de Lana,38,Blanco,4,130,520,Sí
2025-01-17,Bilbao,Publicidad,Sportwear,Mallas,38,Rojo,5,45,225,No
2025-01-18,Donostia,Publicidad,Jerseys,Chaqueta de Lana,XL,Blanco,2,130,260,No
2025-01-26,Donostia,Rebajas,Sportwear,Mallas,XL,Rojo,1,45,45,No
2025-01-15,Pamplona,Rebajas,Calzado,Zapatillas,40,Blanco,3,75,225,Sí
2025-01-13,Pamplona,Publicidad,Chaquetas,Anorak,44,Verde,3,120,360,No
2025-01-14,Bilbao,Publicidad,Calzado,Sandalias,38,Blanco,3,40,120,Sí
2025-01-02,Vitoria,Publicidad,Calzado,Sandalias,42,Verde,4,40,160,Sí
2025-01-01,Bilbao,Publicidad,Jerseys,Forro Polar,M,Negro,3,80,240,No
2025-01-07,Bilbao,Rebajas,Chaquetas,Plumífero,42,Blanco,3,150,450,No
2025-01-07,Donostia,Rebajas,Sportwear,Mallas,44,Negro,2,45,90,Sí
2025-01-11,Vitoria,Rebajas,Sportwear,Mallas,S,Verde,4,45,180,No
2025-01-22,Donostia,Rebajas,Calzado,Sandalias,44,Negro,3,40,120,No
2025-01-14,Donostia,Rebajas,Jerseys,Forro Polar,S,Azul,1,80,80,Sí
2025-01-12,Pamplona,Rebajas,Calzado,Sandalias,M,Verde,2,40,80,No
2025-01-19,Pamplona,Rebajas,Calzado,Botas,44,Negro,3,110,330,No
2025-01-14,Donostia,Rebajas,Pantalones,Montaña,L,Verde,3,90,270,Sí
2025-01-20,Donostia,Publicidad,Sportwear,Camisetas,S,Rojo,4,30,120,No
2025-01-15,Bilbao,Publicidad,Chaquetas,Anorak,44,Negro,1,120,120,Sí
2025-01-19,Bilbao,Publicidad,Chaquetas,Plumífero,42,Blanco,2,150,300,No
2025-01-16,Pamplona,Publicidad,Calzado,Botas,S,Blanco,2,110,220,Sí
2025-01-23,Pamplona,Publicidad,Pantalones,Montaña,XL,Negro,1,90,90,No
2025-01-14,Donostia,Rebajas,Pantalones,Montaña,M,Gris,5,90,450,No
2025-01-11,Pamplona,Rebajas,Calzado,Zapatillas,42,Rojo,2,75,150,Sí
2025-01-02,Bilbao,Rebajas,Calzado,Zapatillas,L,Azul,5,75,375,No
2025-01-12,Bilbao,Publicidad,Chaquetas,Plumífero,M,Rojo,2,150,300,Sí
2025-01-12,Donostia,Publicidad,Jerseys,Chaqueta de Lana,M,Negro,3,130,390,Sí
2025-01-13,Bilbao,Rebajas,Calzado,Zapatillas,M,Azul,5,75,375,No
2025-01-28,Vitoria,Publicidad,Calzado,Zapatillas,M,Verde,4,75,300,Sí
2025-01-10,Pamplona,Rebajas,Calzado,Sandalias,44,Blanco,1,40,40,Sí
2025-01-05,Donostia,Publicidad,Jerseys,Forro Polar,40,Gris,4,80,320,No
2025-01-17,Bilbao,Rebajas,Calzado,Zapatillas,XL,Azul,2,75,150,Sí
2025-01-14,Vitoria,Rebajas,Jerseys,Forro Polar,XL,Rojo,1,80,80,Sí
2025-01-13,Pamplona,Publicidad,Chaquetas,Plumífero,M,Negro,4,150,600,No
2025-01-08,Donostia,Publicidad,Calzado,Zapatillas,L,Blanco,3,75,225,Sí
2025-01-19,Donostia,Publicidad,Calzado,Botas,44,Verde,5,110,550,Sí
2025-01-15,Vitoria,Publicidad,Calzado,Sandalias,42,Azul,2,40,80,Sí
2025-01-05,Pamplona,Rebajas,Calzado,Botas,XL,Rojo,4,110,440,No
2025-01-02,Donostia,Publicidad,Calzado,Zapatillas,40,Gris,1,75,75,No
2025-01-16,Donostia,Publicidad,Pantalones,Montaña,38,Blanco,1,90,90,Sí
2025-01-19,Donostia,Rebajas,Calzado,Zapatillas,L,Blanco,1,75,75,No
2025-01-17,Donostia,Publicidad,Chaquetas,Plumífero,44,Verde,5,150,750,No
2025-01-11,Bilbao,Publicidad,Pantalones,Montaña,42,Blanco,3,90,270,Sí
2025-01-15,Pamplona,Publicidad,Chaquetas,Anorak,44,Rojo,1,120,120,Sí
2025-01-17,Vitoria,Publicidad,Calzado,Botas,M,Negro,3,110,330,No
2025-01-18,Donostia,Rebajas,Pantalones,Chándal,M,Rojo,4,60,240,No
2025-01-15,Bilbao,Rebajas,Pantalones,Chándal,44,Negro,4,60,240,No
2025-01-01,Pamplona,Rebajas,Chaquetas,Plumífero,44,Gris,4,150,600,No
2025-01-28,Vitoria,Rebajas,Calzado,Botas,42,Negro,2,110,220,No
2025-01-15,Bilbao,Rebajas,Chaquetas,Plumífero,L,Blanco,5,150,750,Sí
2025-01-02,Pamplona,Rebajas,Chaquetas,Anorak,XL,Gris,1,120,120,No
2025-01-02,Vitoria,Publicidad,Chaquetas,Anorak,L,Rojo,2,120,240,Sí
2025-01-07,Bilbao,Rebajas,Pantalones,Montaña,38,Negro,3,90,270,Sí
2025-01-13,Pamplona,Publicidad,Chaquetas,Plumífero,L,Negro,2,150,300,No
2025-01-09,Donostia,Rebajas,Calzado,Sandalias,M,Azul,2,40,80,Sí
2025-01-10,Bilbao,Rebajas,Chaquetas,Plumífero,XL,Azul,5,150,750,Sí
2025-01-20,Donostia,Rebajas,Jerseys,Forro Polar,M,Azul,1,80,80,Sí
2025-01-06,Donostia,Publicidad,Calzado,Sandalias,44,Blanco,3,40,120,No
2025-01-11,Pamplona,Rebajas,Calzado,Botas,XL,Rojo,3,110,330,No
2025-01-03,Donostia,Rebajas,Pantalones,Montaña,L,Blanco,1,90,90,Sí
2025-01-18,Vitoria,Publicidad,Chaquetas,Anorak,38,Gris,4,120,480,Sí
2025-01-25,Pamplona,Publicidad,Pantalones,Montaña,L,Azul,4,90,360,Sí
2025-01-18,Bilbao,Rebajas,Chaquetas,Anorak,L,Verde,3,120,360,Sí
2025-01-04,Pamplona,Publicidad,Pantalones,Montaña,42,Negro,2,90,180,Sí
2025-01-28,Donostia,Rebajas,Sportwear,Mallas,M,Negro,4,45,180,Sí
2025-01-28,Donostia,Rebajas,Calzado,Botas,40,Gris,3,110,330,Sí
2025-01-05,Pamplona,Publicidad,Sportwear,Térmica,M,Negro,5,55,275,Sí
2025-01-17,Vitoria,Publicidad,Jerseys,Forro Polar,S,Blanco,1,80,80,No
2025-01-05,Donostia,Rebajas,Sportwear,Camisetas,40,Rojo,4,30,120,Sí
2025-01-06,Pamplona,Rebajas,Jerseys,Chaqueta de Lana,42,Negro,4,130,520,No
2025-01-19,Vitoria,Rebajas,Chaquetas,Anorak,M,Azul,2,120,240,Sí
2025-01-18,Bilbao,Rebajas,Sportwear,Camisetas,M,Blanco,1,30,30,No
2025-01-14,Pamplona,Publicidad,Sportwear,Térmica,L,Verde,3,55,165,No
2025-01-04,Donostia,Rebajas,Sportwear,Térmica,44,Negro,1,55,55,Sí
2025-01-21,Bilbao,Publicidad,Jerseys,Chaqueta de Lana,S,Azul,5,130,650,Sí
2025-01-27,Bilbao,Rebajas,Calzado,Sandalias,44,Gris,3,40,120,No
2025-01-19,Pamplona,Rebajas,Calzado,Botas,38,Verde,1,110,110,No
2025-01-04,Donostia,Publicidad,Chaquetas,Plumífero,XL,Rojo,4,150,600,Sí
2025-01-18,Donostia,Rebajas,Calzado,Sandalias,L,Blanco,4,40,160,Sí
2025-01-21,Vitoria,Rebajas,Pantalones,Montaña,S,Verde,2,90,180,No
2025-01-28,Donostia,Publicidad,Jerseys,Chaqueta de Lana,44,Blanco,3,130,390,No
2025-01-17,Pamplona,Rebajas,Chaquetas,Anorak,44,Azul,3,120,360,No
2025-01-20,Donostia,Publicidad,Calzado,Sandalias,40,Azul,1,40,40,No
2025-01-19,Pamplona,Publicidad,Chaquetas,Anorak,42,Azul,2,120,240,Sí
2025-01-26,Donostia,Publicidad,Calzado,Sandalias,XL,Verde,5,40,200,Sí
2025-01-07,Vitoria,Publicidad,Chaquetas,Plumífero,L,Negro,5,150,750,No
2025-01-23,Vitoria,Publicidad,Sportwear,Térmica,44,Negro,3,55,165,Sí
2025-01-21,Vitoria,Publicidad,Jerseys,Forro Polar,L,Blanco,2,80,160,No
2025-01-25,Vitoria,Publicidad,Jerseys,Chaqueta de Lana,40,Azul,5,130,650,No
2025-01-28,Donostia,Rebajas,Sportwear,Térmica,XL,Gris,4,55,220,No
2025-01-06,Donostia,Rebajas,Calzado,Sandalias,XL,Rojo,2,40,80,Sí
2025-01-21,Donostia,Publicidad,Sportwear,Mallas,44,Negro,4,45,180,Sí
2025-01-05,Vitoria,Rebajas,Calzado,Zapatillas,M,Gris,3,75,225,Sí
2025-01-26,Donostia,Rebajas,Chaquetas,Anorak,38,Blanco,2,120,240,No
2025-01-11,Donostia,Rebajas,Sportwear,Térmica,S,Azul,2,55,110,Sí
2025-01-26,Vitoria,Publicidad,Jerseys,Chaqueta de Lana,44,Azul,3,130,390,Sí
2025-01-18,Vitoria,Publicidad,Calzado,Zapatillas,L,Verde,3,75,225,Sí
2025-01-06,Donostia,Publicidad,Pantalones,Chándal,XL,Blanco,2,60,120,Sí
2025-01-11,Vitoria,Rebajas,Jerseys,Chaqueta de Lana,S,Negro,4,130,520,No
2025-01-12,Vitoria,Publicidad,Sportwear,Camisetas,40,Negro,1,30,30,No
2025-01-08,Vitoria,Rebajas,Sportwear,Camisetas,XL,Gris,5,30,150,Sí
2025-01-05,Vitoria,Rebajas,Calzado,Zapatillas,XL,Verde,2,75,150,No
2025-01-21,Pamplona,Publicidad,Sportwear,Térmica,S,Negro,4,55,220,Sí
2025-01-13,Donostia,Rebajas,Sportwear,Térmica,XL,Blanco,1,55,55,No
2025-01-25,Vitoria,Rebajas,Sportwear,Mallas,M,Gris,5,45,225,No
2025-01-11,Pamplona,Publicidad,Calzado,Botas,L,Verde,1,110,110,Sí
2025-01-13,Bilbao,Publicidad,Chaquetas,Anorak,M,Blanco,4,120,480,No
2025-01-23,Vitoria,Publicidad,Jerseys,Chaqueta de Lana,M,Verde,5,130,650,Sí
2025-01-22,Pamplona,Rebajas,Calzado,Sandalias,S,Gris,1,40,40,No
2025-01-04,Bilbao,Publicidad,Pantalones,Montaña,XL,Gris,5,90,450,Sí
2025-01-17,Bilbao,Rebajas,Calzado,Sandalias,L,Blanco,5,40,200,No
2025-01-07,Bilbao,Rebajas,Calzado,Sandalias,XL,Gris,5,40,200,Sí
2025-01-24,Vitoria,Publicidad,Calzado,Zapatillas,44,Gris,3,75,225,Sí
2025-01-18,Donostia,Publicidad,Pantalones,Chándal,M,Negro,5,60,300,Sí
2025-01-24,Vitoria,Publicidad,Jerseys,Chaqueta de Lana,38,Gris,5,130,650,No
2025-01-27,Pamplona,Rebajas,Calzado,Botas,L,Rojo,3,110,330,Sí
2025-01-12,Vitoria,Rebajas,Sportwear,Térmica,XL,Verde,2,55,110,No
2025-01-27,Vitoria,Publicidad,Pantalones,Chándal,40,Azul,1,60,60,No
2025-01-17,Pamplona,Rebajas,Sportwear,Térmica,S,Rojo,3,55,165,Sí
2025-01-15,Bilbao,Publicidad,Pantalones,Montaña,M,Azul,5,90,450,Sí
2025-01-19,Vitoria,Publicidad,Sportwear,Camisetas,XL,Negro,5,30,150,Sí
2025-01-17,Pamplona,Publicidad,Chaquetas,Plumífero,40,Gris,2,150,300,Sí
2025-01-21,Bilbao,Publicidad,Calzado,Botas,XL,Verde,3,110,330,No
2025-01-20,Bilbao,Rebajas,Sportwear,Térmica,XL,Verde,3,55,165,Sí
2025-01-05,Vitoria,Publicidad,Sportwear,Térmica,L,Negro,2,55,110,Sí
2025-01-03,Donostia,Rebajas,Chaquetas,Anorak,M,Verde,1,120,120,No
2025-01-08,Donostia,Rebajas,Jerseys,Chaqueta de Lana,44,Azul,5,130,650,Sí
2025-01-11,Bilbao,Publicidad,Chaquetas,Plumífero,42,Blanco,5,150,750,Sí
2025-01-12,Pamplona,Publicidad,Jerseys,Chaqueta de Lana,M,Blanco,1,130,130,Sí
2025-01-23,Donostia,Publicidad,Calzado,Sandalias,L,Azul,3,40,120,No
2025-01-04,Pamplona,Publicidad,Calzado,Botas,S,Gris,4,110,440,No
2025-01-15,Donostia,Rebajas,Sportwear,Camisetas,44,Gris,5,30,150,Sí
2025-01-10,Donostia,Rebajas,Pantalones,Montaña,XL,Negro,5,90,450,No
2025-01-02,Donostia,Rebajas,Chaquetas,Anorak,XL,Rojo,5,120,600,Sí
2025-01-16,Vitoria,Rebajas,Sportwear,Camisetas,44,Rojo,2,30,60,Sí
2025-01-27,Bilbao,Rebajas,Chaquetas,Anorak,M,Negro,1,120,120,No
2025-01-15,Vitoria,Rebajas,Jerseys,Chaqueta de Lana,44,Rojo,2,130,260,Sí
2025-01-25,Donostia,Rebajas,Chaquetas,Anorak,40,Blanco,2,120,240,No
2025-01-15,Donostia,Rebajas,Sportwear,Térmica,XL,Gris,2,55,110,No
2025-01-21,Donostia,Rebajas,Sportwear,Camisetas,40,Gris,5,30,150,No
2025-01-16,Bilbao,Rebajas,Chaquetas,Plumífero,44,Gris,3,150,450,Sí
2025-01-20,Vitoria,Rebajas,Jerseys,Forro Polar,44,Gris,1,80,80,No
2025-01-22,Donostia,Rebajas,Calzado,Botas,S,Blanco,2,110,220,No
2025-01-01,Pamplona,Publicidad,Jerseys,Forro Polar,44,Negro,1,80,80,No
2025-01-11,Bilbao,Rebajas,Calzado,Botas,44,Rojo,5,110,550,Sí
2025-01-14,Pamplona,Publicidad,Calzado,Sandalias,44,Blanco,1,40,40,No
2025-01-28,Vitoria,Rebajas,Calzado,Zapatillas,44,Gris,4,75,300,No
2025-01-21,Bilbao,Rebajas,Jerseys,Forro Polar,S,Verde,2,80,160,Sí
2025-01-15,Vitoria,Rebajas,Jerseys,Chaqueta de Lana,38,Negro,4,130,520,Sí
2025-01-04,Bilbao,Rebajas,Pantalones,Chándal,M,Negro,1,60,60,Sí
2025-01-16,Pamplona,Rebajas,Sportwear,Térmica,S,Azul,1,55,55,Sí
2025-01-10,Pamplona,Rebajas,Calzado,Botas,M,Gris,5,110,550,No
2025-01-10,Bilbao,Rebajas,Calzado,Zapatillas,M,Negro,2,75,150,Sí
2025-01-10,Donostia,Publicidad,Sportwear,Mallas,42,Negro,3,45,135,No
2025-01-13,Vitoria,Publicidad,Calzado,Sandalias,42,Gris,1,40,40,No
2025-01-15,Pamplona,Publicidad,Sportwear,Térmica,40,Negro,1,55,55,Sí
2025-01-02,Vitoria,Publicidad,Jerseys,Forro Polar,40,Gris,5,80,400,Sí
2025-01-04,Vitoria,Rebajas,Sportwear,Térmica,L,Negro,4,55,220,Sí
2025-01-14,Donostia,Publicidad,Sportwear,Camisetas,M,Negro,4,30,120,No
2025-01-03,Bilbao,Publicidad,Sportwear,Mallas,S,Negro,1,45,45,No
2025-01-07,Pamplona,Publicidad,Sportwear,Camisetas,XL,Negro,4,30,120,No
2025-01-10,Pamplona,Rebajas,Calzado,Sandalias,M,Blanco,4,40,160,Sí
2025-01-25,Pamplona,Rebajas,Chaquetas,Plumífero,M,Gris,1,150,150,Sí
2025-01-13,Vitoria,Publicidad,Jerseys,Chaqueta de Lana,40,Blanco,3,130,390,Sí
2025-01-13,Vitoria,Publicidad,Sportwear,Mallas,L,Rojo,4,45,180,Sí
2025-01-23,Bilbao,Publicidad,Jerseys,Chaqueta de Lana,38,Verde,1,130,130,Sí
2025-01-02,Pamplona,Rebajas,Jerseys,Forro Polar,38,Gris,4,80,320,No
2025-01-18,Donostia,Publicidad,Calzado,Botas,M,Blanco,5,110,550,Sí
2025-01-22,Bilbao,Publicidad,Sportwear,Camisetas,S,Negro,4,30,120,Sí
2025-01-12,Pamplona,Publicidad,Chaquetas,Plumífero,42,Negro,5,150,750,Sí
2025-01-10,Vitoria,Rebajas,Jerseys,Chaqueta de Lana,44,Blanco,4,130,520,No
2025-01-19,Donostia,Publicidad,Pantalones,Montaña,M,Gris,1,90,90,No
2025-01-05,Pamplona,Rebajas,Sportwear,Mallas,M,Azul,4,45,180,No
2025-01-27,Vitoria,Rebajas,Jerseys,Chaqueta de Lana,L,Rojo,3,130,390,No
2025-01-16,Donostia,Rebajas,Calzado,Sandalias,L,Azul,4,40,160,No
2025-01-27,Vitoria,Publicidad,Chaquetas,Anorak,S,Rojo,2,120,240,Sí
2025-01-15,Pamplona,Publicidad,Sportwear,Camisetas,42,Gris,4,30,120,Sí
2025-01-03,Vitoria,Rebajas,Calzado,Sandalias,42,Verde,3,40,120,No
2025-01-22,Pamplona,Publicidad,Sportwear,Camisetas,40,Azul,3,30,90,Sí
2025-01-19,Vitoria,Publicidad,Pantalones,Chándal,42,Rojo,2,60,120,Sí
2025-01-25,Vitoria,Rebajas,Sportwear,Camisetas,38,Blanco,1,30,30,Sí
2025-01-12,Pamplona,Rebajas,Calzado,Zapatillas,XL,Blanco,5,75,375,No
2025-01-27,Bilbao,Publicidad,Sportwear,Camisetas,42,Blanco,2,30,60,No
2025-01-22,Vitoria,Rebajas,Pantalones,Montaña,XL,Azul,5,90,450,No
2025-01-10,Donostia,Publicidad,Pantalones,Montaña,M,Gris,1,90,90,Sí
2025-01-28,Vitoria,Rebajas,Calzado,Botas,42,Rojo,3,110,330,No
2025-01-08,Vitoria,Rebajas,Chaquetas,Anorak,L,Rojo,1,120,120,Sí
2025-01-14,Bilbao,Rebajas,Pantalones,Chándal,42,Blanco,2,60,120,No
2025-01-26,Pamplona,Publicidad,Sportwear,Mallas,L,Verde,4,45,180,No
2025-01-23,Pamplona,Publicidad,Chaquetas,Anorak,40,Azul,5,120,600,Sí
2025-01-19,Donostia,Publicidad,Sportwear,Térmica,M,Rojo,3,55,165,Sí
2025-01-19,Vitoria,Publicidad,Sportwear,Térmica,M,Gris,5,55,275,No
2025-01-12,Bilbao,Publicidad,Sportwear,Camisetas,L,Blanco,5,30,150,No
2025-01-12,Pamplona,Rebajas,Jerseys,Chaqueta de Lana,M,Blanco,2,130,260,Sí
2025-01-18,Vitoria,Publicidad,Jerseys,Chaqueta de Lana,44,Negro,4,130,520,No
2025-01-02,Donostia,Rebajas,Chaquetas,Anorak,44,Gris,3,120,360,No
2025-01-16,Bilbao,Publicidad,Jerseys,Chaqueta de Lana,44,Azul,5,130,650,Sí
2025-01-02,Donostia,Rebajas,Chaquetas,Plumífero,44,Rojo,5,150,750,Sí
2025-01-22,Pamplona,Rebajas,Pantalones,Chándal,L,Verde,1,60,60,No
2025-01-06,Donostia,Rebajas,Chaquetas,Anorak,L,Azul,2,120,240,Sí
2025-01-26,Pamplona,Publicidad,Calzado,Sandalias,38,Verde,2,40,80,Sí
2025-01-19,Donostia,Publicidad,Jerseys,Forro Polar,XL,Negro,5,80,400,No
2025-01-20,Donostia,Rebajas,Jerseys,Forro Polar,M,Azul,2,80,160,Sí
2025-01-25,Donostia,Rebajas,Chaquetas,Plumífero,44,Blanco,2,150,300,No
2025-01-23,Bilbao,Rebajas,Sportwear,Camisetas,44,Verde,3,30,90,Sí
2025-01-26,Vitoria,Rebajas,Pantalones,Montaña,42,Blanco,3,90,270,Sí
2025-01-16,Pamplona,Publicidad,Calzado,Botas,40,Rojo,1,110,110,No
2025-01-02,Pamplona,Rebajas,Sportwear,Mallas,44,Rojo,2,45,90,Sí
2025-01-04,Pamplona,Rebajas,Sportwear,Mallas,40,Azul,2,45,90,No
2025-01-20,Bilbao,Rebajas,Sportwear,Camisetas,44,Gris,2,30,60,No
2025-01-11,Donostia,Rebajas,Chaquetas,Anorak,44,Blanco,3,120,360,Sí
2025-01-08,Donostia,Publicidad,Pantalones,Chándal,S,Blanco,2,60,120,No
2025-01-06,Bilbao,Publicidad,Chaquetas,Anorak,M,Rojo,2,120,240,Sí
2025-01-23,Vitoria,Publicidad,Calzado,Botas,L,Gris,3,110,330,Sí
2025-01-21,Donostia,Publicidad,Sportwear,Térmica,XL,Gris,5,55,275,Sí
2025-01-21,Bilbao,Publicidad,Chaquetas,Anorak,44,Azul,4,120,480,No
2025-01-20,Donostia,Rebajas,Sportwear,Mallas,L,Blanco,4,45,180,No
2025-01-19,Bilbao,Publicidad,Calzado,Botas,44,Negro,5,110,550,No
2025-01-13,Pamplona,Publicidad,Jerseys,Forro Polar,42,Rojo,3,80,240,No
2025-01-22,Donostia,Rebajas,Jerseys,Chaqueta de Lana,44,Blanco,2,130,260,Sí
2025-01-09,Bilbao,Publicidad,Chaquetas,Anorak,38,Verde,2,120,240,Sí
2025-01-06,Pamplona,Publicidad,Pantalones,Chándal,XL,Negro,3,60,180,Sí
2025-01-03,Pamplona,Rebajas,Pantalones,Chándal,42,Rojo,4,60,240,Sí
2025-01-02,Donostia,Publicidad,Chaquetas,Anorak,M,Negro,2,120,240,Sí
2025-01-13,Bilbao,Rebajas,Chaquetas,Plumífero,XL,Verde,5,150,750,No
2025-01-28,Pamplona,Rebajas,Chaquetas,Plumífero,S,Negro,5,150,750,Sí
2025-01-13,Donostia,Publicidad,Jerseys,Chaqueta de Lana,XL,Verde,1,130,130,Sí
2025-01-01,Bilbao,Rebajas,Calzado,Zapatillas,38,Gris,2,75,150,No
2025-01-01,Donostia,Rebajas,Jerseys,Forro Polar,38,Azul,2,80,160,No
2025-01-28,Bilbao,Publicidad,Pantalones,Chándal,XL,Blanco,5,60,300,Sí
2025-01-24,Donostia,Publicidad,Pantalones,Chándal,L,Azul,2,60,120,Sí
2025-01-15,Bilbao,Publicidad,Calzado,Botas,L,Negro,2,110,220,No
2025-01-12,Bilbao,Publicidad,Calzado,Zapatillas,L,Gris,3,75,225,Sí
2025-01-01,Vitoria,Publicidad,Calzado,Botas,S,Gris,2,110,220,Sí
2025-01-05,Vitoria,Publicidad,Calzado,Botas,S,Rojo,1,110,110,No
2025-01-05,Bilbao,Publicidad,Sportwear,Mallas,38,Gris,3,45,135,Sí
2025-01-16,Donostia,Rebajas,Calzado,Sandalias,38,Azul,3,40,120,No
2025-01-07,Pamplona,Rebajas,Sportwear,Mallas,38,Verde,2,45,90,Sí
2025-01-12,Vitoria,Rebajas,Calzado,Zapatillas,44,Gris,5,75,375,No
2025-01-01,Bilbao,Rebajas,Jerseys,Forro Polar,40,Verde,3,80,240,Sí
2025-01-09,Bilbao,Rebajas,Pantalones,Chándal,40,Blanco,3,60,180,No
2025-01-16,Vitoria,Rebajas,Jerseys,Chaqueta de Lana,XL,Negro,3,130,390,Sí
2025-01-20,Vitoria,Rebajas,Jerseys,Chaqueta de Lana,M,Rojo,4,130,520,No
2025-01-22,Donostia,Publicidad,Pantalones,Montaña,XL,Verde,3,90,270,Sí
2025-01-08,Vitoria,Publicidad,Jerseys,Forro Polar,M,Blanco,4,80,320,Sí
2025-01-06,Vitoria,Publicidad,Chaquetas,Plumífero,40,Negro,2,150,300,Sí
2025-01-05,Bilbao,Rebajas,Calzado,Zapatillas,S,Azul,3,75,225,Sí
2025-01-20,Donostia,Publicidad,Pantalones,Montaña,40,Azul,5,90,450,Sí
2025-01-16,Pamplona,Rebajas,Jerseys,Chaqueta de Lana,M,Gris,1,130,130,Sí
2025-01-21,Donostia,Rebajas,Jerseys,Chaqueta de Lana,XL,Blanco,5,130,650,No
2025-01-18,Bilbao,Publicidad,Sportwear,Térmica,M,Rojo,4,55,220,Sí
2025-01-28,Donostia,Publicidad,Pantalones,Chándal,L,Blanco,5,60,300,No
2025-01-03,Vitoria,Rebajas,Sportwear,Camisetas,42,Verde,1,30,30,Sí
2025-01-05,Vitoria,Publicidad,Sportwear,Camisetas,44,Azul,3,30,90,No
2025-01-09,Vitoria,Publicidad,Calzado,Botas,XL,Verde,5,110,550,No
2025-01-28,Vitoria,Rebajas,Pantalones,Chándal,M,Blanco,4,60,240,Sí
2025-01-28,Bilbao,Publicidad,Pantalones,Chándal,XL,Rojo,1,60,60,Sí
2025-01-09,Vitoria,Publicidad,Chaquetas,Plumífero,40,Verde,2,150,300,Sí
2025-01-05,Pamplona,Rebajas,Calzado,Botas,42,Rojo,2,110,220,Sí
2025-01-25,Donostia,Rebajas,Calzado,Botas,L,Rojo,1,110,110,Sí
2025-01-08,Bilbao,Publicidad,Sportwear,Mallas,L,Azul,2,45,90,No
2025-01-19,Pamplona,Rebajas,Chaquetas,Plumífero,XL,Rojo,3,150,450,Sí
2025-01-18,Pamplona,Publicidad,Calzado,Zapatillas,38,Azul,2,75,150,Sí
2025-01-06,Pamplona,Rebajas,Pantalones,Montaña,L,Rojo,5,90,450,No
2025-01-19,Donostia,Rebajas,Jerseys,Chaqueta de Lana,42,Blanco,2,130,260,Sí
2025-01-17,Pamplona,Publicidad,Jerseys,Chaqueta de Lana,40,Negro,4,130,520,No
2025-01-11,Pamplona,Rebajas,Calzado,Botas,L,Blanco,5,110,550,No
2025-01-15,Bilbao,Rebajas,Sportwear,Camisetas,S,Azul,3,30,90,No
2025-01-23,Vitoria,Publicidad,Chaquetas,Anorak,M,Verde,3,120,360,No
2025-01-04,Bilbao,Publicidad,Jerseys,Chaqueta de Lana,XL,Verde,3,130,390,Sí
2025-01-07,Donostia,Rebajas,Sportwear,Mallas,S,Blanco,2,45,90,Sí
2025-01-11,Vitoria,Publicidad,Calzado,Zapatillas,42,Negro,5,75,375,Sí
2025-01-17,Bilbao,Publicidad,Pantalones,Montaña,40,Gris,3,90,270,No
2025-01-25,Vitoria,Publicidad,Sportwear,Térmica,40,Blanco,5,55,275,No
2025-01-17,Donostia,Publicidad,Sportwear,Camisetas,44,Blanco,1,30,30,Sí
2025-01-07,Donostia,Publicidad,Sportwear,Mallas,S,Blanco,2,45,90,Sí
2025-01-22,Bilbao,Publicidad,Jerseys,Forro Polar,S,Azul,5,80,400,Sí
2025-01-19,Pamplona,Rebajas,Chaquetas,Anorak,40,Gris,2,120,240,No
2025-01-12,Bilbao,Rebajas,Chaquetas,Plumífero,M,Blanco,4,150,600,Sí
2025-01-02,Bilbao,Publicidad,Calzado,Botas,L,Negro,3,110,330,Sí
2025-01-18,Pamplona,Rebajas,Chaquetas,Plumífero,S,Verde,4,150,600,No
2025-01-08,Bilbao,Publicidad,Calzado,Botas,44,Blanco,2,110,220,No
2025-01-28,Bilbao,Rebajas,Chaquetas,Plumífero,XL,Azul,2,150,300,No
2025-01-24,Bilbao,Publicidad,Pantalones,Chándal,L,Negro,5,60,300,No
2025-01-26,Pamplona,Publicidad,Jerseys,Forro Polar,M,Azul,2,80,160,No
2025-01-16,Donostia,Rebajas,Chaquetas,Anorak,S,Verde,5,120,600,Sí
2025-01-05,Donostia,Publicidad,Chaquetas,Plumífero,M,Azul,3,150,450,Sí
2025-01-03,Vitoria,Rebajas,Pantalones,Montaña,S,Negro,5,90,450,No
2025-01-06,Vitoria,Rebajas,Jerseys,Chaqueta de Lana,S,Gris,5,130,650,No
2025-01-26,Pamplona,Rebajas,Chaquetas,Anorak,42,Verde,1,120,120,Sí
2025-01-18,Bilbao,Publicidad,Chaquetas,Anorak,XL,Rojo,4,120,480,No
2025-01-15,Vitoria,Rebajas,Sportwear,Mallas,L,Negro,1,45,45,No
2025-01-26,Pamplona,Rebajas,Pantalones,Chándal,44,Gris,4,60,240,No
2025-01-06,Pamplona,Rebajas,Pantalones,Montaña,40,Azul,4,90,360,No
2025-01-13,Vitoria,Publicidad,Jerseys,Chaqueta de Lana,XL,Rojo,1,130,130,No
2025-01-06,Donostia,Publicidad,Jerseys,Forro Polar,42,Rojo,1,80,80,Sí
2025-01-07,Donostia,Rebajas,Calzado,Botas,M,Blanco,4,110,440,No
2025-01-21,Bilbao,Rebajas,Pantalones,Montaña,S,Blanco,5,90,450,No
2025-01-09,Donostia,Publicidad,Jerseys,Forro Polar,S,Gris,3,80,240,Sí
2025-01-12,Pamplona,Rebajas,Jerseys,Chaqueta de Lana,M,Gris,1,130,130,No
2025-01-09,Pamplona,Publicidad,Sportwear,Camisetas,38,Verde,5,30,150,Sí
2025-01-07,Donostia,Rebajas,Calzado,Sandalias,XL,Azul,3,40,120,No
2025-01-10,Bilbao,Publicidad,Calzado,Zapatillas,42,Blanco,4,75,300,No
2025-01-07,Donostia,Rebajas,Jerseys,Forro Polar,L,Gris,1,80,80,Sí
2025-01-05,Pamplona,Rebajas,Pantalones,Montaña,40,Blanco,4,90,360,Sí
2025-01-27,Vitoria,Rebajas,Sportwear,Camisetas,40,Verde,5,30,150,Sí
2025-01-25,Donostia,Rebajas,Chaquetas,Anorak,XL,Negro,4,120,480,Sí
2025-01-07,Donostia,Rebajas,Jerseys,Forro Polar,S,Azul,5,80,400,No
2025-01-15,Bilbao,Publicidad,Jerseys,Forro Polar,L,Gris,2,80,160,Sí
2025-01-09,Pamplona,Rebajas,Calzado,Zapatillas,S,Rojo,1,75,75,Sí
2025-01-14,Pamplona,Publicidad,Sportwear,Mallas,44,Verde,5,45,225,No
2025-01-24,Vitoria,Publicidad,Chaquetas,Anorak,38,Gris,4,120,480,No
2025-01-04,Pamplona,Publicidad,Calzado,Zapatillas,M,Negro,1,75,75,No
2025-01-03,Donostia,Rebajas,Jerseys,Chaqueta de Lana,42,Rojo,1,130,130,No
2025-01-12,Donostia,Publicidad,Jerseys,Forro Polar,38,Verde,2,80,160,No
2025-01-14,Donostia,Rebajas,Calzado,Botas,XL,Negro,5,110,550,No
2025-01-18,Donostia,Publicidad,Sportwear,Camisetas,M,Negro,1,30,30,No
2025-01-12,Vitoria,Publicidad,Calzado,Botas,S,Verde,5,110,550,Sí
2025-01-14,Pamplona,Publicidad,Pantalones,Chándal,42,Rojo,1,60,60,Sí
2025-01-08,Vitoria,Publicidad,Sportwear,Camisetas,42,Rojo,3,30,90,No
2025-01-09,Pamplona,Rebajas,Calzado,Zapatillas,L,Verde,4,75,300,Sí
2025-01-21,Donostia,Publicidad,Calzado,Botas,42,Azul,5,110,550,No
2025-01-20,Bilbao,Rebajas,Calzado,Zapatillas,XL,Negro,2,75,150,No
2025-01-11,Vitoria,Publicidad,Pantalones,Montaña,M,Negro,2,90,180,Sí
2025-01-28,Vitoria,Publicidad,Calzado,Sandalias,40,Verde,3,40,120,Sí
2025-01-26,Pamplona,Rebajas,Jerseys,Chaqueta de Lana,L,Gris,5,130,650,No
2025-01-19,Bilbao,Publicidad,Sportwear,Camisetas,42,Rojo,4,30,120,No
2025-01-19,Vitoria,Rebajas,Calzado,Zapatillas,S,Azul,4,75,300,Sí
2025-01-02,Bilbao,Rebajas,Sportwear,Mallas,40,Rojo,3,45,135,Sí
2025-01-02,Bilbao,Rebajas,Pantalones,Montaña,XL,Negro,4,90,360,No
2025-01-19,Vitoria,Publicidad,Chaquetas,Plumífero,40,Blanco,4,150,600,Sí
2025-01-25,Donostia,Publicidad,Calzado,Zapatillas,42,Azul,5,75,375,Sí
2025-01-26,Pamplona,Publicidad,Sportwear,Camisetas,L,Negro,1,30,30,Sí
2025-01-14,Vitoria,Publicidad,Sportwear,Camisetas,M,Negro,2,30,60,No
2025-01-16,Vitoria,Rebajas,Jerseys,Forro Polar,L,Gris,4,80,320,No
2025-01-23,Donostia,Publicidad,Sportwear,Térmica,42,Verde,2,55,110,Sí
2025-01-23,Donostia,Rebajas,Chaquetas,Anorak,42,Gris,5,120,600,No
2025-01-20,Donostia,Publicidad,Jerseys,Forro Polar,S,Azul,3,80,240,No
2025-01-22,Bilbao,Rebajas,Sportwear,Térmica,44,Azul,4,55,220,No
2025-01-08,Pamplona,Rebajas,Chaquetas,Plumífero,44,Azul,3,150,450,No
2025-01-24,Pamplona,Rebajas,Chaquetas,Anorak,44,Negro,4,120,480,No
2025-01-15,Vitoria,Publicidad,Pantalones,Montaña,44,Negro,1,90,90,No
2025-01-27,Vitoria,Publicidad,Pantalones,Chándal,44,Verde,3,60,180,No
2025-01-26,Pamplona,Rebajas,Sportwear,Térmica,S,Blanco,1,55,55,Sí
2025-01-11,Bilbao,Publicidad,Sportwear,Camisetas,XL,Verde,5,30,150,Sí
2025-01-05,Bilbao,Publicidad,Sportwear,Camisetas,38,Negro,2,30,60,No
2025-01-19,Vitoria,Rebajas,Pantalones,Montaña,L,Blanco,2,90,180,Sí
2025-01-08,Vitoria,Rebajas,Pantalones,Chándal,42,Verde,5,60,300,Sí
2025-01-08,Bilbao,Publicidad,Calzado,Sandalias,44,Azul,4,40,160,Sí
2025-01-23,Vitoria,Publicidad,Calzado,Sandalias,40,Negro,3,40,120,No
2025-01-25,Pamplona,Rebajas,Sportwear,Térmica,XL,Negro,2,55,110,No
2025-01-23,Donostia,Publicidad,Sportwear,Térmica,M,Verde,5,55,275,Sí
2025-01-02,Donostia,Rebajas,Calzado,Sandalias,44,Blanco,5,40,200,No
2025-01-15,Pamplona,Rebajas,Sportwear,Camisetas,44,Negro,3,30,90,No
2025-01-25,Donostia,Rebajas,Pantalones,Montaña,XL,Verde,2,90,180,Sí
2025-01-07,Bilbao,Publicidad,Calzado,Sandalias,38,Gris,5,40,200,No
2025-01-15,Donostia,Rebajas,Sportwear,Térmica,S,Verde,4,55,220,Sí
2025-01-23,Vitoria,Publicidad,Sportwear,Camisetas,L,Verde,5,30,150,Sí
2025-01-11,Donostia,Rebajas,Pantalones,Montaña,L,Rojo,5,90,450,No
2025-01-26,Pamplona,Rebajas,Calzado,Zapatillas,42,Rojo,4,75,300,No
2025-01-06,Bilbao,Rebajas,Calzado,Zapatillas,S,Azul,2,75,150,No
2025-01-19,Pamplona,Publicidad,Jerseys,Chaqueta de Lana,44,Gris,4,130,520,Sí
2025-01-04,Vitoria,Rebajas,Chaquetas,Anorak,L,Gris,4,120,480,No
2025-01-25,Bilbao,Publicidad,Pantalones,Montaña,42,Blanco,4,90,360,Sí
2025-01-21,Vitoria,Publicidad,Calzado,Sandalias,XL,Rojo,5,40,200,Sí
2025-01-14,Donostia,Rebajas,Calzado,Botas,XL,Gris,4,110,440,Sí
2025-01-26,Donostia,Publicidad,Calzado,Sandalias,38,Verde,5,40,200,No
2025-01-28,Donostia,Rebajas,Calzado,Zapatillas,40,Blanco,1,75,75,No
2025-01-21,Donostia,Publicidad,Sportwear,Camisetas,42,Rojo,5,30,150,Sí
2025-01-05,Pamplona,Publicidad,Jerseys,Chaqueta de Lana,42,Negro,5,130,650,No
2025-01-23,Pamplona,Rebajas,Jerseys,Chaqueta de Lana,40,Gris,5,130,650,Sí
2025-01-14,Vitoria,Publicidad,Chaquetas,Plumífero,M,Rojo,2,150,300,Sí
2025-01-15,Donostia,Publicidad,Chaquetas,Plumífero,M,Negro,1,150,150,No
2025-01-08,Pamplona,Publicidad,Calzado,Botas,M,Rojo,4,110,440,No
2025-01-24,Pamplona,Rebajas,Sportwear,Camisetas,M,Azul,2,30,60,Sí
2025-01-17,Pamplona,Publicidad,Calzado,Sandalias,40,Blanco,2,40,80,No
2025-01-14,Donostia,Rebajas,Sportwear,Camisetas,M,Blanco,5,30,150,Sí
2025-01-15,Vitoria,Publicidad,Jerseys,Chaqueta de Lana,XL,Gris,2,130,260,Sí
2025-01-18,Vitoria,Rebajas,Sportwear,Camisetas,44,Verde,5,30,150,Sí
2025-01-18,Bilbao,Publicidad,Calzado,Zapatillas,44,Rojo,3,75,225,No
2025-01-12,Bilbao,Rebajas,Sportwear,Térmica,M,Blanco,4,55,220,No
2025-01-08,Donostia,Publicidad,Pantalones,Chándal,38,Verde,4,60,240,No
2025-01-16,Vitoria,Rebajas,Sportwear,Camisetas,S,Blanco,4,30,120,Sí
2025-01-16,Vitoria,Rebajas,Sportwear,Mallas,L,Rojo,3,45,135,Sí
2025-01-08,Donostia,Publicidad,Chaquetas,Plumífero,S,Rojo,2,150,300,Sí
2025-01-22,Pamplona,Publicidad,Pantalones,Chándal,40,Blanco,3,60,180,Sí
2025-01-09,Pamplona,Rebajas,Chaquetas,Anorak,L,Gris,1,120,120,Sí
2025-01-13,Bilbao,Rebajas,Chaquetas,Plumífero,44,Negro,3,150,450,Sí
2025-01-06,Vitoria,Rebajas,Sportwear,Térmica,40,Verde,4,55,220,No
2025-01-07,Vitoria,Rebajas,Calzado,Sandalias,S,Negro,5,40,200,No
2025-01-28,Vitoria,Publicidad,Sportwear,Mallas,38,Blanco,5,45,225,Sí
2025-01-10,Vitoria,Publicidad,Chaquetas,Anorak,M,Blanco,4,120,480,No
2025-01-02,Pamplona,Publicidad,Sportwear,Mallas,M,Verde,2,45,90,Sí
2025-01-02,Pamplona,Publicidad,Jerseys,Chaqueta de Lana,44,Azul,1,130,130,No
2025-01-13,Vitoria,Rebajas,Pantalones,Chándal,S,Verde,5,60,300,No
2025-01-10,Pamplona,Publicidad,Sportwear,Térmica,38,Negro,5,55,275,No
2025-01-04,Bilbao,Rebajas,Calzado,Zapatillas,L,Blanco,4,75,300,No
2025-01-20,Donostia,Publicidad,Sportwear,Térmica,L,Azul,2,55,110,Sí
2025-01-04,Donostia,Publicidad,Jerseys,Forro Polar,XL,Gris,1,80,80,Sí
2025-01-04,Bilbao,Publicidad,Jerseys,Chaqueta de Lana,44,Negro,4,130,520,Sí
2025-01-08,Donostia,Publicidad,Calzado,Sandalias,40,Blanco,3,40,120,No
2025-01-20,Donostia,Publicidad,Pantalones,Chándal,40,Blanco,5,60,300,Sí
2025-01-19,Bilbao,Publicidad,Pantalones,Chándal,XL,Negro,4,60,240,Sí
2025-01-15,Pamplona,Rebajas,Sportwear,Camisetas,42,Azul,5,30,150,No
2025-01-10,Vitoria,Publicidad,Sportwear,Térmica,XL,Negro,3,55,165,Sí
2025-01-01,Vitoria,Rebajas,Jerseys,Chaqueta de Lana,40,Blanco,3,130,390,No
2025-01-18,Vitoria,Rebajas,Chaquetas,Anorak,38,Verde,2,120,240,Sí
2025-01-02,Bilbao,Rebajas,Chaquetas,Plumífero,42,Azul,5,150,750,No
2025-01-20,Donostia,Rebajas,Sportwear,Mallas,L,Blanco,3,45,135,Sí
2025-01-11,Bilbao,Rebajas,Jerseys,Chaqueta de Lana,L,Blanco,4,130,520,Sí
2025-01-19,Bilbao,Publicidad,Sportwear,Térmica,42,Azul,4,55,220,No
2025-01-02,Vitoria,Rebajas,Calzado,Botas,42,Azul,2,110,220,Sí
2025-01-14,Pamplona,Rebajas,Sportwear,Térmica,44,Verde,2,55,110,No
2025-01-04,Donostia,Publicidad,Sportwear,Térmica,L,Rojo,1,55,55,No
2025-01-22,Vitoria,Rebajas,Chaquetas,Plumífero,38,Blanco,4,150,600,Sí
2025-01-24,Pamplona,Rebajas,Sportwear,Mallas,42,Verde,5,45,225,Sí
2025-01-07,Donostia,Rebajas,Sportwear,Térmica,44,Gris,1,55,55,No
2025-01-21,Pamplona,Publicidad,Jerseys,Forro Polar,S,Rojo,1,80,80,Sí
2025-01-12,Bilbao,Rebajas,Sportwear,Camisetas,42,Rojo,3,30,90,No
2025-01-02,Vitoria,Publicidad,Sportwear,Mallas,S,Blanco,1,45,45,No
2025-01-10,Vitoria,Rebajas,Sportwear,Mallas,42,Blanco,1,45,45,Sí
2025-01-13,Donostia,Rebajas,Chaquetas,Plumífero,42,Negro,5,150,750,Sí
2025-01-22,Donostia,Rebajas,Calzado,Sandalias,42,Verde,5,40,200,Sí
2025-01-17,Donostia,Rebajas,Sportwear,Mallas,44,Verde,4,45,180,No
2025-01-28,Donostia,Rebajas,Sportwear,Mallas,42,Gris,1,45,45,Sí
2025-01-08,Vitoria,Rebajas,Calzado,Botas,44,Verde,4,110,440,No
2025-01-11,Vitoria,Publicidad,Chaquetas,Anorak,M,Azul,2,120,240,No
2025-01-07,Pamplona,Rebajas,Calzado,Botas,42,Gris,5,110,550,No
2025-01-28,Pamplona,Publicidad,Chaquetas,Anorak,40,Blanco,4,120,480,No
2025-01-09,Vitoria,Rebajas,Sportwear,Camisetas,40,Negro,4,30,120,No
2025-01-02,Pamplona,Publicidad,Sportwear,Camisetas,38,Blanco,2,30,60,No
2025-01-15,Donostia,Publicidad,Chaquetas,Plumífero,M,Blanco,2,150,300,No
2025-01-21,Pamplona,Publicidad,Pantalones,Chándal,42,Negro,2,60,120,No
2025-01-04,Bilbao,Rebajas,Pantalones,Chándal,M,Azul,5,60,300,No
2025-01-23,Vitoria,Publicidad,Pantalones,Montaña,40,Blanco,1,90,90,No
2025-01-04,Donostia,Rebajas,Pantalones,Montaña,L,Blanco,5,90,450,Sí
2025-01-07,Donostia,Rebajas,Jerseys,Forro Polar,M,Gris,4,80,320,Sí
2025-01-26,Bilbao,Publicidad,Chaquetas,Anorak,42,Blanco,1,120,120,No
2025-01-20,Bilbao,Rebajas,Sportwear,Térmica,40,Rojo,2,55,110,Sí
2025-01-25,Donostia,Publicidad,Calzado,Botas,M,Verde,2,110,220,Sí
2025-01-14,Pamplona,Publicidad,Jerseys,Chaqueta de Lana,L,Azul,4,130,520,Sí
2025-01-05,Bilbao,Publicidad,Sportwear,Térmica,44,Verde,3,55,165,Sí
2025-01-02,Pamplona,Publicidad,Calzado,Zapatillas,42,Azul,1,75,75,No
2025-01-27,Bilbao,Rebajas,Jerseys,Forro Polar,S,Negro,2,80,160,Sí
2025-01-23,Vitoria,Rebajas,Calzado,Sandalias,L,Negro,1,40,40,No
2025-01-07,Pamplona,Rebajas,Calzado,Botas,40,Verde,3,110,330,Sí
2025-01-27,Vitoria,Publicidad,Calzado,Botas,42,Rojo,1,110,110,Sí
2025-01-27,Bilbao,Rebajas,Chaquetas,Anorak,38,Verde,4,120,480,Sí
2025-01-13,Donostia,Publicidad,Calzado,Zapatillas,38,Verde,4,75,300,Sí
2025-01-04,Pamplona,Rebajas,Jerseys,Forro Polar,M,Gris,1,80,80,Sí
2025-01-15,Donostia,Rebajas,Pantalones,Chándal,42,Azul,2,60,120,No
2025-01-07,Pamplona,Publicidad,Jerseys,Forro Polar,42,Verde,2,80,160,Sí
2025-01-05,Bilbao,Publicidad,Chaquetas,Plumífero,40,Negro,3,150,450,Sí
2025-01-16,Bilbao,Rebajas,Jerseys,Chaqueta de Lana,38,Azul,2,130,260,Sí
2025-01-27,Pamplona,Publicidad,Sportwear,Camisetas,44,Blanco,3,30,90,No
2025-01-28,Donostia,Publicidad,Calzado,Botas,L,Gris,2,110,220,No
2025-01-26,Pamplona,Rebajas,Sportwear,Térmica,XL,Blanco,2,55,110,Sí
2025-01-11,Donostia,Publicidad,Pantalones,Montaña,M,Negro,4,90,360,Sí
2025-01-22,Vitoria,Rebajas,Jerseys,Chaqueta de Lana,44,Rojo,2,130,260,No
2025-01-08,Bilbao,Rebajas,Chaquetas,Plumífero,L,Verde,1,150,150,No
2025-01-12,Donostia,Publicidad,Pantalones,Chándal,L,Azul,5,60,300,Sí
2025-01-16,Pamplona,Publicidad,Sportwear,Térmica,XL,Negro,3,55,165,No
2025-01-17,Vitoria,Publicidad,Sportwear,Mallas,L,Gris,4,45,180,Sí
2025-01-28,Donostia,Publicidad,Sportwear,Térmica,44,Azul,1,55,55,Sí
2025-01-09,Vitoria,Publicidad,Jerseys,Chaqueta de Lana,S,Azul,4,130,520,No
2025-01-04,Donostia,Publicidad,Calzado,Sandalias,38,Gris,2,40,80,No
2025-01-13,Donostia,Rebajas,Calzado,Sandalias,XL,Blanco,2,40,80,No
2025-01-20,Pamplona,Publicidad,Sportwear,Camisetas,42,Azul,3,30,90,No
2025-01-05,Pamplona,Rebajas,Sportwear,Mallas,L,Gris,3,45,135,No
2025-01-19,Donostia,Rebajas,Jerseys,Chaqueta de Lana,40,Verde,4,130,520,Sí
2025-01-14,Bilbao,Publicidad,Jerseys,Forro Polar,42,Verde,4,80,320,Sí
2025-01-23,Vitoria,Publicidad,Calzado,Sandalias,42,Negro,2,40,80,No
2025-01-23,Bilbao,Rebajas,Calzado,Zapatillas,M,Verde,5,75,375,No
2025-01-04,Vitoria,Rebajas,Calzado,Zapatillas,44,Blanco,2,75,150,Sí
2025-01-21,Pamplona,Rebajas,Calzado,Botas,S,Blanco,2,110,220,Sí
2025-01-03,Vitoria,Rebajas,Jerseys,Chaqueta de Lana,42,Rojo,3,130,390,Sí
2025-01-03,Vitoria,Publicidad,Sportwear,Camisetas,S,Blanco,4,30,120,Sí
2025-01-08,Pamplona,Publicidad,Chaquetas,Plumífero,M,Negro,1,150,150,No
2025-01-19,Bilbao,Publicidad,Chaquetas,Plumífero,S,Negro,3,150,450,Sí
2025-01-19,Donostia,Rebajas,Pantalones,Chándal,S,Negro,4,60,240,Sí
2025-01-11,Vitoria,Publicidad,Chaquetas,Plumífero,40,Blanco,3,150,450,No
2025-01-25,Pamplona,Publicidad,Chaquetas,Anorak,42,Negro,5,120,600,No
2025-01-18,Pamplona,Rebajas,Sportwear,Térmica,38,Negro,2,55,110,No
2025-01-09,Vitoria,Rebajas,Sportwear,Camisetas,L,Azul,2,30,60,No
2025-01-07,Vitoria,Rebajas,Calzado,Botas,M,Rojo,5,110,550,Sí
2025-01-26,Donostia,Publicidad,Sportwear,Mallas,40,Rojo,3,45,135,Sí
2025-01-18,Vitoria,Rebajas,Jerseys,Forro Polar,XL,Rojo,4,80,320,No
2025-01-14,Donostia,Publicidad,Jerseys,Chaqueta de Lana,40,Blanco,5,130,650,Sí
2025-01-15,Pamplona,Rebajas,Chaquetas,Plumífero,S,Blanco,5,150,750,No
2025-01-07,Bilbao,Rebajas,Pantalones,Montaña,42,Azul,4,90,360,Sí
2025-01-08,Donostia,Publicidad,Chaquetas,Anorak,40,Blanco,3,120,360,Sí
2025-01-26,Pamplona,Rebajas,Calzado,Botas,40,Verde,5,110,550,Sí
2025-01-23,Vitoria,Publicidad,Calzado,Zapatillas,44,Rojo,1,75,75,Sí
2025-01-19,Pamplona,Rebajas,Chaquetas,Anorak,S,Gris,1,120,120,Sí
2025-01-03,Vitoria,Rebajas,Calzado,Botas,M,Rojo,2,110,220,No
2025-01-04,Vitoria,Publicidad,Sportwear,Mallas,S,Rojo,1,45,45,No
2025-01-25,Pamplona,Rebajas,Sportwear,Mallas,S,Verde,5,45,225,Sí
2025-01-03,Bilbao,Rebajas,Jerseys,Forro Polar,42,Gris,3,80,240,Sí
2025-01-18,Vitoria,Publicidad,Sportwear,Térmica,L,Rojo,1,55,55,No
2025-01-27,Donostia,Rebajas,Sportwear,Camisetas,40,Blanco,3,30,90,No
2025-01-06,Bilbao,Publicidad,Sportwear,Mallas,L,Negro,3,45,135,Sí
2025-01-15,Vitoria,Rebajas,Sportwear,Camisetas,42,Verde,2,30,60,No
2025-01-19,Donostia,Publicidad,Sportwear,Térmica,L,Verde,2,55,110,Sí
2025-01-28,Donostia,Rebajas,Sportwear,Mallas,42,Azul,4,45,180,No
2025-01-22,Donostia,Rebajas,Calzado,Botas,S,Verde,2,110,220,Sí
2025-01-24,Pamplona,Publicidad,Sportwear,Camisetas,L,Negro,1,30,30,Sí
2025-01-18,Donostia,Rebajas,Jerseys,Forro Polar,44,Verde,2,80,160,Sí
2025-01-04,Donostia,Publicidad,Calzado,Sandalias,42,Rojo,4,40,160,Sí
2025-01-02,Pamplona,Publicidad,Sportwear,Mallas,42,Azul,4,45,180,No
2025-01-02,Pamplona,Publicidad,Calzado,Zapatillas,44,Azul,3,75,225,Sí
2025-01-05,Vitoria,Rebajas,Sportwear,Camisetas,42,Blanco,4,30,120,Sí
2025-01-14,Donostia,Rebajas,Calzado,Zapatillas,XL,Verde,5,75,375,No
2025-01-05,Donostia,Rebajas,Jerseys,Forro Polar,M,Azul,3,80,240,Sí
2025-01-08,Pamplona,Rebajas,Calzado,Botas,S,Verde,1,110,110,Sí
2025-01-05,Pamplona,Publicidad,Calzado,Botas,40,Rojo,3,110,330,Sí
2025-01-16,Bilbao,Publicidad,Calzado,Sandalias,XL,Azul,5,40,200,No
2025-01-01,Pamplona,Publicidad,Sportwear,Mallas,42,Verde,1,45,45,No
2025-01-20,Vitoria,Publicidad,Sportwear,Térmica,XL,Gris,2,55,110,Sí
2025-01-19,Vitoria,Rebajas,Pantalones,Montaña,L,Blanco,4,90,360,No
2025-01-24,Pamplona,Publicidad,Pantalones,Montaña,L,Gris,1,90,90,No
2025-01-08,Pamplona,Rebajas,Jerseys,Forro Polar,38,Azul,5,80,400,Sí
2025-01-09,Bilbao,Rebajas,Calzado,Sandalias,M,Rojo,5,40,200,No
2025-01-27,Bilbao,Publicidad,Calzado,Zapatillas,38,Verde,3,75,225,Sí
2025-01-23,Vitoria,Publicidad,Chaquetas,Anorak,38,Rojo,5,120,600,No
2025-01-13,Donostia,Rebajas,Chaquetas,Plumífero,L,Gris,2,150,300,Sí
2025-01-05,Donostia,Publicidad,Pantalones,Montaña,M,Negro,2,90,180,Sí
2025-01-11,Bilbao,Publicidad,Calzado,Sandalias,L,Rojo,3,40,120,Sí
2025-01-16,Pamplona,Publicidad,Pantalones,Chándal,44,Blanco,3,60,180,Sí
2025-01-20,Pamplona,Rebajas,Jerseys,Chaqueta de Lana,M,Negro,4,130,520,Sí
2025-01-07,Donostia,Rebajas,Sportwear,Mallas,40,Blanco,3,45,135,Sí
2025-01-09,Pamplona,Publicidad,Calzado,Sandalias,38,Azul,5,40,200,Sí
2025-01-16,Bilbao,Rebajas,Sportwear,Mallas,40,Rojo,5,45,225,Sí
2025-01-01,Donostia,Publicidad,Sportwear,Mallas,40,Rojo,4,45,180,No
2025-01-11,Bilbao,Rebajas,Pantalones,Montaña,40,Blanco,2,90,180,Sí
2025-01-25,Vitoria,Publicidad,Calzado,Sandalias,40,Azul,4,40,160,Sí
2025-01-19,Vitoria,Rebajas,Chaquetas,Anorak,XL,Rojo,2,120,240,No
2025-01-01,Vitoria,Rebajas,Chaquetas,Anorak,38,Gris,1,120,120,No
2025-01-03,Pamplona,Publicidad,Sportwear,Camisetas,40,Negro,2,30,60,No
2025-01-15,Bilbao,Publicidad,Jerseys,Forro Polar,44,Verde,4,80,320,Sí
2025-01-17,Vitoria,Rebajas,Calzado,Botas,L,Gris,3,110,330,Sí
2025-01-19,Donostia,Publicidad,Sportwear,Mallas,S,Blanco,1,45,45,Sí
2025-01-16,Pamplona,Rebajas,Calzado,Botas,XL,Blanco,5,110,550,No
2025-01-04,Pamplona,Publicidad,Calzado,Sandalias,XL,Rojo,1,40,40,No
2025-01-19,Bilbao,Rebajas,Pantalones,Chándal,XL,Gris,3,60,180,Sí
2025-01-14,Vitoria,Rebajas,Chaquetas,Plumífero,40,Verde,4,150,600,No
2025-01-15,Donostia,Rebajas,Sportwear,Térmica,42,Azul,3,55,165,No
2025-01-03,Donostia,Publicidad,Calzado,Sandalias,S,Negro,2,40,80,Sí
2025-01-23,Bilbao,Rebajas,Sportwear,Camisetas,42,Azul,3,30,90,No
2025-01-07,Pamplona,Rebajas,Chaquetas,Anorak,38,Negro,5,120,600,Sí
2025-01-17,Donostia,Rebajas,Calzado,Zapatillas,S,Azul,4,75,300,Sí
2025-01-21,Donostia,Publicidad,Jerseys,Chaqueta de Lana,40,Azul,2,130,260,Sí
2025-01-27,Bilbao,Publicidad,Calzado,Zapatillas,M,Azul,5,75,375,Sí
2025-01-14,Donostia,Rebajas,Jerseys,Forro Polar,L,Verde,2,80,160,Sí
2025-01-26,Bilbao,Publicidad,Sportwear,Mallas,42,Azul,3,45,135,Sí
2025-01-22,Bilbao,Publicidad,Calzado,Sandalias,XL,Negro,5,40,200,No
2025-01-06,Donostia,Publicidad,Jerseys,Chaqueta de Lana,S,Gris,2,130,260,Sí
2025-01-01,Bilbao,Publicidad,Chaquetas,Anorak,S,Blanco,4,120,480,No
2025-01-25,Pamplona,Publicidad,Chaquetas,Plumífero,S,Blanco,3,150,450,No
2025-01-08,Donostia,Publicidad,Sportwear,Camisetas,S,Gris,3,30,90,No
2025-01-07,Pamplona,Rebajas,Jerseys,Chaqueta de Lana,S,Azul,5,130,650,No
2025-01-12,Bilbao,Rebajas,Jerseys,Forro Polar,L,Azul,2,80,160,No
2025-01-01,Pamplona,Publicidad,Sportwear,Térmica,44,Blanco,2,55,110,Sí
2025-01-05,Vitoria,Rebajas,Calzado,Botas,L,Azul,3,110,330,Sí
2025-01-28,Donostia,Rebajas,Calzado,Sandalias,38,Negro,2,40,80,No
2025-01-20,Vitoria,Rebajas,Chaquetas,Plumífero,42,Verde,5,150,750,Sí
2025-01-20,Vitoria,Rebajas,Jerseys,Chaqueta de Lana,44,Blanco,3,130,390,No
2025-01-08,Donostia,Publicidad,Sportwear,Térmica,44,Gris,3,55,165,Sí
2025-01-10,Vitoria,Rebajas,Pantalones,Montaña,38,Rojo,4,90,360,Sí
2025-01-04,Bilbao,Rebajas,Jerseys,Chaqueta de Lana,S,Gris,2,130,260,No
2025-01-02,Donostia,Rebajas,Pantalones,Montaña,44,Rojo,3,90,270,No
2025-01-12,Donostia,Publicidad,Pantalones,Montaña,40,Verde,1,90,90,No
2025-01-20,Vitoria,Publicidad,Pantalones,Chándal,XL,Rojo,5,60,300,No
2025-01-11,Vitoria,Publicidad,Calzado,Botas,38,Negro,4,110,440,No
2025-01-03,Pamplona,Rebajas,Sportwear,Térmica,S,Verde,5,55,275,No
2025-01-18,Pamplona,Publicidad,Calzado,Sandalias,XL,Azul,4,40,160,No
2025-01-23,Pamplona,Rebajas,Pantalones,Chándal,38,Negro,3,60,180,No
2025-01-27,Pamplona,Rebajas,Calzado,Botas,XL,Verde,3,110,330,Sí
2025-01-09,Donostia,Publicidad,Chaquetas,Anorak,L,Azul,5,120,600,No
2025-01-21,Pamplona,Publicidad,Pantalones,Montaña,XL,Gris,5,90,450,No
2025-01-19,Pamplona,Publicidad,Sportwear,Térmica,42,Negro,4,55,220,No
2025-01-13,Donostia,Rebajas,Sportwear,Camisetas,L,Rojo,1,30,30,Sí
2025-01-15,Pamplona,Publicidad,Sportwear,Camisetas,42,Azul,3,30,90,No
2025-01-26,Donostia,Rebajas,Sportwear,Térmica,42,Rojo,4,55,220,No
2025-01-17,Vitoria,Publicidad,Jerseys,Forro Polar,44,Rojo,4,80,320,Sí
2025-01-15,Pamplona,Rebajas,Pantalones,Montaña,L,Azul,2,90,180,No
2025-01-10,Vitoria,Publicidad,Pantalones,Montaña,M,Negro,1,90,90,Sí
2025-01-20,Vitoria,Publicidad,Pantalones,Chándal,38,Rojo,3,60,180,Sí
2025-01-19,Vitoria,Rebajas,Jerseys,Forro Polar,M,Negro,2,80,160,No
2025-01-24,Vitoria,Rebajas,Calzado,Zapatillas,40,Azul,5,75,375,No
2025-01-18,Pamplona,Publicidad,Pantalones,Montaña,S,Gris,3,90,270,No
2025-01-17,Vitoria,Rebajas,Jerseys,Chaqueta de Lana,L,Gris,5,130,650,No
2025-01-23,Bilbao,Rebajas,Sportwear,Mallas,S,Negro,5,45,225,Sí
2025-01-16,Bilbao,Publicidad,Jerseys,Forro Polar,42,Negro,1,80,80,Sí
2025-01-22,Pamplona,Publicidad,Calzado,Botas,38,Verde,3,110,330,No
2025-01-23,Donostia,Rebajas,Chaquetas,Anorak,38,Blanco,3,120,360,No
2025-01-02,Donostia,Rebajas,Pantalones,Montaña,38,Negro,5,90,450,No
2025-01-15,Donostia,Rebajas,Chaquetas,Anorak,L,Negro,1,120,120,No
2025-01-11,Bilbao,Publicidad,Calzado,Botas,XL,Gris,1,110,110,Sí
2025-01-15,Pamplona,Publicidad,Calzado,Botas,M,Rojo,3,110,330,No
2025-01-15,Pamplona,Publicidad,Pantalones,Chándal,S,Verde,1,60,60,No
2025-01-23,Vitoria,Rebajas,Chaquetas,Plumífero,M,Negro,1,150,150,Sí
2025-01-14,Pamplona,Publicidad,Sportwear,Camisetas,M,Verde,4,30,120,No
2025-01-03,Bilbao,Publicidad,Sportwear,Mallas,40,Negro,1,45,45,Sí
2025-01-08,Donostia,Publicidad,Sportwear,Camisetas,S,Rojo,5,30,150,No
2025-01-19,Donostia,Publicidad,Chaquetas,Plumífero,42,Gris,2,150,300,Sí
2025-01-09,Donostia,Rebajas,Pantalones,Chándal,XL,Gris,2,60,120,Sí
2025-01-27,Bilbao,Publicidad,Jerseys,Forro Polar,M,Negro,2,80,160,No
2025-01-04,Bilbao,Rebajas,Calzado,Botas,M,Verde,2,110,220,Sí
2025-01-01,Bilbao,Publicidad,Chaquetas,Anorak,40,Verde,5,120,600,No
2025-01-13,Vitoria,Rebajas,Chaquetas,Plumífero,40,Blanco,4,150,600,Sí
2025-01-23,Pamplona,Publicidad,Calzado,Botas,44,Verde,1,110,110,Sí
2025-01-02,Donostia,Rebajas,Jerseys,Forro Polar,42,Negro,1,80,80,Sí
2025-01-02,Pamplona,Publicidad,Calzado,Sandalias,L,Negro,2,40,80,Sí
2025-01-22,Pamplona,Publicidad,Sportwear,Camisetas,L,Negro,2,30,60,No
2025-01-12,Pamplona,Publicidad,Calzado,Botas,44,Verde,5,110,550,No
2025-01-19,Pamplona,Rebajas,Sportwear,Térmica,M,Negro,3,55,165,No
2025-01-13,Vitoria,Publicidad,Chaquetas,Anorak,44,Azul,4,120,480,Sí
2025-01-25,Pamplona,Publicidad,Pantalones,Chándal,40,Gris,3,60,180,No
2025-01-28,Bilbao,Rebajas,Sportwear,Térmica,L,Rojo,1,55,55,Sí
2025-01-23,Donostia,Publicidad,Chaquetas,Anorak,XL,Gris,1,120,120,Sí
2025-01-16,Pamplona,Publicidad,Chaquetas,Anorak,42,Gris,1,120,120,No
2025-01-04,Vitoria,Rebajas,Pantalones,Montaña,38,Blanco,5,90,450,Sí
2025-01-18,Pamplona,Publicidad,Pantalones,Chándal,42,Gris,4,60,240,No
2025-01-02,Pamplona,Publicidad,Calzado,Zapatillas,40,Azul,5,75,375,Sí
2025-01-07,Pamplona,Publicidad,Jerseys,Chaqueta de Lana,40,Azul,1,130,130,No
2025-01-16,Donostia,Publicidad,Calzado,Botas,S,Negro,4,110,440,No
2025-01-21,Pamplona,Rebajas,Sportwear,Mallas,38,Rojo,2,45,90,Sí
2025-01-17,Bilbao,Rebajas,Jerseys,Chaqueta de Lana,38,Gris,1,130,130,No
2025-01-12,Pamplona,Rebajas,Sportwear,Camisetas,S,Rojo,2,30,60,No
2025-01-24,Donostia,Publicidad,Pantalones,Chándal,44,Rojo,3,60,180,Sí
2025-01-28,Donostia,Publicidad,Sportwear,Térmica,S,Verde,5,55,275,Sí
2025-01-10,Vitoria,Publicidad,Jerseys,Forro Polar,40,Gris,3,80,240,No
2025-01-08,Vitoria,Publicidad,Jerseys,Forro Polar,38,Verde,4,80,320,Sí
2025-01-17,Vitoria,Publicidad,Chaquetas,Anorak,S,Azul,4,120,480,No
2025-01-08,Donostia,Rebajas,Jerseys,Forro Polar,44,Rojo,4,80,320,No
2025-01-14,Pamplona,Rebajas,Pantalones,Montaña,M,Azul,1,90,90,No
2025-01-02,Pamplona,Rebajas,Pantalones,Chándal,XL,Verde,2,60,120,Sí
2025-01-21,Pamplona,Publicidad,Calzado,Sandalias,XL,Azul,4,40,160,Sí
2025-01-24,Pamplona,Publicidad,Chaquetas,Anorak,42,Negro,4,120,480,No
2025-01-23,Vitoria,Publicidad,Pantalones,Chándal,40,Blanco,3,60,180,No
2025-01-22,Pamplona,Publicidad,Chaquetas,Anorak,38,Gris,1,120,120,No
2025-01-21,Bilbao,Publicidad,Chaquetas,Plumífero,44,Azul,2,150,300,No
2025-01-27,Pamplona,Rebajas,Calzado,Zapatillas,40,Verde,2,75,150,Sí
2025-01-22,Bilbao,Rebajas,Pantalones,Montaña,XL,Rojo,5,90,450,No
2025-01-20,Donostia,Publicidad,Pantalones,Chándal,XL,Gris,2,60,120,Sí
2025-01-21,Donostia,Rebajas,Sportwear,Camisetas,40,Blanco,2,30,60,No
2025-01-04,Bilbao,Publicidad,Chaquetas,Plumífero,XL,Rojo,4,150,600,Sí
2025-01-10,Pamplona,Rebajas,Pantalones,Montaña,38,Gris,2,90,180,Sí
2025-01-15,Donostia,Rebajas,Calzado,Botas,L,Verde,1,110,110,Sí
2025-01-10,Donostia,Publicidad,Jerseys,Chaqueta de Lana,L,Gris,1,130,130,No
2025-01-05,Bilbao,Rebajas,Sportwear,Camisetas,44,Blanco,4,30,120,No
2025-01-24,Donostia,Rebajas,Jerseys,Chaqueta de Lana,42,Rojo,2,130,260,Sí
2025-01-24,Vitoria,Rebajas,Jerseys,Chaqueta de Lana,XL,Verde,5,130,650,No
2025-01-17,Vitoria,Publicidad,Calzado,Sandalias,S,Gris,1,40,40,Sí
2025-01-07,Bilbao,Publicidad,Calzado,Botas,S,Blanco,5,110,550,Sí
2025-01-02,Bilbao,Publicidad,Calzado,Botas,40,Azul,4,110,440,Sí
2025-01-04,Pamplona,Rebajas,Pantalones,Montaña,40,Blanco,1,90,90,No
2025-01-07,Bilbao,Publicidad,Calzado,Zapatillas,40,Rojo,3,75,225,No
2025-01-21,Pamplona,Rebajas,Sportwear,Térmica,42,Gris,3,55,165,No
2025-01-21,Donostia,Rebajas,Sportwear,Camisetas,S,Rojo,5,30,150,Sí
2025-01-09,Bilbao,Rebajas,Sportwear,Térmica,40,Azul,4,55,220,No
2025-01-03,Donostia,Publicidad,Jerseys,Chaqueta de Lana,38,Blanco,4,130,520,No
2025-01-07,Pamplona,Publicidad,Pantalones,Montaña,L,Negro,4,90,360,No
2025-01-06,Vitoria,Rebajas,Pantalones,Chándal,38,Verde,2,60,120,No
2025-01-19,Donostia,Publicidad,Pantalones,Chándal,44,Gris,1,60,60,No
2025-01-24,Donostia,Rebajas,Chaquetas,Plumífero,44,Gris,5,150,750,Sí
2025-01-16,Donostia,Publicidad,Sportwear,Térmica,L,Gris,1,55,55,Sí
2025-01-11,Bilbao,Publicidad,Jerseys,Forro Polar,XL,Gris,3,80,240,Sí
2025-01-17,Pamplona,Rebajas,Pantalones,Montaña,38,Blanco,5,90,450,No
2025-01-06,Donostia,Rebajas,Pantalones,Montaña,L,Negro,3,90,270,No
2025-01-03,Pamplona,Publicidad,Pantalones,Montaña,L,Gris,2,90,180,No
2025-01-11,Vitoria,Rebajas,Calzado,Sandalias,40,Blanco,1,40,40,Sí
2025-01-13,Bilbao,Rebajas,Sportwear,Térmica,XL,Rojo,3,55,165,Sí
2025-01-03,Pamplona,Publicidad,Chaquetas,Anorak,L,Verde,4,120,480,No
2025-01-22,Bilbao,Rebajas,Chaquetas,Plumífero,L,Rojo,2,150,300,Sí
2025-01-27,Vitoria,Publicidad,Pantalones,Montaña,44,Blanco,4,90,360,Sí
2025-01-01,Bilbao,Publicidad,Sportwear,Térmica,M,Negro,3,55,165,No
2025-01-06,Pamplona,Rebajas,Calzado,Sandalias,S,Negro,5,40,200,No
2025-01-19,Vitoria,Publicidad,Calzado,Zapatillas,L,Verde,4,75,300,Sí
2025-01-21,Bilbao,Rebajas,Pantalones,Chándal,42,Gris,5,60,300,Sí
2025-01-12,Bilbao,Publicidad,Sportwear,Camisetas,44,Rojo,3,30,90,Sí
2025-01-17,Donostia,Publicidad,Pantalones,Chándal,XL,Gris,2,60,120,Sí
2025-01-09,Vitoria,Publicidad,Sportwear,Mallas,XL,Verde,3,45,135,Sí
2025-01-09,Donostia,Rebajas,Sportwear,Mallas,42,Azul,4,45,180,Sí
2025-01-12,Pamplona,Publicidad,Chaquetas,Plumífero,M,Blanco,1,150,150,No
2025-01-04,Vitoria,Rebajas,Jerseys,Forro Polar,M,Azul,1,80,80,No
2025-01-04,Pamplona,Rebajas,Pantalones,Montaña,L,Azul,5,90,450,Sí
2025-01-18,Pamplona,Rebajas,Calzado,Sandalias,44,Rojo,4,40,160,Sí
2025-01-26,Pamplona,Publicidad,Calzado,Zapatillas,38,Gris,2,75,150,No
2025-01-28,Pamplona,Publicidad,Chaquetas,Anorak,XL,Azul,1,120,120,No
2025-01-26,Bilbao,Publicidad,Calzado,Zapatillas,42,Blanco,5,75,375,No
2025-01-22,Bilbao,Rebajas,Sportwear,Térmica,38,Negro,2,55,110,Sí
2025-01-23,Donostia,Rebajas,Calzado,Botas,XL,Gris,4,110,440,No
2025-01-15,Donostia,Rebajas,Chaquetas,Anorak,42,Negro,5,120,600,Sí
2025-01-16,Pamplona,Rebajas,Calzado,Botas,42,Azul,2,110,220,No
2025-01-14,Bilbao,Rebajas,Pantalones,Chándal,M,Negro,3,60,180,Sí
2025-01-14,Bilbao,Rebajas,Sportwear,Camisetas,44,Rojo,2,30,60,Sí
2025-01-03,Donostia,Publicidad,Calzado,Sandalias,40,Azul,5,40,200,Sí
2025-01-11,Pamplona,Rebajas,Pantalones,Montaña,42,Gris,2,90,180,No
2025-01-08,Bilbao,Publicidad,Chaquetas,Plumífero,M,Blanco,5,150,750,No
2025-01-17,Vitoria,Rebajas,Calzado,Botas,42,Gris,4,110,440,No
2025-01-15,Donostia,Rebajas,Chaquetas,Anorak,44,Rojo,1,120,120,Sí
2025-01-13,Vitoria,Rebajas,Calzado,Sandalias,40,Blanco,3,40,120,No
2025-01-07,Vitoria,Publicidad,Calzado,Sandalias,XL,Negro,2,40,80,No
2025-01-22,Vitoria,Rebajas,Calzado,Zapatillas,XL,Verde,5,75,375,No
2025-01-10,Pamplona,Publicidad,Calzado,Botas,S,Rojo,2,110,220,No
2025-01-13,Vitoria,Rebajas,Chaquetas,Plumífero,42,Rojo,5,150,750,Sí
2025-01-19,Pamplona,Publicidad,Jerseys,Chaqueta de Lana,44,Azul,2,130,260,Sí
2025-01-26,Vitoria,Publicidad,Chaquetas,Anorak,M,Verde,3,120,360,No
2025-01-13,Pamplona,Rebajas,Chaquetas,Anorak,42,Verde,2,120,240,Sí
2025-01-24,Bilbao,Publicidad,Calzado,Zapatillas,XL,Blanco,4,75,300,Sí
2025-01-26,Vitoria,Rebajas,Calzado,Zapatillas,44,Rojo,2,75,150,Sí
2025-01-17,Donostia,Publicidad,Calzado,Sandalias,M,Verde,4,40,160,Sí
2025-01-22,Pamplona,Rebajas,Jerseys,Forro Polar,42,Azul,2,80,160,Sí
2025-01-24,Pamplona,Publicidad,Chaquetas,Plumífero,44,Negro,4,150,600,Sí
2025-01-04,Vitoria,Publicidad,Sportwear,Mallas,XL,Blanco,2,45,90,Sí
2025-01-04,Bilbao,Rebajas,Pantalones,Montaña,42,Verde,4,90,360,Sí
2025-01-17,Vitoria,Rebajas,Chaquetas,Plumífero,38,Azul,4,150,600,Sí
2025-01-26,Bilbao,Rebajas,Sportwear,Mallas,M,Gris,5,45,225,Sí
2025-01-06,Vitoria,Publicidad,Calzado,Sandalias,44,Verde,3,40,120,Sí
2025-01-08,Pamplona,Rebajas,Calzado,Sandalias,M,Negro,2,40,80,Sí
2025-01-19,Bilbao,Rebajas,Pantalones,Chándal,44,Gris,5,60,300,Sí
2025-01-25,Vitoria,Publicidad,Jerseys,Chaqueta de Lana,38,Gris,3,130,390,No
2025-01-04,Bilbao,Publicidad,Sportwear,Mallas,44,Negro,4,45,180,Sí
2025-01-15,Bilbao,Publicidad,Sportwear,Mallas,XL,Rojo,2,45,90,Sí
2025-01-08,Vitoria,Publicidad,Pantalones,Montaña,XL,Azul,1,90,90,No
2025-01-05,Bilbao,Publicidad,Sportwear,Mallas,XL,Negro,4,45,180,No
2025-01-03,Vitoria,Publicidad,Calzado,Zapatillas,44,Rojo,1,75,75,Sí
2025-01-06,Bilbao,Publicidad,Calzado,Sandalias,42,Verde,4,40,160,No
2025-01-12,Bilbao,Rebajas,Chaquetas,Anorak,L,Rojo,4,120,480,No
2025-01-09,Vitoria,Publicidad,Calzado,Zapatillas,42,Gris,3,75,225,No
2025-01-03,Vitoria,Rebajas,Chaquetas,Anorak,M,Negro,4,120,480,No
2025-01-22,Vitoria,Publicidad,Jerseys,Forro Polar,S,Blanco,2,80,160,Sí
2025-01-11,Donostia,Publicidad,Chaquetas,Anorak,42,Verde,2,120,240,Sí
2025-01-14,Bilbao,Rebajas,Jerseys,Forro Polar,M,Negro,4,80,320,No
2025-01-24,Pamplona,Publicidad,Pantalones,Chándal,38,Negro,4,60,240,Sí
2025-01-17,Donostia,Publicidad,Chaquetas,Plumífero,42,Azul,2,150,300,Sí
2025-01-12,Vitoria,Publicidad,Pantalones,Chándal,M,Blanco,2,60,120,Sí
2025-01-16,Vitoria,Publicidad,Calzado,Botas,XL,Blanco,4,110,440,Sí
2025-01-07,Bilbao,Rebajas,Calzado,Botas,40,Verde,5,110,550,No
2025-01-08,Donostia,Rebajas,Sportwear,Mallas,38,Verde,4,45,180,Sí
2025-01-18,Bilbao,Publicidad,Jerseys,Forro Polar,XL,Rojo,4,80,320,No
2025-01-12,Bilbao,Rebajas,Calzado,Sandalias,S,Blanco,4,40,160,Sí
2025-01-18,Pamplona,Rebajas,Pantalones,Montaña,S,Verde,5,90,450,No
2025-01-27,Pamplona,Rebajas,Pantalones,Montaña,XL,Rojo,4,90,360,No
2025-01-04,Vitoria,Publicidad,Jerseys,Forro Polar,S,Negro,2,80,160,Sí
2025-01-17,Pamplona,Rebajas,Calzado,Botas,40,Blanco,3,110,330,No
2025-01-21,Pamplona,Rebajas,Pantalones,Chándal,XL,Verde,3,60,180,No
2025-01-28,Pamplona,Rebajas,Calzado,Botas,42,Gris,1,110,110,Sí
2025-01-08,Bilbao,Publicidad,Sportwear,Térmica,L,Blanco,5,55,275,No
2025-01-15,Bilbao,Rebajas,Sportwear,Térmica,42,Gris,5,55,275,Sí
2025-01-20,Vitoria,Publicidad,Jerseys,Forro Polar,S,Gris,5,80,400,No
2025-01-07,Pamplona,Publicidad,Calzado,Botas,44,Blanco,5,110,550,Sí
2025-01-12,Pamplona,Rebajas,Pantalones,Chándal,M,Azul,4,60,240,Sí
2025-01-11,Donostia,Rebajas,Jerseys,Forro Polar,44,Verde,4,80,320,Sí
2025-01-10,Vitoria,Rebajas,Sportwear,Camisetas,L,Blanco,4,30,120,No
2025-01-11,Donostia,Publicidad,Pantalones,Montaña,38,Blanco,3,90,270,No
2025-01-20,Vitoria,Rebajas,Calzado,Zapatillas,40,Gris,1,75,75,Sí
2025-01-02,Bilbao,Publicidad,Chaquetas,Anorak,L,Negro,4,120,480,Sí
2025-01-09,Bilbao,Rebajas,Chaquetas,Anorak,40,Negro,5,120,600,Sí
2025-01-06,Pamplona,Publicidad,Pantalones,Chándal,M,Verde,5,60,300,Sí
2025-01-07,Pamplona,Publicidad,Sportwear,Camisetas,L,Blanco,3,30,90,No
2025-01-09,Pamplona,Publicidad,Calzado,Botas,40,Verde,5,110,550,No
2025-01-21,Vitoria,Rebajas,Chaquetas,Plumífero,38,Gris,2,150,300,Sí
2025-01-04,Vitoria,Publicidad,Jerseys,Forro Polar,44,Verde,2,80,160,No
2025-01-18,Pamplona,Publicidad,Calzado,Botas,44,Negro,5,110,550,Sí
2025-01-03,Bilbao,Publicidad,Jerseys,Forro Polar,M,Rojo,2,80,160,No
2025-01-26,Pamplona,Publicidad,Sportwear,Camisetas,42,Gris,5,30,150,No
2025-01-25,Pamplona,Publicidad,Pantalones,Montaña,40,Blanco,5,90,450,No
2025-01-04,Pamplona,Publicidad,Sportwear,Mallas,38,Azul,1,45,45,No
2025-01-03,Pamplona,Publicidad,Jerseys,Chaqueta de Lana,XL,Gris,3,130,390,No
2025-01-12,Pamplona,Publicidad,Chaquetas,Anorak,42,Verde,3,120,360,No
2025-01-08,Pamplona,Publicidad,Pantalones,Chándal,XL,Rojo,5,60,300,Sí
2025-01-28,Vitoria,Publicidad,Jerseys,Forro Polar,XL,Rojo,1,80,80,Sí
2025-01-22,Pamplona,Rebajas,Calzado,Zapatillas,42,Blanco,3,75,225,No
2025-01-20,Bilbao,Rebajas,Jerseys,Forro Polar,42,Negro,1,80,80,No
2025-01-07,Bilbao,Rebajas,Calzado,Zapatillas,40,Negro,5,75,375,No
2025-01-26,Vitoria,Publicidad,Sportwear,Camisetas,40,Gris,3,30,90,Sí
2025-01-01,Pamplona,Rebajas,Jerseys,Chaqueta de Lana,42,Gris,2,130,260,Sí
2025-01-20,Donostia,Publicidad,Chaquetas,Anorak,XL,Rojo,2,120,240,Sí
2025-01-02,Pamplona,Rebajas,Sportwear,Camisetas,L,Azul,3,30,90,Sí
2025-01-21,Vitoria,Publicidad,Calzado,Sandalias,XL,Azul,4,40,160,Sí
2025-01-23,Bilbao,Rebajas,Calzado,Zapatillas,XL,Gris,4,75,300,Sí
2025-01-16,Pamplona,Rebajas,Calzado,Zapatillas,L,Blanco,3,75,225,No
2025-01-25,Vitoria,Publicidad,Pantalones,Montaña,44,Rojo,1,90,90,No
2025-01-23,Donostia,Publicidad,Chaquetas,Plumífero,40,Blanco,4,150,600,No
2025-01-12,Bilbao,Rebajas,Jerseys,Forro Polar,M,Verde,4,80,320,Sí
2025-01-10,Vitoria,Publicidad,Sportwear,Mallas,38,Blanco,4,45,180,No
2025-01-22,Bilbao,Publicidad,Calzado,Botas,38,Rojo,3,110,330,Sí
2025-01-03,Donostia,Rebajas,Pantalones,Montaña,44,Gris,4,90,360,No
2025-01-22,Bilbao,Rebajas,Chaquetas,Anorak,44,Rojo,4,120,480,No
2025-01-19,Pamplona,Publicidad,Calzado,Sandalias,L,Rojo,2,40,80,No
2025-01-12,Pamplona,Rebajas,Sportwear,Camisetas,42,Blanco,1,30,30,No
2025-01-22,Donostia,Publicidad,Pantalones,Montaña,42,Verde,1,90,90,Sí
2025-01-07,Vitoria,Publicidad,Pantalones,Montaña,40,Azul,5,90,450,Sí
2025-01-03,Pamplona,Publicidad,Pantalones,Montaña,38,Blanco,5,90,450,No
2025-01-25,Vitoria,Rebajas,Chaquetas,Plumífero,S,Verde,2,150,300,No
2025-01-16,Pamplona,Publicidad,Jerseys,Chaqueta de Lana,40,Azul,1,130,130,No
2025-01-17,Vitoria,Rebajas,Jerseys,Forro Polar,L,Azul,5,80,400,No
2025-01-26,Donostia,Rebajas,Calzado,Sandalias,L,Rojo,4,40,160,Sí
2025-01-23,Donostia,Rebajas,Calzado,Zapatillas,L,Rojo,1,75,75,No
2025-01-14,Vitoria,Publicidad,Sportwear,Mallas,XL,Negro,3,45,135,No
2025-01-02,Bilbao,Publicidad,Pantalones,Chándal,L,Blanco,4,60,240,Sí
2025-01-19,Donostia,Rebajas,Sportwear,Mallas,S,Blanco,1,45,45,No
2025-01-28,Pamplona,Rebajas,Sportwear,Mallas,42,Negro,4,45,180,No
2025-01-12,Bilbao,Rebajas,Sportwear,Camisetas,L,Gris,3,30,90,Sí
2025-01-10,Donostia,Publicidad,Sportwear,Térmica,S,Blanco,3,55,165,No
2025-01-27,Donostia,Publicidad,Pantalones,Chándal,42,Verde,1,60,60,No
2025-01-20,Donostia,Rebajas,Pantalones,Montaña,38,Negro,5,90,450,No
2025-01-26,Donostia,Publicidad,Sportwear,Camisetas,38,Verde,4,30,120,No
2025-01-02,Bilbao,Publicidad,Calzado,Botas,XL,Gris,3,110,330,No
2025-01-19,Bilbao,Publicidad,Chaquetas,Plumífero,44,Blanco,2,150,300,Sí
2025-01-13,Pamplona,Rebajas,Chaquetas,Anorak,40,Blanco,2,120,240,No
2025-01-09,Pamplona,Publicidad,Calzado,Zapatillas,S,Azul,4,75,300,No
2025-01-24,Bilbao,Rebajas,Jerseys,Forro Polar,42,Blanco,3,80,240,No
2025-01-21,Bilbao,Publicidad,Sportwear,Mallas,42,Blanco,3,45,135,Sí
2025-01-09,Vitoria,Publicidad,Pantalones,Chándal,M,Blanco,1,60,60,Sí
2025-01-19,Donostia,Publicidad,Calzado,Sandalias,42,Rojo,4,40,160,Sí
2025-01-18,Bilbao,Publicidad,Chaquetas,Anorak,S,Blanco,1,120,120,No
2025-01-16,Pamplona,Rebajas,Calzado,Sandalias,44,Blanco,1,40,40,No
2025-01-21,Bilbao,Rebajas,Pantalones,Chándal,M,Gris,2,60,120,Sí
2025-01-10,Pamplona,Rebajas,Chaquetas,Anorak,L,Negro,1,120,120,Sí
2025-01-28,Vitoria,Rebajas,Chaquetas,Anorak,40,Blanco,1,120,120,No
2025-01-07,Vitoria,Publicidad,Sportwear,Camisetas,44,Negro,2,30,60,No
2025-01-09,Pamplona,Publicidad,Sportwear,Térmica,L,Rojo,5,55,275,Sí
2025-01-24,Pamplona,Rebajas,Sportwear,Camisetas,S,Rojo,3,30,90,No
2025-01-01,Pamplona,Publicidad,Chaquetas,Anorak,44,Gris,4,120,480,Sí
2025-01-09,Bilbao,Publicidad,Calzado,Sandalias,XL,Verde,1,40,40,No
2025-01-08,Pamplona,Rebajas,Calzado,Zapatillas,S,Gris,4,75,300,Sí
2025-01-26,Donostia,Publicidad,Pantalones,Montaña,XL,Rojo,1,90,90,Sí
2025-01-06,Vitoria,Rebajas,Jerseys,Chaqueta de Lana,XL,Negro,4,130,520,Sí
2025-01-20,Pamplona,Publicidad,Calzado,Zapatillas,40,Blanco,1,75,75,Sí
2025-01-04,Donostia,Rebajas,Chaquetas,Anorak,L,Azul,1,120,120,No
2025-01-28,Pamplona,Rebajas,Calzado,Botas,44,Gris,5,110,550,No
2025-01-20,Bilbao,Publicidad,Calzado,Botas,44,Azul,4,110,440,No
2025-01-28,Pamplona,Rebajas,Sportwear,Térmica,38,Verde,4,55,220,No
2025-01-21,Pamplona,Rebajas,Sportwear,Térmica,38,Rojo,4,55,220,No
2025-01-19,Pamplona,Publicidad,Chaquetas,Anorak,XL,Rojo,5,120,600,Sí
2025-01-19,Bilbao,Rebajas,Calzado,Sandalias,44,Negro,1,40,40,No
2025-01-17,Pamplona,Publicidad,Sportwear,Térmica,M,Rojo,5,55,275,Sí
2025-01-01,Bilbao,Publicidad,Jerseys,Chaqueta de Lana,XL,Azul,5,130,650,No
2025-01-27,Donostia,Rebajas,Chaquetas,Plumífero,42,Azul,2,150,300,Sí
2025-01-07,Bilbao,Rebajas,Calzado,Botas,M,Blanco,3,110,330,Sí
2025-01-15,Bilbao,Rebajas,Calzado,Zapatillas,42,Blanco,4,75,300,Sí
2025-01-13,Vitoria,Publicidad,Calzado,Zapatillas,38,Verde,2,75,150,No
2025-01-03,Pamplona,Publicidad,Sportwear,Camisetas,40,Rojo,1,30,30,No
2025-01-09,Pamplona,Rebajas,Sportwear,Mallas,L,Verde,5,45,225,Sí
2025-01-07,Donostia,Rebajas,Chaquetas,Anorak,L,Gris,2,120,240,Sí
2025-01-19,Vitoria,Rebajas,Calzado,Botas,M,Gris,2,110,220,No
2025-01-23,Pamplona,Rebajas,Calzado,Botas,44,Rojo,5,110,550,Sí
2025-01-08,Donostia,Publicidad,Calzado,Zapatillas,40,Rojo,2,75,150,Sí
2025-01-02,Vitoria,Publicidad,Calzado,Sandalias,M,Rojo,5,40,200,No
2025-01-19,Bilbao,Rebajas,Sportwear,Camisetas,44,Gris,1,30,30,Sí
2025-01-04,Pamplona,Publicidad,Sportwear,Térmica,44,Verde,4,55,220,Sí
2025-01-19,Pamplona,Rebajas,Calzado,Zapatillas,S,Azul,5,75,375,Sí
2025-01-06,Bilbao,Rebajas,Sportwear,Camisetas,42,Gris,2,30,60,No
2025-01-21,Pamplona,Rebajas,Jerseys,Forro Polar,M,Rojo,2,80,160,Sí
2025-01-25,Pamplona,Rebajas,Sportwear,Térmica,XL,Azul,2,55,110,Sí
2025-01-01,Bilbao,Rebajas,Sportwear,Camisetas,S,Azul,2,30,60,No
2025-01-07,Vitoria,Rebajas,Jerseys,Forro Polar,S,Verde,2,80,160,Sí
2025-01-23,Pamplona,Publicidad,Chaquetas,Plumífero,XL,Blanco,3,150,450,Sí
2025-01-25,Pamplona,Publicidad,Sportwear,Térmica,S,Rojo,3,55,165,No
2025-01-28,Donostia,Publicidad,Sportwear,Mallas,S,Azul,3,45,135,Sí
2025-01-11,Donostia,Publicidad,Jerseys,Forro Polar,42,Gris,1,80,80,Sí
2025-01-05,Pamplona,Publicidad,Pantalones,Montaña,42,Blanco,2,90,180,No
2025-01-24,Bilbao,Publicidad,Calzado,Botas,L,Rojo,5,110,550,No
2025-01-03,Donostia,Rebajas,Jerseys,Chaqueta de Lana,M,Gris,4,130,520,Sí
2025-01-23,Bilbao,Rebajas,Pantalones,Montaña,S,Verde,3,90,270,Sí
2025-01-25,Bilbao,Rebajas,Sportwear,Mallas,M,Gris,5,45,225,No
2025-01-07,Pamplona,Rebajas,Sportwear,Mallas,38,Azul,1,45,45,No
2025-01-04,Vitoria,Rebajas,Pantalones,Montaña,38,Verde,3,90,270,Sí
2025-01-28,Vitoria,Publicidad,Jerseys,Forro Polar,XL,Rojo,4,80,320,No
2025-01-26,Vitoria,Publicidad,Sportwear,Térmica,M,Verde,5,55,275,Sí
2025-01-01,Donostia,Rebajas,Calzado,Zapatillas,42,Gris,1,75,75,Sí
2025-01-06,Pamplona,Rebajas,Sportwear,Camisetas,42,Negro,4,30,120,Sí
2025-01-13,Donostia,Publicidad,Calzado,Botas,L,Verde,1,110,110,Sí
2025-01-23,Pamplona,Rebajas,Chaquetas,Plumífero,L,Rojo,5,150,750,Sí
2025-01-15,Vitoria,Rebajas,Jerseys,Forro Polar,S,Gris,4,80,320,No
2025-01-04,Bilbao,Publicidad,Chaquetas,Anorak,40,Gris,1,120,120,Sí
2025-01-27,Donostia,Rebajas,Chaquetas,Anorak,40,Negro,4,120,480,Sí
2025-01-17,Vitoria,Publicidad,Jerseys,Chaqueta de Lana,XL,Azul,3,130,390,Sí
2025-01-04,Bilbao,Publicidad,Pantalones,Chándal,L,Azul,2,60,120,No
2025-01-06,Donostia,Publicidad,Sportwear,Térmica,42,Gris,3,55,165,Sí
2025-01-26,Bilbao,Publicidad,Sportwear,Térmica,38,Verde,5,55,275,Sí
2025-01-18,Donostia,Rebajas,Sportwear,Térmica,40,Verde,1,55,55,Sí
2025-01-19,Bilbao,Publicidad,Chaquetas,Anorak,42,Azul,3,120,360,No
2025-01-15,Donostia,Publicidad,Pantalones,Montaña,L,Negro,1,90,90,No
2025-01-26,Pamplona,Rebajas,Chaquetas,Plumífero,L,Verde,2,150,300,Sí
2025-01-25,Pamplona,Publicidad,Sportwear,Mallas,42,Negro,4,45,180,Sí
2025-01-07,Bilbao,Rebajas,Pantalones,Chándal,40,Negro,5,60,300,Sí
2025-01-07,Vitoria,Publicidad,Pantalones,Montaña,40,Verde,1,90,90,Sí
2025-01-03,Bilbao,Rebajas,Jerseys,Chaqueta de Lana,XL,Negro,4,130,520,No
2025-01-15,Vitoria,Publicidad,Pantalones,Montaña,42,Azul,3,90,270,Sí
2025-01-27,Pamplona,Rebajas,Calzado,Sandalias,S,Verde,4,40,160,Sí
2025-01-02,Bilbao,Publicidad,Calzado,Zapatillas,42,Negro,1,75,75,Sí
2025-01-01,Vitoria,Rebajas,Jerseys,Forro Polar,L,Blanco,4,80,320,No
2025-01-14,Pamplona,Publicidad,Sportwear,Camisetas,42,Rojo,2,30,60,No
2025-01-19,Vitoria,Publicidad,Pantalones,Montaña,S,Rojo,5,90,450,Sí
2025-01-16,Donostia,Publicidad,Chaquetas,Anorak,44,Rojo,1,120,120,Sí
2025-01-05,Vitoria,Publicidad,Chaquetas,Anorak,XL,Blanco,1,120,120,Sí
2025-01-05,Bilbao,Rebajas,Pantalones,Montaña,M,Gris,1,90,90,Sí
2025-01-13,Pamplona,Publicidad,Chaquetas,Anorak,XL,Gris,4,120,480,No
2025-01-05,Bilbao,Rebajas,Jerseys,Chaqueta de Lana,M,Rojo,1,130,130,No
2025-01-05,Donostia,Rebajas,Calzado,Botas,L,Verde,1,110,110,Sí
2025-01-11,Bilbao,Publicidad,Sportwear,Térmica,42,Negro,5,55,275,No
2025-01-06,Donostia,Publicidad,Jerseys,Forro Polar,38,Verde,3,80,240,Sí
2025-01-27,Donostia,Rebajas,Calzado,Sandalias,42,Negro,4,40,160,Sí
2025-01-03,Bilbao,Rebajas,Chaquetas,Anorak,40,Blanco,2,120,240,No
2025-01-26,Donostia,Publicidad,Sportwear,Mallas,40,Rojo,2,45,90,No
2025-01-06,Pamplona,Rebajas,Jerseys,Chaqueta de Lana,XL,Gris,4,130,520,No
2025-01-02,Vitoria,Rebajas,Calzado,Zapatillas,XL,Azul,3,75,225,Sí
2025-01-15,Bilbao,Rebajas,Calzado,Sandalias,M,Gris,3,40,120,Sí
2025-01-17,Bilbao,Publicidad,Calzado,Sandalias,M,Negro,2,40,80,No
2025-01-15,Vitoria,Publicidad,Sportwear,Mallas,M,Gris,3,45,135,Sí
2025-01-25,Pamplona,Publicidad,Sportwear,Camisetas,L,Verde,3,30,90,Sí
2025-01-15,Donostia,Publicidad,Calzado,Botas,42,Blanco,4,110,440,No
2025-01-20,Vitoria,Publicidad,Pantalones,Montaña,M,Blanco,2,90,180,No
2025-01-24,Pamplona,Publicidad,Sportwear,Camisetas,S,Azul,5,30,150,Sí
2025-01-23,Bilbao,Publicidad,Pantalones,Chándal,44,Blanco,5,60,300,Sí
2025-01-14,Bilbao,Publicidad,Chaquetas,Plumífero,L,Negro,2,150,300,No
2025-01-06,Pamplona,Publicidad,Calzado,Zapatillas,38,Negro,2,75,150,No
2025-01-19,Bilbao,Publicidad,Chaquetas,Anorak,38,Verde,2,120,240,Sí
2025-01-05,Bilbao,Publicidad,Chaquetas,Plumífero,M,Azul,4,150,600,Sí
2025-01-07,Bilbao,Publicidad,Sportwear,Mallas,XL,Verde,3,45,135,No
2025-01-20,Pamplona,Rebajas,Calzado,Botas,42,Negro,3,110,330,Sí
2025-01-03,Pamplona,Publicidad,Pantalones,Chándal,44,Blanco,2,60,120,Sí
2025-01-24,Vitoria,Publicidad,Jerseys,Chaqueta de Lana,L,Negro,3,130,390,No
2025-01-28,Donostia,Rebajas,Pantalones,Montaña,38,Gris,1,90,90,Sí
2025-01-13,Bilbao,Publicidad,Calzado,Botas,44,Gris,2,110,220,No
2025-01-01,Vitoria,Publicidad,Pantalones,Chándal,L,Negro,3,60,180,No
2025-01-12,Pamplona,Publicidad,Sportwear,Camisetas,44,Verde,1,30,30,No
2025-01-08,Bilbao,Publicidad,Sportwear,Camisetas,XL,Rojo,2,30,60,No
2025-01-19,Donostia,Rebajas,Calzado,Botas,40,Rojo,5,110,550,Sí
2025-01-18,Bilbao,Rebajas,Pantalones,Chándal,44,Azul,3,60,180,Sí
2025-01-19,Bilbao,Rebajas,Chaquetas,Anorak,42,Negro,1,120,120,Sí
2025-01-18,Bilbao,Rebajas,Jerseys,Forro Polar,S,Negro,4,80,320,Sí
2025-01-16,Pamplona,Publicidad,Sportwear,Camisetas,40,Gris,5,30,150,No
2025-01-06,Vitoria,Publicidad,Jerseys,Chaqueta de Lana,40,Rojo,3,130,390,No
2025-01-15,Bilbao,Rebajas,Chaquetas,Plumífero,42,Gris,3,150,450,Sí
2025-01-21,Vitoria,Publicidad,Pantalones,Chándal,M,Blanco,1,60,60,No
2025-01-06,Vitoria,Rebajas,Pantalones,Montaña,42,Rojo,1,90,90,No
2025-01-13,Vitoria,Rebajas,Sportwear,Térmica,XL,Gris,5,55,275,Sí
2025-01-25,Pamplona,Publicidad,Chaquetas,Anorak,L,Azul,4,120,480,Sí
2025-01-11,Pamplona,Publicidad,Calzado,Sandalias,S,Verde,5,40,200,Sí
2025-01-28,Vitoria,Publicidad,Sportwear,Mallas,40,Rojo,4,45,180,Sí
2025-01-22,Pamplona,Publicidad,Calzado,Botas,42,Azul,4,110,440,Sí
2025-01-12,Pamplona,Rebajas,Calzado,Zapatillas,XL,Verde,1,75,75,No
2025-01-03,Donostia,Publicidad,Sportwear,Térmica,M,Blanco,3,55,165,No
2025-01-22,Pamplona,Publicidad,Sportwear,Mallas,40,Rojo,4,45,180,No
2025-01-27,Pamplona,Publicidad,Pantalones,Chándal,38,Gris,5,60,300,Sí
2025-01-08,Pamplona,Rebajas,Calzado,Zapatillas,40,Negro,2,75,150,No
2025-01-07,Donostia,Rebajas,Chaquetas,Plumífero,44,Verde,1,150,150,Sí
2025-01-25,Bilbao,Rebajas,Pantalones,Montaña,44,Gris,1,90,90,No
2025-01-02,Bilbao,Rebajas,Sportwear,Térmica,S,Blanco,5,55,275,Sí
2025-01-18,Vitoria,Rebajas,Jerseys,Forro Polar,40,Negro,5,80,400,No
2025-01-04,Donostia,Publicidad,Jerseys,Forro Polar,42,Negro,3,80,240,Sí
2025-01-24,Bilbao,Publicidad,Calzado,Sandalias,42,Verde,3,40,120,No
2025-01-20,Pamplona,Rebajas,Jerseys,Forro Polar,42,Azul,5,80,400,Sí
2025-01-02,Vitoria,Rebajas,Pantalones,Montaña,L,Gris,4,90,360,No
2025-01-26,Bilbao,Rebajas,Sportwear,Mallas,M,Verde,1,45,45,No
2025-01-28,Donostia,Rebajas,Chaquetas,Anorak,40,Gris,1,120,120,No
2025-01-07,Donostia,Rebajas,Calzado,Zapatillas,42,Rojo,4,75,300,No
2025-01-16,Pamplona,Publicidad,Chaquetas,Plumífero,38,Azul,4,150,600,Sí
2025-01-20,Donostia,Rebajas,Pantalones,Chándal,38,Verde,1,60,60,No
2025-01-25,Donostia,Publicidad,Chaquetas,Anorak,XL,Gris,2,120,240,No
2025-01-13,Bilbao,Rebajas,Jerseys,Chaqueta de Lana,XL,Blanco,4,130,520,No
2025-01-26,Vitoria,Rebajas,Pantalones,Montaña,42,Rojo,4,90,360,Sí
2025-01-17,Vitoria,Publicidad,Sportwear,Térmica,44,Azul,4,55,220,No
2025-01-11,Vitoria,Rebajas,Calzado,Sandalias,40,Azul,5,40,200,Sí
2025-01-26,Donostia,Publicidad,Sportwear,Térmica,XL,Azul,3,55,165,No
2025-01-09,Pamplona,Rebajas,Sportwear,Térmica,44,Negro,5,55,275,No
2025-01-03,Bilbao,Rebajas,Sportwear,Camisetas,M,Verde,2,30,60,No
2025-01-24,Vitoria,Rebajas,Pantalones,Chándal,42,Azul,4,60,240,Sí
2025-01-26,Donostia,Rebajas,Jerseys,Forro Polar,S,Azul,1,80,80,Sí
2025-01-24,Vitoria,Rebajas,Calzado,Sandalias,L,Blanco,3,40,120,Sí
2025-01-22,Vitoria,Publicidad,Chaquetas,Plumífero,S,Rojo,2,150,300,No
2025-01-14,Vitoria,Rebajas,Pantalones,Montaña,L,Gris,5,90,450,Sí
2025-01-08,Vitoria,Publicidad,Chaquetas,Anorak,S,Negro,3,120,360,No
2025-01-08,Bilbao,Publicidad,Calzado,Botas,44,Gris,3,110,330,No
2025-01-03,Bilbao,Rebajas,Sportwear,Mallas,38,Negro,2,45,90,Sí
2025-01-22,Pamplona,Rebajas,Calzado,Zapatillas,44,Rojo,2,75,150,No
2025-01-14,Pamplona,Publicidad,Calzado,Zapatillas,S,Rojo,3,75,225,Sí
2025-01-20,Bilbao,Rebajas,Pantalones,Chándal,XL,Verde,3,60,180,No
2025-01-11,Vitoria,Rebajas,Calzado,Botas,L,Azul,2,110,220,No
2025-01-18,Bilbao,Rebajas,Calzado,Botas,38,Verde,1,110,110,Sí
2025-01-24,Vitoria,Publicidad,Sportwear,Mallas,L,Azul,4,45,180,No
2025-01-19,Pamplona,Rebajas,Calzado,Sandalias,38,Rojo,3,40,120,Sí
2025-01-17,Donostia,Publicidad,Calzado,Zapatillas,M,Blanco,5,75,375,Sí
2025-01-20,Donostia,Publicidad,Chaquetas,Anorak,42,Blanco,4,120,480,Sí
2025-01-12,Pamplona,Rebajas,Calzado,Botas,M,Azul,2,110,220,No
2025-01-26,Donostia,Publicidad,Calzado,Zapatillas,44,Gris,3,75,225,Sí
2025-01-12,Vitoria,Publicidad,Sportwear,Mallas,S,Verde,1,45,45,Sí
2025-01-07,Pamplona,Publicidad,Sportwear,Térmica,XL,Azul,2,55,110,No
2025-01-14,Bilbao,Rebajas,Calzado,Botas,38,Gris,5,110,550,Sí
2025-01-11,Vitoria,Publicidad,Chaquetas,Anorak,M,Azul,3,120,360,No
2025-01-13,Donostia,Rebajas,Calzado,Botas,40,Gris,2,110,220,Sí
2025-01-02,Donostia,Rebajas,Sportwear,Térmica,XL,Azul,1,55,55,Sí
2025-01-13,Donostia,Publicidad,Chaquetas,Anorak,38,Gris,2,120,240,No
